game_id,season,week,team,opp,points,implied,spread,qb_rush,rush_in5,rush_far,pass_ez,pass_rz,pass_far,dst_other,tds,off_tds,dst
2025_01_ARI_NO,2025,1,ARI,NO,20.0,25.25,6.0,0,0,0,1,1,0,0,2,2,0
2025_01_ARI_NO,2025,1,NO,ARI,13.0,19.25,-6.0,0,0,1,0,0,0,0,1,1,0
2025_01_BAL_BUF,2025,1,BAL,BUF,40.0,26.0,1.5,1,0,2,0,0,2,0,5,5,0
2025_01_BAL_BUF,2025,1,BUF,BAL,41.0,24.5,-1.5,2,1,0,2,0,0,0,5,5,0
2025_01_CAR_JAX,2025,1,CAR,JAX,10.0,20.5,-4.5,0,0,0,0,0,1,0,1,1,0
2025_01_CAR_JAX,2025,1,JAX,CAR,26.0,25.0,4.5,0,0,1,1,0,0,0,2,2,0
2025_01_CIN_CLE,2025,1,CIN,CLE,17.0,26.5,5.5,0,1,0,1,0,0,0,2,2,0
2025_01_CIN_CLE,2025,1,CLE,CIN,16.0,21.0,-5.5,0,1,0,1,0,0,0,2,2,0
2025_01_DAL_PHI,2025,1,DAL,PHI,20.0,19.5,-8.5,0,2,0,0,0,0,0,2,2,0
2025_01_DAL_PHI,2025,1,PHI,DAL,24.0,28.0,8.5,2,0,1,0,0,0,0,3,3,0
2025_01_DET_GB,2025,1,DET,GB,13.0,23.5,-1.5,0,0,0,1,0,0,0,1,1,0
2025_01_DET_GB,2025,1,GB,DET,27.0,25.0,1.5,0,1,0,2,0,0,0,3,3,0
2025_01_HOU_LA,2025,1,HOU,LA,9.0,20.0,-3.5,0,0,0,0,0,0,0,0,0,0
2025_01_HOU_LA,2025,1,LA,HOU,14.0,23.5,3.5,0,1,0,1,0,0,0,2,2,0
2025_01_KC_LAC,2025,1,KC,LAC,21.0,25.25,3.0,1,0,0,0,0,1,0,2,2,0
2025_01_KC_LAC,2025,1,LAC,KC,27.0,22.25,-3.0,0,0,0,2,0,1,0,3,3,0
2025_01_LV_NE,2025,1,LV,NE,20.0,21.0,-2.5,0,1,0,0,0,1,0,2,2,0
2025_01_LV_NE,2025,1,NE,LV,13.0,23.5,2.5,0,0,0,1,0,0,0,1,1,0
2025_01_MIA_IND,2025,1,IND,MIA,33.0,24.5,1.5,2,0,0,0,0,1,0,3,3,0
2025_01_MIA_IND,2025,1,MIA,IND,8.0,23.0,-1.5,0,0,0,0,1,0,0,1,1,0
2025_01_MIN_CHI,2025,1,CHI,MIN,24.0,21.0,-1.5,1,0,0,1,0,0,1,3,2,1
2025_01_MIN_CHI,2025,1,MIN,CHI,27.0,22.5,1.5,1,0,0,1,0,1,0,3,3,0
2025_01_NYG_WAS,2025,1,NYG,WAS,6.0,19.75,-6.0,0,0,0,0,0,0,0,0,0,0
2025_01_NYG_WAS,2025,1,WAS,NYG,21.0,25.75,6.0,0,0,2,0,1,0,0,3,3,0
2025_01_PIT_NYJ,2025,1,NYJ,PIT,32.0,17.25,-3.0,2,0,1,0,0,1,0,4,4,0
2025_01_PIT_NYJ,2025,1,PIT,NYJ,34.0,20.25,3.0,0,0,0,1,2,1,0,4,4,0
2025_01_SF_SEA,2025,1,SEA,SF,13.0,20.5,-2.5,0,1,0,0,0,0,0,1,1,0
2025_01_SF_SEA,2025,1,SF,SEA,17.0,23.0,2.5,0,0,0,1,1,0,0,2,2,0
2025_01_TB_ATL,2025,1,ATL,TB,20.0,23.0,-1.5,1,0,0,0,0,1,0,2,2,0
2025_01_TB_ATL,2025,1,TB,ATL,23.0,24.5,1.5,0,0,0,0,1,2,0,3,3,0
2025_01_TEN_DEN,2025,1,DEN,TEN,20.0,25.5,8.5,0,0,1,0,0,1,0,2,2,0
2025_01_TEN_DEN,2025,1,TEN,DEN,12.0,17.0,-8.5,0,0,0,0,0,0,0,0,0,0
2025_02_ATL_MIN,2025,2,ATL,MIN,22.0,20.5,-3.5,0,1,0,0,0,0,0,1,1,0
2025_02_ATL_MIN,2025,2,MIN,ATL,6.0,24.0,3.5,0,0,0,0,0,0,0,0,0,0
2025_02_BUF_NYJ,2025,2,BUF,NYJ,30.0,26.75,6.0,0,2,1,0,0,0,0,3,3,0
2025_02_BUF_NYJ,2025,2,NYJ,BUF,10.0,20.75,-6.0,0,0,0,1,0,0,0,1,1,0
2025_02_CAR_ARI,2025,2,ARI,CAR,27.0,26.25,7.0,0,1,0,1,0,0,1,3,2,1
2025_02_CAR_ARI,2025,2,CAR,ARI,22.0,19.25,-7.0,0,0,0,2,1,0,0,3,3,0
2025_02_CHI_DET,2025,2,CHI,DET,21.0,20.25,-6.0,0,1,0,1,0,1,0,3,3,0
2025_02_CHI_DET,2025,2,DET,CHI,52.0,26.25,6.0,0,1,1,2,2,1,0,7,7,0
2025_02_CLE_BAL,2025,2,BAL,CLE,41.0,29.5,12.5,0,0,0,2,0,2,1,5,4,1
2025_02_CLE_BAL,2025,2,CLE,BAL,17.0,17.0,-12.5,0,0,0,2,0,0,0,2,2,0
2025_02_DEN_IND,2025,2,DEN,IND,28.0,23.0,2.5,0,1,0,1,1,1,0,4,4,0
2025_02_DEN_IND,2025,2,IND,DEN,29.0,20.5,-2.5,1,0,0,0,1,0,0,2,2,0
2025_02_JAX_CIN,2025,2,CIN,JAX,31.0,26.5,3.5,1,0,0,2,0,1,0,4,4,0
2025_02_JAX_CIN,2025,2,JAX,CIN,27.0,23.0,-3.5,0,0,0,1,2,0,0,3,3,0
2025_02_LAC_LV,2025,2,LAC,LV,20.0,25.0,3.5,0,0,0,1,0,1,0,2,2,0
2025_02_LAC_LV,2025,2,LV,LAC,9.0,21.5,-3.5,0,0,0,0,0,0,0,0,0,0
2025_02_LA_TEN,2025,2,LA,TEN,33.0,23.5,5.5,0,1,1,1,1,0,0,4,4,0
2025_02_LA_TEN,2025,2,TEN,LA,19.0,18.0,-5.5,0,0,0,1,0,0,0,1,1,0
2025_02_NE_MIA,2025,2,MIA,NE,27.0,22.5,1.5,0,0,0,1,0,1,1,3,2,1
2025_02_NE_MIA,2025,2,NE,MIA,33.0,21.0,-1.5,1,0,0,2,0,0,1,4,3,1
2025_02_NYG_DAL,2025,2,DAL,NYG,40.0,24.5,4.5,0,1,1,2,0,0,0,4,4,0
2025_02_NYG_DAL,2025,2,NYG,DAL,37.0,20.0,-4.5,0,1,0,0,0,3,0,4,4,0
2025_02_PHI_KC,2025,2,KC,PHI,17.0,22.5,-1.5,1,0,0,0,0,1,0,2,2,0
2025_02_PHI_KC,2025,2,PHI,KC,20.0,24.0,1.5,1,0,1,0,0,0,0,2,2,0
2025_02_SEA_PIT,2025,2,PIT,SEA,17.0,22.0,3.5,0,0,0,1,0,0,0,1,1,0
2025_02_SEA_PIT,2025,2,SEA,PIT,31.0,18.5,-3.5,0,0,1,0,1,1,1,4,3,1
2025_02_SF_NO,2025,2,NO,SF,21.0,18.75,-3.0,0,0,0,2,1,0,0,3,3,0
2025_02_SF_NO,2025,2,SF,NO,26.0,21.75,3.0,0,0,0,1,1,1,0,3,3,0
2025_02_TB_HOU,2025,2,HOU,TB,19.0,22.5,2.5,0,0,1,0,0,1,0,2,2,0
2025_02_TB_HOU,2025,2,TB,HOU,20.0,20.0,-2.5,0,1,0,1,1,0,0,3,3,0
2025_02_WAS_GB,2025,2,GB,WAS,27.0,26.0,3.5,0,1,0,2,0,0,0,3,3,0
2025_02_WAS_GB,2025,2,WAS,GB,18.0,22.5,-3.5,0,0,0,0,2,0,0,2,2,0
2025_03_ARI_SF,2025,3,ARI,SF,15.0,21.5,-1.5,0,0,0,1,0,0,0,1,1,0
2025_03_ARI_SF,2025,3,SF,ARI,16.0,23.0,1.5,0,0,0,1,0,0,0,1,1,0
2025_03_ATL_CAR,2025,3,ATL,CAR,0.0,25.0,5.5,0,0,0,0,0,0,0,0,0,0
2025_03_ATL_CAR,2025,3,CAR,ATL,30.0,19.5,-5.5,1,1,0,0,0,0,1,3,2,1
2025_03_CIN_MIN,2025,3,CIN,MIN,10.0,19.25,-3.0,0,0,0,0,1,0,0,1,1,0
2025_03_CIN_MIN,2025,3,MIN,CIN,48.0,22.25,3.0,0,2,0,1,1,0,2,6,4,2
2025_03_DAL_CHI,2025,3,CHI,DAL,31.0,24.0,-1.5,0,0,0,2,0,2,0,4,4,0
2025_03_DAL_CHI,2025,3,DAL,CHI,14.0,25.5,1.5,0,0,0,1,0,0,0,1,1,0
2025_03_DEN_LAC,2025,3,DEN,LAC,20.0,21.5,-2.5,0,0,1,0,0,1,0,2,2,0
2025_03_DEN_LAC,2025,3,LAC,DEN,23.0,24.0,2.5,0,1,0,1,0,0,0,2,2,0
2025_03_DET_BAL,2025,3,BAL,DET,30.0,29.0,4.5,0,0,1,2,0,1,0,4,4,0
2025_03_DET_BAL,2025,3,DET,BAL,38.0,24.5,-4.5,0,3,1,1,0,0,0,5,5,0
2025_03_GB_CLE,2025,3,CLE,GB,13.0,16.5,-8.5,0,1,0,0,0,0,0,1,1,0
2025_03_GB_CLE,2025,3,GB,CLE,10.0,25.0,8.5,0,0,0,1,0,0,0,1,1,0
2025_03_HOU_JAX,2025,3,HOU,JAX,10.0,21.0,-1.5,0,0,0,0,0,1,0,1,1,0
2025_03_HOU_JAX,2025,3,JAX,HOU,17.0,22.5,1.5,0,1,1,0,0,0,0,2,2,0
2025_03_IND_TEN,2025,3,IND,TEN,41.0,24.75,6.0,0,2,1,0,1,0,1,5,4,1
2025_03_IND_TEN,2025,3,TEN,IND,20.0,18.75,-6.0,0,1,0,1,0,0,0,2,2,0
2025_03_KC_NYG,2025,3,KC,NYG,22.0,25.25,6.0,0,1,0,1,0,0,0,2,2,0
2025_03_KC_NYG,2025,3,NYG,KC,9.0,19.25,-6.0,0,0,1,0,0,0,0,1,1,0
2025_03_LA_PHI,2025,3,LA,PHI,26.0,21.0,-3.5,0,0,0,0,1,1,0,2,2,0
2025_03_LA_PHI,2025,3,PHI,LA,33.0,24.5,3.5,1,0,0,2,0,1,1,5,4,1
2025_03_LV_WAS,2025,3,LV,WAS,24.0,20.5,-2.5,0,0,0,1,1,1,0,3,3,0
2025_03_LV_WAS,2025,3,WAS,LV,41.0,23.0,2.5,1,1,1,0,0,1,1,5,4,1
2025_03_MIA_BUF,2025,3,BUF,MIA,31.0,31.5,12.5,0,1,0,1,2,0,0,4,4,0
2025_03_MIA_BUF,2025,3,MIA,BUF,21.0,19.0,-12.5,0,1,0,2,0,0,0,3,3,0
2025_03_NO_SEA,2025,3,NO,SEA,13.0,17.0,-7.5,0,0,0,1,0,0,0,1,1,0
2025_03_NO_SEA,2025,3,SEA,NO,44.0,24.5,7.5,0,2,0,1,1,0,1,5,4,1
2025_03_NYJ_TB,2025,3,NYJ,TB,27.0,18.5,-6.5,0,0,0,1,1,0,1,3,2,1
2025_03_NYJ_TB,2025,3,TB,NYJ,29.0,25.0,6.5,0,0,0,1,0,0,1,2,1,1
2025_03_PIT_NE,2025,3,NE,PIT,14.0,21.5,-1.5,0,0,0,1,1,0,0,2,2,0
2025_03_PIT_NE,2025,3,PIT,NE,21.0,23.0,1.5,0,1,0,2,0,0,0,3,3,0
2025_04_BAL_KC,2025,4,BAL,KC,20.0,25.5,2.5,0,0,1,0,1,0,0,2,2,0
2025_04_BAL_KC,2025,4,KC,BAL,37.0,23.0,-2.5,0,0,0,3,1,0,0,4,4,0
2025_04_CAR_NE,2025,4,CAR,NE,13.0,18.5,-5.5,0,0,0,2,0,0,0,2,2,0
2025_04_CAR_NE,2025,4,NE,CAR,42.0,24.0,5.5,1,2,0,1,0,1,1,6,5,1
2025_04_CHI_LV,2025,4,CHI,LV,25.0,23.0,-1.5,0,1,0,0,0,1,0,2,2,0
2025_04_CHI_LV,2025,4,LV,CHI,24.0,24.5,1.5,0,0,1,0,2,0,0,3,3,0
2025_04_CIN_DEN,2025,4,CIN,DEN,3.0,18.5,-7.5,0,0,0,0,0,0,0,0,0,0
2025_04_CIN_DEN,2025,4,DEN,CIN,28.0,26.0,7.5,1,0,1,1,1,0,0,4,4,0
2025_04_CLE_DET,2025,4,CLE,DET,10.0,17.25,-10.0,0,1,0,0,0,0,0,1,1,0
2025_04_CLE_DET,2025,4,DET,CLE,34.0,27.25,10.0,0,0,1,0,2,0,1,4,3,1
2025_04_GB_DAL,2025,4,DAL,GB,40.0,20.25,-7.0,1,1,0,2,0,1,0,5,5,0
2025_04_GB_DAL,2025,4,GB,DAL,40.0,27.25,7.0,0,1,1,3,0,0,0,5,5,0
2025_04_IND_LA,2025,4,IND,LA,20.0,23.0,-3.5,0,1,0,1,0,0,0,2,2,0
2025_04_IND_LA,2025,4,LA,IND,27.0,26.5,3.5,0,0,0,1,1,1,0,3,3,0
2025_04_JAX_SF,2025,4,JAX,SF,26.0,21.0,-3.5,0,0,1,1,0,0,1,3,2,1
2025_04_JAX_SF,2025,4,SF,JAX,21.0,24.5,3.5,0,0,0,0,1,1,0,2,2,0
2025_04_LAC_NYG,2025,4,LAC,NYG,18.0,24.75,6.0,0,0,1,0,0,1,0,2,2,0
2025_04_LAC_NYG,2025,4,NYG,LAC,21.0,18.75,-6.0,1,0,0,0,1,0,0,2,2,0
2025_04_MIN_PIT,2025,4,MIN,PIT,21.0,22.0,2.5,0,0,0,1,1,0,0,2,2,0
2025_04_MIN_PIT,2025,4,PIT,MIN,24.0,19.5,-2.5,0,2,0,0,0,1,0,3,3,0
2025_04_NO_BUF,2025,4,BUF,NO,31.0,32.0,15.5,1,1,0,0,0,2,0,4,4,0
2025_04_NO_BUF,2025,4,NO,BUF,19.0,16.5,-15.5,0,0,1,1,0,0,0,2,2,0
2025_04_NYJ_MIA,2025,4,MIA,NYJ,27.0,23.5,2.5,0,0,1,2,0,0,0,3,3,0
2025_04_NYJ_MIA,2025,4,NYJ,MIA,21.0,21.0,-2.5,1,0,0,0,0,1,0,2,2,0
2025_04_PHI_TB,2025,4,PHI,TB,31.0,24.0,3.5,0,0,1,0,2,0,1,4,3,1
2025_04_PHI_TB,2025,4,TB,PHI,25.0,20.5,-3.5,0,0,0,0,0,2,0,2,2,0
2025_04_SEA_ARI,2025,4,ARI,SEA,20.0,21.0,-1.5,0,0,0,1,1,0,0,2,2,0
2025_04_SEA_ARI,2025,4,SEA,ARI,23.0,22.5,1.5,0,1,0,0,1,0,0,2,2,0
2025_04_TEN_HOU,2025,4,HOU,TEN,26.0,23.5,7.5,0,0,1,0,1,1,0,3,3,0
2025_04_TEN_HOU,2025,4,TEN,HOU,0.0,16.0,-7.5,0,0,0,0,0,0,0,0,0,0
2025_04_WAS_ATL,2025,4,ATL,WAS,34.0,23.0,2.5,0,0,2,1,1,0,0,4,4,0
2025_04_WAS_ATL,2025,4,WAS,ATL,27.0,20.5,-2.5,0,0,0,1,0,1,0,2,2,0
2025_05_DAL_NYJ,2025,5,DAL,NYJ,37.0,23.5,-1.5,0,1,0,1,1,2,0,5,5,0
2025_05_DAL_NYJ,2025,5,NYJ,DAL,22.0,25.0,1.5,0,0,0,1,1,0,0,2,2,0
2025_05_DEN_PHI,2025,5,DEN,PHI,21.0,20.5,-3.5,0,1,0,0,1,0,0,2,2,0
2025_05_DEN_PHI,2025,5,PHI,DEN,17.0,24.0,3.5,0,0,0,1,0,1,0,2,2,0
2025_05_DET_CIN,2025,5,CIN,DET,24.0,19.5,-10.5,0,0,0,2,0,1,0,3,3,0
2025_05_DET_CIN,2025,5,DET,CIN,37.0,30.0,10.5,0,0,1,2,2,0,0,5,5,0
2025_05_HOU_BAL,2025,5,BAL,HOU,10.0,19.5,-2.5,0,1,0,0,0,0,0,1,1,0
2025_05_HOU_BAL,2025,5,HOU,BAL,44.0,22.0,2.5,0,0,1,2,2,0,0,5,5,0
2025_05_KC_JAX,2025,5,JAX,KC,31.0,21.0,-3.5,2,0,0,1,0,0,1,4,3,1
2025_05_KC_JAX,2025,5,KC,JAX,28.0,24.5,3.5,1,2,0,0,1,0,0,4,4,0
2025_05_LV_IND,2025,5,IND,LV,40.0,26.75,7.0,0,3,1,1,1,0,0,6,6,0
2025_05_LV_IND,2025,5,LV,IND,6.0,19.75,-7.0,0,0,0,0,0,0,0,0,0,0
2025_05_MIA_CAR,2025,5,CAR,MIA,27.0,21.5,-1.5,0,1,0,1,1,0,0,3,3,0
2025_05_MIA_CAR,2025,5,MIA,CAR,24.0,23.0,1.5,0,0,0,2,0,1,0,3,3,0
2025_05_MIN_CLE,2025,5,CLE,MIN,17.0,16.0,-3.5,0,0,0,2,0,0,0,2,2,0
2025_05_MIN_CLE,2025,5,MIN,CLE,21.0,19.5,3.5,0,1,0,1,0,1,0,3,3,0
2025_05_NE_BUF,2025,5,BUF,NE,20.0,28.5,7.5,0,0,0,1,1,0,0,2,2,0
2025_05_NE_BUF,2025,5,NE,BUF,23.0,21.0,-7.5,0,1,1,0,0,0,0,2,2,0
2025_05_NYG_NO,2025,5,NO,NYG,26.0,21.5,1.5,0,0,0,0,0,1,1,2,1,1
2025_05_NYG_NO,2025,5,NYG,NO,14.0,20.0,-1.5,0,0,0,2,0,0,0,2,2,0
2025_05_SF_LA,2025,5,LA,SF,23.0,26.0,8.5,0,0,0,1,2,0,0,3,3,0
2025_05_SF_LA,2025,5,SF,LA,26.0,17.5,-8.5,0,0,0,2,0,0,0,2,2,0
2025_05_TB_SEA,2025,5,SEA,TB,35.0,24.0,3.5,0,1,0,2,1,1,0,5,5,0
2025_05_TB_SEA,2025,5,TB,SEA,38.0,20.5,-3.5,0,1,1,2,0,0,0,4,4,0
2025_05_TEN_ARI,2025,5,ARI,TEN,21.0,24.5,7.5,1,2,0,0,0,0,0,3,3,0
2025_05_TEN_ARI,2025,5,TEN,ARI,22.0,17.0,-7.5,0,1,0,0,0,0,1,2,1,1
2025_05_WAS_LAC,2025,5,LAC,WAS,10.0,25.0,2.5,0,0,0,1,0,0,0,1,1,0
2025_05_WAS_LAC,2025,5,WAS,LAC,27.0,22.5,-2.5,0,1,1,1,0,0,0,3,3,0
2025_06_ARI_IND,2025,6,ARI,IND,27.0,19.0,-8.5,0,1,0,1,1,0,0,3,3,0
2025_06_ARI_IND,2025,6,IND,ARI,31.0,27.5,8.5,1,1,0,1,1,0,0,4,4,0
2025_06_BUF_ATL,2025,6,ATL,BUF,24.0,23.0,-3.5,0,0,2,0,1,0,0,3,3,0
2025_06_BUF_ATL,2025,6,BUF,ATL,14.0,26.5,3.5,0,0,0,1,1,0,0,2,2,0
2025_06_CHI_WAS,2025,6,CHI,WAS,25.0,22.0,-5.5,1,0,0,0,0,1,0,2,2,0
2025_06_CHI_WAS,2025,6,WAS,CHI,24.0,27.5,5.5,0,0,0,1,0,2,0,3,3,0
2025_06_CIN_GB,2025,6,CIN,GB,18.0,15.25,-14.0,0,0,0,1,1,0,0,2,2,0
2025_06_CIN_GB,2025,6,GB,CIN,27.0,29.25,14.0,0,1,1,0,1,0,0,3,3,0
2025_06_CLE_PIT,2025,6,CLE,PIT,9.0,16.0,-5.5,0,0,0,0,0,0,0,0,0,0
2025_06_CLE_PIT,2025,6,PIT,CLE,23.0,21.5,5.5,0,0,0,1,0,1,0,2,2,0
2025_06_DAL_CAR,2025,6,CAR,DAL,30.0,22.25,-3.0,0,0,0,2,0,1,0,3,3,0
2025_06_DAL_CAR,2025,6,DAL,CAR,27.0,25.25,3.0,0,0,0,1,1,1,0,3,3,0
2025_06_DEN_NYJ,2025,6,DEN,NYJ,13.0,25.5,7.5,0,0,0,0,1,0,0,1,1,0
2025_06_DEN_NYJ,2025,6,NYJ,DEN,11.0,18.0,-7.5,0,0,0,0,0,0,0,0,0,0
2025_06_DET_KC,2025,6,DET,KC,17.0,24.5,-2.5,0,0,0,1,0,1,0,2,2,0
2025_06_DET_KC,2025,6,KC,DET,30.0,27.0,2.5,1,0,0,1,2,0,0,4,4,0
2025_06_LAC_MIA,2025,6,LAC,MIA,29.0,24.5,3.5,0,0,0,1,1,0,0,2,2,0
2025_06_LAC_MIA,2025,6,MIA,LAC,27.0,21.0,-3.5,0,1,1,1,0,0,0,3,3,0
2025_06_LA_BAL,2025,6,BAL,LA,3.0,18.25,-7.0,0,0,0,0,0,0,0,0,0,0
2025_06_LA_BAL,2025,6,LA,BAL,17.0,25.25,7.0,0,1,0,0,1,0,0,2,2,0
2025_06_NE_NO,2025,6,NE,NO,25.0,25.0,3.5,0,0,0,0,0,3,0,3,3,0
2025_06_NE_NO,2025,6,NO,NE,19.0,21.5,-3.5,0,1,0,0,0,0,0,1,1,0
2025_06_PHI_NYG,2025,6,NYG,PHI,34.0,16.75,-7.0,1,3,0,0,0,1,0,5,5,0
2025_06_PHI_NYG,2025,6,PHI,NYG,17.0,23.75,7.0,1,0,0,0,1,0,0,2,2,0
2025_06_SEA_JAX,2025,6,JAX,SEA,12.0,23.0,-1.5,0,0,0,0,0,2,0,2,2,0
2025_06_SEA_JAX,2025,6,SEA,JAX,20.0,24.5,1.5,0,0,0,1,0,1,0,2,2,0
2025_06_SF_TB,2025,6,SF,TB,19.0,21.5,-3.5,0,1,0,0,0,0,0,1,1,0
2025_06_SF_TB,2025,6,TB,SF,30.0,25.0,3.5,0,1,1,0,0,2,0,4,4,0
2025_06_TEN_LV,2025,6,LV,TEN,20.0,22.5,3.5,0,1,0,0,1,0,0,2,2,0
2025_06_TEN_LV,2025,6,TEN,LV,10.0,19.0,-3.5,0,0,0,1,0,0,0,1,1,0
2025_07_ATL_SF,2025,7,ATL,SF,10.0,22.5,-1.5,0,0,0,0,1,0,0,1,1,0
2025_07_ATL_SF,2025,7,SF,ATL,20.0,24.0,1.5,0,2,0,0,0,0,0,2,2,0
2025_07_CAR_NYJ,2025,7,CAR,NYJ,13.0,19.0,-1.5,0,0,0,1,0,0,0,1,1,0
2025_07_CAR_NYJ,2025,7,NYJ,CAR,6.0,20.5,1.5,0,0,0,0,0,0,0,0,0,0
2025_07_GB_ARI,2025,7,ARI,GB,23.0,18.75,-7.0,0,0,0,0,2,0,0,2,2,0
2025_07_GB_ARI,2025,7,GB,ARI,27.0,25.75,7.0,0,1,1,0,1,0,0,3,3,0
2025_07_HOU_SEA,2025,7,HOU,SEA,19.0,19.25,-3.0,0,0,0,1,0,0,1,2,1,1
2025_07_HOU_SEA,2025,7,SEA,HOU,27.0,22.25,3.0,0,2,0,1,0,0,0,3,3,0
2025_07_IND_LAC,2025,7,IND,LAC,38.0,23.0,-2.5,0,0,3,1,1,0,0,5,5,0
2025_07_IND_LAC,2025,7,LAC,IND,24.0,25.5,2.5,0,0,0,2,1,0,0,3,3,0
2025_07_LA_JAX,2025,7,JAX,LA,7.0,20.75,-3.0,0,0,0,0,0,1,0,1,1,0
2025_07_LA_JAX,2025,7,LA,JAX,35.0,23.75,3.0,0,0,0,4,0,1,0,5,5,0
2025_07_LV_KC,2025,7,KC,LV,31.0,29.0,13.5,0,0,1,2,1,0,0,4,4,0
2025_07_LV_KC,2025,7,LV,KC,0.0,15.5,-13.5,0,0,0,0,0,0,0,0,0,0
2025_07_MIA_CLE,2025,7,CLE,MIA,31.0,18.5,2.5,0,2,1,0,0,0,1,4,3,1
2025_07_MIA_CLE,2025,7,MIA,CLE,6.0,16.0,-2.5,0,0,0,0,0,0,0,0,0,0
2025_07_NE_TEN,2025,7,NE,TEN,31.0,23.5,6.5,0,1,0,1,0,1,1,4,3,1
2025_07_NE_TEN,2025,7,TEN,NE,13.0,17.0,-6.5,0,0,0,0,0,1,0,1,1,0
2025_07_NO_CHI,2025,7,CHI,NO,26.0,24.0,4.5,0,1,1,0,0,0,0,2,2,0
2025_07_NO_CHI,2025,7,NO,CHI,14.0,19.5,-4.5,0,0,0,1,0,1,0,2,2,0
2025_07_NYG_DEN,2025,7,DEN,NYG,33.0,23.5,7.5,2,0,0,1,1,0,0,4,4,0
2025_07_NYG_DEN,2025,7,NYG,DEN,32.0,16.0,-7.5,1,0,1,0,1,2,0,5,5,0
2025_07_PHI_MIN,2025,7,MIN,PHI,22.0,20.5,-2.5,0,1,0,0,0,0,0,1,1,0
2025_07_PHI_MIN,2025,7,PHI,MIN,28.0,23.0,2.5,0,0,0,0,0,3,1,4,3,1
2025_07_PIT_CIN,2025,7,CIN,PIT,33.0,20.0,-5.5,0,0,0,2,0,1,0,3,3,0
2025_07_PIT_CIN,2025,7,PIT,CIN,31.0,25.5,5.5,0,0,0,3,0,1,0,4,4,0
2025_07_TB_DET,2025,7,DET,TB,24.0,30.25,6.0,0,1,1,0,0,1,0,3,3,0
2025_07_TB_DET,2025,7,TB,DET,9.0,24.25,-6.0,0,0,0,0,0,1,0,1,1,0
2025_07_WAS_DAL,2025,7,DAL,WAS,44.0,28.0,1.5,0,1,0,1,1,1,1,5,4,1
2025_07_WAS_DAL,2025,7,WAS,DAL,22.0,26.5,-1.5,1,1,0,1,0,0,0,3,3,0
2025_08_BUF_CAR,2025,8,BUF,CAR,40.0,27.25,7.0,2,0,2,0,0,1,0,5,5,0
2025_08_BUF_CAR,2025,8,CAR,BUF,9.0,20.25,-7.0,0,1,0,0,0,0,0,1,1,0
2025_08_CHI_BAL,2025,8,BAL,CHI,30.0,24.0,2.5,0,2,0,0,1,0,0,3,3,0
2025_08_CHI_BAL,2025,8,CHI,BAL,16.0,21.5,-2.5,0,1,0,0,0,0,0,1,1,0
2025_08_CLE_NE,2025,8,CLE,NE,13.0,16.75,-7.0,0,0,0,1,1,0,0,2,2,0
2025_08_CLE_NE,2025,8,NE,CLE,32.0,23.75,7.0,0,0,0,0,2,1,0,3,3,0
2025_08_DAL_DEN,2025,8,DAL,DEN,24.0,24.0,-3.5,0,2,0,0,0,1,0,3,3,0
2025_08_DAL_DEN,2025,8,DEN,DAL,44.0,27.5,3.5,0,1,1,1,1,2,0,6,6,0
2025_08_GB_PIT,2025,8,GB,PIT,35.0,24.75,3.0,0,1,0,0,2,1,0,4,4,0
2025_08_GB_PIT,2025,8,PIT,GB,25.0,21.75,-3.0,0,0,0,1,0,1,0,2,2,0
2025_08_MIA_ATL,2025,8,ATL,MIA,10.0,25.75,7.0,0,0,1,0,0,0,0,1,1,0
2025_08_MIA_ATL,2025,8,MIA,ATL,34.0,18.75,-7.0,0,0,0,0,3,1,0,4,4,0
2025_08_MIN_LAC,2025,8,LAC,MIN,37.0,24.25,3.0,0,1,0,2,0,1,0,4,4,0
2025_08_MIN_LAC,2025,8,MIN,LAC,10.0,21.25,-3.0,0,0,0,1,0,0,0,1,1,0
2025_08_NYG_PHI,2025,8,NYG,PHI,20.0,18.25,-7.0,1,0,0,0,1,0,0,2,2,0
2025_08_NYG_PHI,2025,8,PHI,NYG,38.0,25.25,7.0,0,0,1,0,3,1,0,5,5,0
2025_08_NYJ_CIN,2025,8,CIN,NYJ,38.0,24.5,5.5,1,1,1,0,1,1,0,5,5,0
2025_08_NYJ_CIN,2025,8,NYJ,CIN,39.0,19.0,-5.5,0,1,1,2,0,0,0,4,4,0
2025_08_SF_HOU,2025,8,HOU,SF,26.0,22.0,2.5,0,0,0,1,0,1,0,2,2,0
2025_08_SF_HOU,2025,8,SF,HOU,15.0,19.5,-2.5,0,0,0,2,0,0,0,2,2,0
2025_08_TB_NO,2025,8,NO,TB,3.0,21.0,-4.5,0,0,0,0,0,0,0,0,0,0
2025_08_TB_NO,2025,8,TB,NO,23.0,25.5,4.5,0,1,0,0,0,0,1,2,1,1
2025_08_TEN_IND,2025,8,IND,TEN,38.0,31.5,15.5,0,0,2,0,2,1,0,5,5,0
2025_08_TEN_IND,2025,8,TEN,IND,14.0,16.0,-15.5,0,1,0,1,0,0,0,2,2,0
2025_08_WAS_KC,2025,8,KC,WAS,28.0,29.5,10.5,0,1,0,2,1,0,0,4,4,0
2025_08_WAS_KC,2025,8,WAS,KC,7.0,19.0,-10.5,0,0,0,1,0,0,0,1,1,0
2025_09_ARI_DAL,2025,9,ARI,DAL,27.0,25.0,-3.5,1,0,0,2,0,0,0,3,3,0
2025_09_ARI_DAL,2025,9,DAL,ARI,17.0,28.5,3.5,0,0,0,1,0,0,1,2,1,1
2025_09_ATL_NE,2025,9,ATL,NE,23.0,20.0,-5.5,0,0,0,3,0,0,0,3,3,0
2025_09_ATL_NE,2025,9,NE,ATL,24.0,25.5,5.5,0,1,0,0,2,0,0,3,3,0
2025_09_BAL_MIA,2025,9,BAL,MIA,28.0,29.5,7.5,0,0,0,3,1,0,0,4,4,0
2025_09_BAL_MIA,2025,9,MIA,BAL,6.0,22.0,-7.5,0,0,0,0,0,0,0,0,0,0
2025_09_CAR_GB,2025,9,CAR,GB,16.0,15.5,-12.5,0,2,0,0,0,0,0,2,2,0
2025_09_CAR_GB,2025,9,GB,CAR,13.0,28.0,12.5,0,1,0,0,0,0,0,1,1,0
2025_09_CHI_CIN,2025,9,CHI,CIN,47.0,27.25,3.0,0,0,2,2,1,1,0,6,6,0
2025_09_CHI_CIN,2025,9,CIN,CHI,42.0,24.25,-3.0,0,0,0,1,1,2,1,5,4,1
2025_09_DEN_HOU,2025,9,DEN,HOU,18.0,19.5,-1.5,0,0,0,0,0,2,0,2,2,0
2025_09_DEN_HOU,2025,9,HOU,DEN,15.0,21.0,1.5,0,0,0,0,0,0,0,0,0,0
2025_09_IND_PIT,2025,9,IND,PIT,20.0,27.5,3.5,1,0,0,1,0,0,0,2,2,0
2025_09_IND_PIT,2025,9,PIT,IND,27.0,24.0,-3.5,0,2,0,0,1,0,0,3,3,0
2025_09_JAX_LV,2025,9,JAX,LV,30.0,23.0,2.5,2,1,0,0,0,0,0,3,3,0
2025_09_JAX_LV,2025,9,LV,JAX,29.0,20.5,-2.5,0,0,0,2,1,1,0,4,4,0
2025_09_KC_BUF,2025,9,BUF,KC,28.0,25.5,-2.5,2,1,0,0,0,1,0,4,4,0
2025_09_KC_BUF,2025,9,KC,BUF,21.0,28.0,2.5,0,2,0,0,0,0,0,2,2,0
2025_09_LAC_TEN,2025,9,LAC,TEN,27.0,27.25,10.0,1,0,0,1,1,0,0,3,3,0
2025_09_LAC_TEN,2025,9,TEN,LAC,20.0,17.25,-10.0,0,0,0,0,0,0,2,2,0,2
2025_09_MIN_DET,2025,9,DET,MIN,24.0,28.5,9.5,0,1,0,0,0,2,0,3,3,0
2025_09_MIN_DET,2025,9,MIN,DET,27.0,19.0,-9.5,1,0,0,2,0,0,0,3,3,0
2025_09_NO_LA,2025,9,LA,NO,34.0,29.25,14.0,0,1,0,3,0,1,0,5,5,0
2025_09_NO_LA,2025,9,NO,LA,10.0,15.25,-14.0,0,0,0,0,1,0,0,1,1,0
2025_09_SEA_WAS,2025,9,SEA,WAS,38.0,25.0,2.5,0,1,0,1,0,3,0,5,5,0
2025_09_SEA_WAS,2025,9,WAS,SEA,14.0,22.5,-2.5,1,1,0,0,0,0,0,2,2,0
2025_09_SF_NYG,2025,9,NYG,SF,24.0,22.5,-2.5,1,0,0,0,1,1,0,3,3,0
2025_09_SF_NYG,2025,9,SF,NYG,34.0,25.0,2.5,0,1,1,0,2,0,0,4,4,0
2025_10_ARI_SEA,2025,10,ARI,SEA,22.0,18.75,-7.0,0,1,0,1,1,0,0,3,3,0
2025_10_ARI_SEA,2025,10,SEA,ARI,44.0,25.75,7.0,0,0,2,0,0,1,2,5,3,2
2025_10_ATL_IND,2025,10,ATL,IND,25.0,21.0,-6.5,0,2,0,1,0,0,0,3,3,0
2025_10_ATL_IND,2025,10,IND,ATL,31.0,27.5,6.5,0,1,2,0,0,1,0,4,4,0
2025_10_BAL_MIN,2025,10,BAL,MIN,27.0,26.5,4.5,0,1,0,1,0,0,0,2,2,0
2025_10_BAL_MIN,2025,10,MIN,BAL,19.0,22.0,-4.5,0,1,0,1,0,0,0,2,2,0
2025_10_BUF_MIA,2025,10,BUF,MIA,13.0,29.5,8.5,0,0,0,0,0,2,0,2,2,0
2025_10_BUF_MIA,2025,10,MIA,BUF,30.0,21.0,-8.5,0,0,2,1,0,1,0,4,4,0
2025_10_CLE_NYJ,2025,10,CLE,NYJ,20.0,19.5,1.5,0,0,0,0,1,1,0,2,2,0
2025_10_CLE_NYJ,2025,10,NYJ,CLE,27.0,18.0,-1.5,0,0,0,0,0,1,2,3,1,2
2025_10_DET_WAS,2025,10,DET,WAS,44.0,29.0,8.5,0,0,2,0,3,0,0,5,5,0
2025_10_DET_WAS,2025,10,WAS,DET,22.0,20.5,-8.5,0,1,0,1,1,0,0,3,3,0
2025_10_JAX_HOU,2025,10,HOU,JAX,36.0,18.0,-1.5,1,1,0,2,0,0,1,5,4,1
2025_10_JAX_HOU,2025,10,JAX,HOU,29.0,19.5,1.5,0,0,1,1,0,0,1,3,2,1
2025_10_LA_SF,2025,10,LA,SF,42.0,27.5,5.5,0,1,1,2,1,1,0,6,6,0
2025_10_LA_SF,2025,10,SF,LA,26.0,22.0,-5.5,0,1,0,1,2,0,0,4,4,0
2025_10_LV_DEN,2025,10,DEN,LV,10.0,26.0,9.5,0,0,0,1,0,0,0,1,1,0
2025_10_LV_DEN,2025,10,LV,DEN,7.0,16.5,-9.5,0,1,0,0,0,0,0,1,1,0
2025_10_NE_TB,2025,10,NE,TB,28.0,23.0,-2.5,0,0,2,1,0,1,0,4,4,0
2025_10_NE_TB,2025,10,TB,NE,23.0,25.5,2.5,0,0,0,2,0,1,0,3,3,0
2025_10_NO_CAR,2025,10,CAR,NO,7.0,22.0,5.5,0,1,0,0,0,0,0,1,1,0
2025_10_NO_CAR,2025,10,NO,CAR,17.0,16.5,-5.5,0,0,0,0,0,2,0,2,2,0
2025_10_NYG_CHI,2025,10,CHI,NYG,24.0,25.0,4.5,1,0,1,1,0,0,0,3,3,0
2025_10_NYG_CHI,2025,10,NYG,CHI,20.0,20.5,-4.5,2,0,0,0,0,0,0,2,2,0
2025_10_PHI_GB,2025,10,GB,PHI,7.0,23.5,1.5,0,0,1,0,0,0,0,1,1,0
2025_10_PHI_GB,2025,10,PHI,GB,10.0,22.0,-1.5,0,0,0,0,0,1,0,1,1,0
2025_10_PIT_LAC,2025,10,LAC,PIT,25.0,24.25,3.0,0,1,0,0,1,0,0,2,2,0
2025_10_PIT_LAC,2025,10,PIT,LAC,10.0,21.25,-3.0,0,0,0,0,0,1,0,1,1,0
2025_11_BAL_CLE,2025,11,BAL,CLE,23.0,22.5,7.5,0,1,1,0,0,0,0,2,2,0
2025_11_BAL_CLE,2025,11,CLE,BAL,16.0,15.0,-7.5,0,0,0,0,0,0,1,1,0,1
2025_11_CAR_ATL,2025,11,ATL,CAR,27.0,23.5,4.5,0,3,0,0,0,0,0,3,3,0
2025_11_CAR_ATL,2025,11,CAR,ATL,30.0,19.0,-4.5,0,0,0,1,1,1,0,3,3,0
2025_11_CHI_MIN,2025,11,CHI,MIN,19.0,22.25,-3.0,0,1,0,0,0,0,0,1,1,0
2025_11_CHI_MIN,2025,11,MIN,CHI,17.0,25.25,3.0,0,0,1,1,0,0,0,2,2,0
2025_11_CIN_PIT,2025,11,CIN,PIT,12.0,21.5,-5.5,0,0,0,0,0,1,0,1,1,0
2025_11_CIN_PIT,2025,11,PIT,CIN,34.0,27.0,5.5,0,0,0,0,2,0,2,4,2,2
2025_11_DAL_LV,2025,11,DAL,LV,33.0,26.0,3.5,0,0,0,3,0,1,0,4,4,0
2025_11_DAL_LV,2025,11,LV,DAL,16.0,22.5,-3.5,0,0,0,0,1,0,0,1,1,0
2025_11_DET_PHI,2025,11,DET,PHI,9.0,22.0,-2.5,0,0,0,0,0,1,0,1,1,0
2025_11_DET_PHI,2025,11,PHI,DET,16.0,24.5,2.5,1,0,0,0,0,0,0,1,1,0
2025_11_GB_NYG,2025,11,GB,NYG,27.0,24.5,7.5,0,0,1,3,0,0,0,4,4,0
2025_11_GB_NYG,2025,11,NYG,GB,20.0,17.0,-7.5,1,2,0,0,0,0,0,3,3,0
2025_11_HOU_TEN,2025,11,HOU,TEN,16.0,21.5,5.5,0,0,0,1,0,0,0,1,1,0
2025_11_HOU_TEN,2025,11,TEN,HOU,13.0,16.0,-5.5,0,0,0,0,1,0,0,1,1,0
2025_11_KC_DEN,2025,11,DEN,KC,22.0,20.5,-3.5,0,1,0,0,0,0,0,1,1,0
2025_11_KC_DEN,2025,11,KC,DEN,19.0,24.0,3.5,0,1,0,0,0,1,0,2,2,0
2025_11_LAC_JAX,2025,11,JAX,LAC,35.0,20.25,-3.0,1,2,1,1,0,0,0,5,5,0
2025_11_LAC_JAX,2025,11,LAC,JAX,6.0,23.25,3.0,0,0,0,0,0,0,0,0,0,0
2025_11_NYJ_NE,2025,11,NE,NYJ,27.0,28.0,12.5,0,0,2,1,0,0,0,3,3,0
2025_11_NYJ_NE,2025,11,NYJ,NE,14.0,15.5,-12.5,1,0,0,0,0,1,0,2,2,0
2025_11_SEA_LA,2025,11,LA,SEA,21.0,26.25,3.0,0,1,0,1,1,0,0,3,3,0
2025_11_SEA_LA,2025,11,SEA,LA,19.0,23.25,-3.0,0,1,0,0,0,0,0,1,1,0
2025_11_SF_ARI,2025,11,ARI,SF,22.0,22.5,-3.5,0,0,1,2,0,0,0,3,3,0
2025_11_SF_ARI,2025,11,SF,ARI,41.0,26.0,3.5,0,2,0,1,1,1,0,5,5,0
2025_11_TB_BUF,2025,11,BUF,TB,44.0,26.25,6.0,3,0,0,0,0,3,0,6,6,0
2025_11_TB_BUF,2025,11,TB,BUF,32.0,20.25,-6.0,1,0,2,0,0,1,0,4,4,0
2025_11_WAS_MIA,2025,11,MIA,WAS,16.0,25.0,2.5,0,1,0,0,0,0,0,1,1,0
2025_11_WAS_MIA,2025,11,WAS,MIA,13.0,22.5,-2.5,0,0,0,0,1,0,0,1,1,0
2025_12_ATL_NO,2025,12,ATL,NO,24.0,20.0,-1.5,0,0,0,1,0,1,0,2,2,0
2025_12_ATL_NO,2025,12,NO,ATL,10.0,21.5,1.5,0,0,0,0,0,0,1,1,0,1
2025_12_BUF_HOU,2025,12,BUF,HOU,19.0,24.5,5.5,0,0,1,0,0,0,1,2,1,1
2025_12_BUF_HOU,2025,12,HOU,BUF,23.0,19.0,-5.5,0,0,0,2,0,0,0,2,2,0
2025_12_CAR_SF,2025,12,CAR,SF,9.0,20.5,-7.5,0,0,0,0,0,1,0,1,1,0
2025_12_CAR_SF,2025,12,SF,CAR,20.0,28.0,7.5,0,0,1,0,1,0,0,2,2,0
2025_12_CLE_LV,2025,12,CLE,LV,24.0,16.25,-3.0,0,1,1,0,0,1,0,3,3,0
2025_12_CLE_LV,2025,12,LV,CLE,10.0,19.25,3.0,0,0,0,0,1,0,0,1,1,0
2025_12_IND_KC,2025,12,IND,KC,20.0,23.5,-3.5,0,0,0,2,0,0,0,2,2,0
2025_12_IND_KC,2025,12,KC,IND,23.0,27.0,3.5,0,1,0,0,0,0,0,1,1,0
2025_12_JAX_ARI,2025,12,ARI,JAX,24.0,22.5,-2.5,0,1,0,0,0,1,1,3,2,1
2025_12_JAX_ARI,2025,12,JAX,ARI,27.0,25.0,2.5,0,0,0,2,1,0,0,3,3,0
2025_12_MIN_GB,2025,12,GB,MIN,23.0,24.0,6.5,0,2,0,0,0,0,0,2,2,0
2025_12_MIN_GB,2025,12,MIN,GB,6.0,17.5,-6.5,0,0,0,0,0,0,0,0,0,0
2025_12_NE_CIN,2025,12,CIN,NE,20.0,21.5,-7.5,0,0,0,1,0,0,1,2,1,1
2025_12_NE_CIN,2025,12,NE,CIN,26.0,29.0,7.5,0,0,0,0,0,1,1,2,1,1
2025_12_NYG_DET,2025,12,DET,NYG,34.0,32.25,14.0,0,0,2,0,2,0,0,4,4,0
2025_12_NYG_DET,2025,12,NYG,DET,27.0,18.25,-14.0,0,0,0,1,0,2,0,3,3,0
2025_12_NYJ_BAL,2025,12,BAL,NYJ,23.0,29.25,14.0,0,2,0,0,0,0,0,2,2,0
2025_12_NYJ_BAL,2025,12,NYJ,BAL,10.0,15.25,-14.0,0,0,0,0,1,0,0,1,1,0
2025_12_PHI_DAL,2025,12,DAL,PHI,24.0,22.25,-3.0,1,0,0,2,0,0,0,3,3,0
2025_12_PHI_DAL,2025,12,PHI,DAL,21.0,25.25,3.0,2,0,0,1,0,0,0,3,3,0
2025_12_PIT_CHI,2025,12,CHI,PIT,31.0,24.75,3.0,0,1,0,1,1,1,0,4,4,0
2025_12_PIT_CHI,2025,12,PIT,CHI,28.0,21.75,-3.0,0,1,1,1,0,0,1,4,3,1
2025_12_SEA_TEN,2025,12,SEA,TEN,30.0,27.0,12.5,0,1,0,1,0,1,0,3,3,0
2025_12_SEA_TEN,2025,12,TEN,SEA,24.0,14.5,-12.5,1,0,0,1,0,0,1,3,2,1
2025_12_TB_LA,2025,12,LA,TB,34.0,28.25,7.0,0,0,0,2,0,1,1,4,3,1
2025_12_TB_LA,2025,12,TB,LA,7.0,21.25,-7.0,0,0,0,1,0,0,0,1,1,0
2025_13_ARI_TB,2025,13,ARI,TB,17.0,20.0,-4.5,0,0,0,1,1,0,0,2,2,0
2025_13_ARI_TB,2025,13,TB,ARI,20.0,24.5,4.5,0,0,1,0,1,0,0,2,2,0
2025_13_ATL_NYJ,2025,13,ATL,NYJ,24.0,20.75,3.0,0,2,0,0,1,0,0,3,3,0
2025_13_ATL_NYJ,2025,13,NYJ,ATL,27.0,17.75,-3.0,1,1,0,0,0,1,0,3,3,0
2025_13_BUF_PIT,2025,13,BUF,PIT,26.0,23.75,3.0,1,0,0,1,0,0,1,3,2,1
2025_13_BUF_PIT,2025,13,PIT,BUF,7.0,20.75,-3.0,0,1,0,0,0,0,0,1,1,0
2025_13_CHI_PHI,2025,13,CHI,PHI,24.0,18.25,-7.0,0,2,0,0,0,1,0,3,3,0
2025_13_CHI_PHI,2025,13,PHI,CHI,15.0,25.25,7.0,0,0,0,1,0,1,0,2,2,0
2025_13_CIN_BAL,2025,13,BAL,CIN,14.0,29.75,7.0,0,0,2,0,0,0,0,2,2,0
2025_13_CIN_BAL,2025,13,CIN,BAL,32.0,22.75,-7.0,0,0,0,1,0,1,0,2,2,0
2025_13_DEN_WAS,2025,13,DEN,WAS,27.0,25.0,6.5,0,2,0,1,0,0,0,3,3,0
2025_13_DEN_WAS,2025,13,WAS,DEN,26.0,18.5,-6.5,0,0,1,2,0,0,0,3,3,0
2025_13_GB_DET,2025,13,DET,GB,24.0,25.5,2.5,0,1,0,1,0,1,0,3,3,0
2025_13_GB_DET,2025,13,GB,DET,31.0,23.0,-2.5,0,0,0,1,1,2,0,4,4,0
2025_13_HOU_IND,2025,13,HOU,IND,20.0,20.75,-3.0,0,1,1,0,0,0,0,2,2,0
2025_13_HOU_IND,2025,13,IND,HOU,16.0,23.75,3.0,0,0,0,2,0,0,0,2,2,0
2025_13_JAX_TEN,2025,13,JAX,TEN,25.0,24.25,6.0,0,1,0,1,0,1,0,3,3,0
2025_13_JAX_TEN,2025,13,TEN,JAX,3.0,18.25,-6.0,0,0,0,0,0,0,0,0,0,0
2025_13_KC_DAL,2025,13,DAL,KC,31.0,25.0,-3.5,0,0,1,1,1,0,0,3,3,0
2025_13_KC_DAL,2025,13,KC,DAL,28.0,28.5,3.5,0,0,0,3,0,1,0,4,4,0
2025_13_LA_CAR,2025,13,CAR,LA,31.0,17.25,-10.0,0,0,0,0,0,3,1,4,3,1
2025_13_LA_CAR,2025,13,LA,CAR,28.0,27.25,10.0,0,1,1,2,0,0,0,4,4,0
2025_13_LV_LAC,2025,13,LAC,LV,31.0,25.25,10.0,0,1,1,1,1,0,0,4,4,0
2025_13_LV_LAC,2025,13,LV,LAC,14.0,15.25,-10.0,0,0,0,2,0,0,0,2,2,0
2025_13_MIN_SEA,2025,13,MIN,SEA,0.0,15.0,-12.5,0,0,0,0,0,0,0,0,0,0
2025_13_MIN_SEA,2025,13,SEA,MIN,26.0,27.5,12.5,0,0,1,0,0,0,1,2,1,1
2025_13_NO_MIA,2025,13,MIA,NO,21.0,23.5,5.5,0,0,1,0,0,0,0,1,1,0
2025_13_NO_MIA,2025,13,NO,MIA,17.0,18.0,-5.5,0,0,0,2,0,0,0,2,2,0
2025_13_NYG_NE,2025,13,NE,NYG,33.0,26.75,7.0,0,0,0,1,0,1,1,3,2,1
2025_13_NYG_NE,2025,13,NYG,NE,15.0,19.75,-7.0,0,0,1,0,0,1,0,2,2,0
2025_13_SF_CLE,2025,13,CLE,SF,8.0,15.0,-5.5,0,0,0,0,0,1,0,1,1,0
2025_13_SF_CLE,2025,13,SF,CLE,26.0,20.5,5.5,1,1,0,1,0,0,0,3,3,0
2025_14_CHI_GB,2025,14,CHI,GB,21.0,19.0,-6.5,0,0,0,1,1,0,0,2,2,0
2025_14_CHI_GB,2025,14,GB,CHI,28.0,25.5,6.5,0,1,0,0,0,3,0,4,4,0
2025_14_CIN_BUF,2025,14,BUF,CIN,39.0,30.25,6.0,1,0,0,3,0,0,1,5,4,1
2025_14_CIN_BUF,2025,14,CIN,BUF,34.0,24.25,-6.0,0,1,0,2,0,2,0,5,5,0
2025_14_DAL_DET,2025,14,DAL,DET,30.0,26.0,-3.5,0,1,0,0,0,1,0,2,2,0
2025_14_DAL_DET,2025,14,DET,DAL,44.0,29.5,3.5,0,1,3,1,0,0,0,5,5,0
2025_14_DEN_LV,2025,14,DEN,LV,24.0,24.5,8.5,1,1,0,0,0,0,1,3,2,1
2025_14_DEN_LV,2025,14,LV,DEN,17.0,16.0,-8.5,0,0,0,1,0,1,0,2,2,0
2025_14_HOU_KC,2025,14,HOU,KC,20.0,18.5,-4.5,0,1,0,0,1,0,0,2,2,0
2025_14_HOU_KC,2025,14,KC,HOU,10.0,23.0,4.5,0,1,0,0,0,0,0,1,1,0
2025_14_IND_JAX,2025,14,IND,JAX,19.0,23.5,2.5,1,1,0,0,0,0,0,2,2,0
2025_14_IND_JAX,2025,14,JAX,IND,36.0,21.0,-2.5,0,1,1,2,0,0,0,4,4,0
2025_14_LA_ARI,2025,14,ARI,LA,17.0,20.0,-9.5,0,0,0,0,2,0,0,2,2,0
2025_14_LA_ARI,2025,14,LA,ARI,45.0,29.5,9.5,0,2,1,1,0,2,0,6,6,0
2025_14_MIA_NYJ,2025,14,MIA,NYJ,34.0,22.0,2.5,0,1,2,1,0,0,0,4,4,0
2025_14_MIA_NYJ,2025,14,NYJ,MIA,10.0,19.5,-2.5,0,0,0,0,0,0,1,1,0,1
2025_14_NO_TB,2025,14,NO,TB,24.0,17.0,-7.5,2,1,0,0,0,0,0,3,3,0
2025_14_NO_TB,2025,14,TB,NO,20.0,24.5,7.5,0,1,0,0,0,1,0,2,2,0
2025_14_PHI_LAC,2025,14,LAC,PHI,22.0,20.0,-1.5,0,0,0,0,1,0,0,1,1,0
2025_14_PHI_LAC,2025,14,PHI,LAC,19.0,21.5,1.5,0,0,1,0,0,0,0,1,1,0
2025_14_PIT_BAL,2025,14,BAL,PIT,22.0,24.5,5.5,1,0,0,1,0,0,0,2,2,0
2025_14_PIT_BAL,2025,14,PIT,BAL,27.0,19.0,-5.5,1,0,1,0,0,1,0,3,3,0
2025_14_SEA_ATL,2025,14,ATL,SEA,9.0,18.75,-7.0,0,0,0,0,0,0,0,0,0,0
2025_14_SEA_ATL,2025,14,SEA,ATL,37.0,25.75,7.0,0,0,0,1,1,1,1,4,3,1
2025_14_TEN_CLE,2025,14,CLE,TEN,29.0,19.0,4.5,1,0,0,2,0,1,0,4,4,0
2025_14_TEN_CLE,2025,14,TEN,CLE,31.0,14.5,-4.5,0,0,2,0,2,0,0,4,4,0
2025_14_WAS_MIN,2025,14,MIN,WAS,31.0,21.0,-1.5,0,0,1,0,3,0,0,4,4,0
2025_14_WAS_MIN,2025,14,WAS,MIN,0.0,22.5,1.5,0,0,0,0,0,0,0,0,0,0
2025_15_ARI_HOU,2025,15,ARI,HOU,20.0,16.0,-10.5,0,0,0,2,1,0,0,3,3,0
2025_15_ARI_HOU,2025,15,HOU,ARI,40.0,26.5,10.5,0,0,0,2,0,1,1,4,3,1
2025_15_ATL_TB,2025,15,ATL,TB,29.0,18.75,-6.0,0,0,1,2,1,0,0,4,4,0
2025_15_ATL_TB,2025,15,TB,ATL,28.0,24.75,6.0,0,1,0,2,0,0,0,3,3,0
2025_15_BAL_CIN,2025,15,BAL,CIN,24.0,27.0,2.5,0,0,0,0,0,2,1,3,2,1
2025_15_BAL_CIN,2025,15,CIN,BAL,0.0,24.5,-2.5,0,0,0,0,0,0,0,0,0,0
2025_15_BUF_NE,2025,15,BUF,NE,35.0,26.0,2.5,0,1,1,1,2,0,0,5,5,0
2025_15_BUF_NE,2025,15,NE,BUF,31.0,23.5,-2.5,2,0,2,0,0,0,0,4,4,0
2025_15_CAR_NO,2025,15,CAR,NO,17.0,22.0,2.5,0,1,0,0,0,1,0,2,2,0
2025_15_CAR_NO,2025,15,NO,CAR,20.0,19.5,-2.5,0,1,0,0,1,0,0,2,2,0
2025_15_CLE_CHI,2025,15,CHI,CLE,31.0,23.0,7.5,0,0,2,1,0,1,0,4,4,0
2025_15_CLE_CHI,2025,15,CLE,CHI,3.0,15.5,-7.5,0,0,0,0,0,0,0,0,0,0
2025_15_DET_LA,2025,15,DET,LA,34.0,24.5,-5.5,0,1,0,1,1,1,0,4,4,0
2025_15_DET_LA,2025,15,LA,DET,41.0,30.0,5.5,0,2,1,0,1,1,0,5,5,0
2025_15_GB_DEN,2025,15,DEN,GB,34.0,20.5,-1.5,0,1,0,2,1,1,0,5,5,0
2025_15_GB_DEN,2025,15,GB,DEN,26.0,22.0,1.5,0,0,1,1,0,0,0,2,2,0
2025_15_IND_SEA,2025,15,IND,SEA,16.0,14.0,-13.5,0,0,0,0,1,0,0,1,1,0
2025_15_IND_SEA,2025,15,SEA,IND,18.0,27.5,13.5,0,0,0,0,0,0,0,0,0,0
2025_15_LAC_KC,2025,15,KC,LAC,13.0,23.5,5.5,1,0,0,0,0,0,0,1,1,0
2025_15_LAC_KC,2025,15,LAC,KC,16.0,18.0,-5.5,0,0,0,1,0,0,0,1,1,0
2025_15_LV_PHI,2025,15,LV,PHI,0.0,12.5,-12.5,0,0,0,0,0,0,0,0,0,0
2025_15_LV_PHI,2025,15,PHI,LV,31.0,25.0,12.5,0,1,0,0,2,1,0,4,4,0
2025_15_MIA_PIT,2025,15,MIA,PIT,15.0,19.75,-3.0,0,0,0,2,0,0,0,2,2,0
2025_15_MIA_PIT,2025,15,PIT,MIA,28.0,22.75,3.0,0,1,1,1,0,1,0,4,4,0
2025_15_MIN_DAL,2025,15,DAL,MIN,26.0,26.5,5.5,0,2,0,0,0,0,0,2,2,0
2025_15_MIN_DAL,2025,15,MIN,DAL,34.0,21.0,-5.5,1,1,0,2,0,0,0,4,4,0
2025_15_NYJ_JAX,2025,15,JAX,NYJ,48.0,27.0,13.5,1,0,0,2,2,1,0,6,6,0
2025_15_NYJ_JAX,2025,15,NYJ,JAX,20.0,13.5,-13.5,0,0,1,1,0,0,0,2,2,0
2025_15_TEN_SF,2025,15,SF,TEN,37.0,28.5,12.5,0,1,0,2,1,0,0,4,4,0
2025_15_TEN_SF,2025,15,TEN,SF,24.0,16.0,-12.5,0,0,1,1,0,1,0,3,3,0
2025_15_WAS_NYG,2025,15,NYG,WAS,21.0,24.5,2.5,0,0,1,2,0,0,0,3,3,0
2025_15_WAS_NYG,2025,15,WAS,NYG,29.0,22.0,-2.5,0,0,1,0,0,1,1,3,2,1
2025_16_ATL_ARI,2025,16,ARI,ATL,19.0,23.0,-2.5,0,0,0,0,0,1,0,1,1,0
2025_16_ATL_ARI,2025,16,ATL,ARI,26.0,25.5,2.5,1,0,0,1,1,0,0,3,3,0
2025_16_BUF_CLE,2025,16,BUF,CLE,23.0,26.0,10.5,0,2,1,0,0,0,0,3,3,0
2025_16_BUF_CLE,2025,16,CLE,BUF,20.0,15.5,-10.5,0,1,0,0,1,0,0,2,2,0
2025_16_CIN_MIA,2025,16,CIN,MIA,45.0,26.0,3.5,0,1,1,3,1,0,0,6,6,0
2025_16_CIN_MIA,2025,16,MIA,CIN,21.0,22.5,-3.5,0,1,2,0,0,0,0,3,3,0
2025_16_GB_CHI,2025,16,CHI,GB,22.0,23.5,1.5,0,0,0,1,0,1,0,2,2,0
2025_16_GB_CHI,2025,16,GB,CHI,16.0,22.0,-1.5,0,0,0,0,0,1,0,1,1,0
2025_16_JAX_DEN,2025,16,DEN,JAX,20.0,25.0,3.5,0,0,1,1,0,0,0,2,2,0
2025_16_JAX_DEN,2025,16,JAX,DEN,34.0,21.5,-3.5,1,0,0,2,1,0,0,4,4,0
2025_16_KC_TEN,2025,16,KC,TEN,9.0,20.5,3.5,0,0,0,0,0,0,0,0,0,0
2025_16_KC_TEN,2025,16,TEN,KC,26.0,17.0,-3.5,0,1,0,1,1,0,0,3,3,0
2025_16_LAC_DAL,2025,16,DAL,LAC,17.0,26.0,1.5,0,0,0,0,1,1,0,2,2,0
2025_16_LAC_DAL,2025,16,LAC,DAL,34.0,24.5,-1.5,1,1,0,0,0,2,0,4,4,0
2025_16_LA_SEA,2025,16,LA,SEA,37.0,20.5,-1.5,0,1,0,1,1,1,0,4,4,0
2025_16_LA_SEA,2025,16,SEA,LA,38.0,22.0,1.5,0,1,1,1,0,1,1,5,4,1
2025_16_LV_HOU,2025,16,HOU,LV,23.0,27.0,14.5,0,0,0,1,0,0,1,2,1,1
2025_16_LV_HOU,2025,16,LV,HOU,21.0,12.5,-14.5,0,0,1,1,0,1,0,3,3,0
2025_16_MIN_NYG,2025,16,MIN,NYG,16.0,22.0,2.5,1,0,0,0,0,0,0,1,1,0
2025_16_MIN_NYG,2025,16,NYG,MIN,13.0,19.5,-2.5,0,0,0,0,0,0,1,1,0,1
2025_16_NE_BAL,2025,16,BAL,NE,24.0,26.0,3.5,0,1,2,0,0,0,0,3,3,0
2025_16_NE_BAL,2025,16,NE,BAL,28.0,22.5,-3.5,0,0,1,1,0,1,0,3,3,0
2025_16_NYJ_NO,2025,16,NO,NYJ,29.0,23.0,6.5,0,0,0,0,0,2,0,2,2,0
2025_16_NYJ_NO,2025,16,NYJ,NO,6.0,16.5,-6.5,0,0,0,0,0,0,0,0,0,0
2025_16_PHI_WAS,2025,16,PHI,WAS,29.0,25.25,7.0,0,0,2,2,0,0,0,4,4,0
2025_16_PHI_WAS,2025,16,WAS,PHI,18.0,18.25,-7.0,0,2,0,0,0,0,0,2,2,0
2025_16_PIT_DET,2025,16,DET,PIT,24.0,30.0,7.5,0,0,0,1,1,1,0,3,3,0
2025_16_PIT_DET,2025,16,PIT,DET,29.0,22.5,-7.5,0,0,2,0,0,1,0,3,3,0
2025_16_SF_IND,2025,16,IND,SF,27.0,21.0,-4.5,0,1,0,2,0,0,0,3,3,0
2025_16_SF_IND,2025,16,SF,IND,48.0,25.5,4.5,0,0,0,4,0,1,1,6,5,1
2025_16_TB_CAR,2025,16,CAR,TB,23.0,20.75,-3.0,0,0,0,1,0,1,0,2,2,0
2025_16_TB_CAR,2025,16,TB,CAR,20.0,23.75,3.0,0,1,0,1,0,0,0,2,2,0
2025_17_ARI_CIN,2025,17,ARI,CIN,14.0,22.75,-7.0,0,0,0,1,0,1,0,2,2,0
2025_17_ARI_CIN,2025,17,CIN,ARI,37.0,29.75,7.0,0,2,1,1,1,0,0,5,5,0
2025_17_BAL_GB,2025,17,BAL,GB,41.0,18.0,-2.5,0,3,1,0,1,0,0,5,5,0
2025_17_BAL_GB,2025,17,GB,BAL,24.0,20.5,2.5,2,0,0,0,0,1,0,3,3,0
2025_17_CHI_SF,2025,17,CHI,SF,38.0,24.0,-3.5,0,1,1,0,0,2,1,5,4,1
2025_17_CHI_SF,2025,17,SF,CHI,42.0,27.5,3.5,2,1,0,2,0,1,0,6,6,0
2025_17_DAL_WAS,2025,17,DAL,WAS,30.0,29.5,8.5,0,1,0,1,0,1,0,3,3,0
2025_17_DAL_WAS,2025,17,WAS,DAL,23.0,21.0,-8.5,0,0,2,0,0,0,0,2,2,0
2025_17_DEN_KC,2025,17,DEN,KC,20.0,25.5,13.5,1,0,0,1,0,0,0,2,2,0
2025_17_DEN_KC,2025,17,KC,DEN,13.0,12.0,-13.5,0,0,0,0,1,0,0,1,1,0
2025_17_DET_MIN,2025,17,DET,MIN,10.0,26.25,7.0,0,0,0,1,0,0,0,1,1,0
2025_17_DET_MIN,2025,17,MIN,DET,23.0,19.25,-7.0,0,1,1,0,0,0,0,2,2,0
2025_17_HOU_LAC,2025,17,HOU,LAC,20.0,19.5,-1.5,0,0,0,0,0,2,0,2,2,0
2025_17_HOU_LAC,2025,17,LAC,HOU,16.0,21.0,1.5,0,1,0,1,0,0,0,2,2,0
2025_17_JAX_IND,2025,17,IND,JAX,17.0,22.5,-3.5,0,1,0,1,0,0,0,2,2,0
2025_17_JAX_IND,2025,17,JAX,IND,23.0,26.0,3.5,2,0,0,0,0,0,0,2,2,0
2025_17_LA_ATL,2025,17,ATL,LA,27.0,20.5,-7.5,0,0,1,1,0,0,1,3,2,1
2025_17_LA_ATL,2025,17,LA,ATL,24.0,28.0,7.5,0,0,0,0,1,1,1,3,2,1
2025_17_NE_NYJ,2025,17,NE,NYJ,42.0,27.5,12.5,0,1,0,2,2,1,0,6,6,0
2025_17_NE_NYJ,2025,17,NYJ,NE,10.0,15.0,-12.5,0,0,1,0,0,0,0,1,1,0
2025_17_NO_TEN,2025,17,NO,TEN,34.0,20.5,1.5,0,0,1,2,0,0,1,4,3,1
2025_17_NO_TEN,2025,17,TEN,NO,26.0,19.0,-1.5,0,0,0,1,0,1,0,2,2,0
2025_17_NYG_LV,2025,17,LV,NYG,10.0,18.75,-3.0,0,0,0,1,0,0,0,1,1,0
2025_17_NYG_LV,2025,17,NYG,LV,34.0,21.75,3.0,2,1,0,0,0,0,1,4,3,1
2025_17_PHI_BUF,2025,17,BUF,PHI,12.0,24.25,3.0,2,0,0,0,0,0,0,2,2,0
2025_17_PHI_BUF,2025,17,PHI,BUF,13.0,21.25,-3.0,0,0,0,1,0,0,0,1,1,0
2025_17_PIT_CLE,2025,17,CLE,PIT,13.0,15.5,-4.5,0,0,0,0,0,1,0,1,1,0
2025_17_PIT_CLE,2025,17,PIT,CLE,6.0,20.0,4.5,0,0,0,0,0,0,0,0,0,0
2025_17_SEA_CAR,2025,17,CAR,SEA,10.0,18.0,-6.5,1,0,0,0,0,0,0,1,1,0
2025_17_SEA_CAR,2025,17,SEA,CAR,27.0,24.5,6.5,0,2,0,0,1,0,0,3,3,0
2025_17_TB_MIA,2025,17,MIA,TB,20.0,19.5,-5.5,0,0,0,1,0,1,0,2,2,0
2025_17_TB_MIA,2025,17,TB,MIA,17.0,25.0,5.5,0,0,0,2,0,0,0,2,2,0
2025_18_ARI_LA,2025,18,ARI,LA,20.0,17.5,-14.5,0,0,0,1,0,1,0,2,2,0
2025_18_ARI_LA,2025,18,LA,ARI,37.0,32.0,14.5,0,0,0,2,0,2,0,4,4,0
2025_18_BAL_PIT,2025,18,BAL,PIT,24.0,23.0,4.5,0,0,0,0,0,3,0,3,3,0
2025_18_BAL_PIT,2025,18,PIT,BAL,26.0,18.5,-4.5,0,2,0,0,0,1,0,3,3,0
2025_18_CAR_TB,2025,18,CAR,TB,14.0,20.25,-3.0,0,0,0,1,1,0,0,2,2,0
2025_18_CAR_TB,2025,18,TB,CAR,16.0,23.25,3.0,0,0,0,0,1,0,0,1,1,0
2025_18_CLE_CIN,2025,18,CIN,CLE,18.0,28.5,9.5,0,0,0,2,1,0,0,3,3,0
2025_18_CLE_CIN,2025,18,CLE,CIN,20.0,19.0,-9.5,0,0,0,0,0,0,2,2,0,2
2025_18_DAL_NYG,2025,18,DAL,NYG,17.0,26.75,3.0,0,1,1,0,0,0,0,2,2,0
2025_18_DAL_NYG,2025,18,NYG,DAL,34.0,23.75,-3.0,0,0,1,1,0,1,0,3,3,0
2025_18_DET_CHI,2025,18,CHI,DET,16.0,27.5,3.5,0,0,0,1,0,1,0,2,2,0
2025_18_DET_CHI,2025,18,DET,CHI,19.0,24.0,-3.5,0,0,0,0,1,0,0,1,1,0
2025_18_GB_MIN,2025,18,GB,MIN,3.0,12.5,-12.5,0,0,0,0,0,0,0,0,0,0
2025_18_GB_MIN,2025,18,MIN,GB,16.0,25.0,12.5,0,1,0,0,0,0,0,1,1,0
2025_18_IND_HOU,2025,18,HOU,IND,38.0,23.5,9.5,1,0,0,1,0,0,1,3,2,1
2025_18_IND_HOU,2025,18,IND,HOU,30.0,14.0,-9.5,1,0,0,1,0,1,0,3,3,0
2025_18_KC_LV,2025,18,KC,LV,12.0,20.0,3.5,0,0,0,0,0,0,0,0,0,0
2025_18_KC_LV,2025,18,LV,KC,14.0,16.5,-3.5,0,0,0,0,0,0,0,0,0,0
2025_18_LAC_DEN,2025,18,DEN,LAC,19.0,26.0,14.5,0,0,0,0,0,0,1,1,0,1
2025_18_LAC_DEN,2025,18,LAC,DEN,3.0,11.5,-14.5,0,0,0,0,0,0,0,0,0,0
2025_18_MIA_NE,2025,18,MIA,NE,10.0,15.25,-14.0,0,0,0,1,0,0,0,1,1,0
2025_18_MIA_NE,2025,18,NE,MIA,38.0,29.25,14.0,0,3,1,1,0,0,0,5,5,0
2025_18_NO_ATL,2025,18,ATL,NO,19.0,24.0,4.5,0,0,0,1,0,0,0,1,1,0
2025_18_NO_ATL,2025,18,NO,ATL,17.0,19.5,-4.5,1,0,0,1,0,0,0,2,2,0
2025_18_NYJ_BUF,2025,18,BUF,NYJ,35.0,26.0,12.5,0,0,1,2,2,0,0,5,5,0
2025_18_NYJ_BUF,2025,18,NYJ,BUF,8.0,13.5,-12.5,0,0,0,1,0,0,0,1,1,0
2025_18_SEA_SF,2025,18,SEA,SF,13.0,25.0,2.5,0,0,1,0,0,0,0,1,1,0
2025_18_SEA_SF,2025,18,SF,SEA,3.0,22.5,-2.5,0,0,0,0,0,0,0,0,0,0
2025_18_TEN_JAX,2025,18,JAX,TEN,41.0,29.5,12.5,0,1,0,1,1,1,1,5,4,1
2025_18_TEN_JAX,2025,18,TEN,JAX,7.0,17.0,-12.5,1,0,0,0,0,0,0,1,1,0
2025_18_WAS_PHI,2025,18,PHI,WAS,17.0,20.75,3.0,0,1,0,1,0,0,0,2,2,0
2025_18_WAS_PHI,2025,18,WAS,PHI,24.0,17.75,-3.0,1,1,0,1,0,0,0,3,3,0
