gsis_id,target_share,catch_rate,ypt,rush_share,ypc,i10_target_share,i10_carry_share,targets_n,team_targets_n,carries_n,team_carries_n,i10_targets_n,i10_carries_n,n_games,team_prior,full_name,snap_pct_25
00-0023459,0.0,,,0.10494,6.52941,0.0,0.0,0.0,242,17.0,162,16.0,6.0,17,NYJ,Aaron Rodgers,0.96353
00-0024243,0.03846,1.0,2.0,0.0,,0.0,0.0,1.0,26,0.0,26,5.0,2.0,17,CHI,Marcedes Lewis,0.19176
00-0026158,0.0,,,0.04651,4.83333,0.0,0.0,0.0,174,6.0,129,7.0,15.0,17,IND,Joe Flacco,0.8525
00-0026300,0.0,,,0.06061,1.5,0.0,0.0,0.0,19,2.0,33,3.0,5.0,19,BAL,Josh Johnson,0.09833
00-0026498,0.0,,,0.08982,3.93333,0.0,0.08333,0.0,225,15.0,167,18.0,12.0,18,LA,Matthew Stafford,1.0
00-0027973,0.0,,,0.07527,5.42857,0.0,0.0,0.0,127,7.0,93,9.0,8.0,16,CAR,Andy Dalton,0.81
00-0028118,0.0,,,0.075,4.33333,0.0,0.33333,0.0,62,3.0,40,5.0,3.0,17,NYJ,Tyrod Taylor,0.31
00-0029263,0.0,,,0.10185,5.0,0.0,0.1875,0.0,309,33.0,324,17.0,32.0,13,PIT,Russell Wilson,0.98273
00-0029604,0.0,,,0.0603,1.66667,0.0,0.0,0.0,188,12.0,199,9.0,11.0,17,ATL,Kirk Cousins,0.97714
00-0029892,0.07434,0.6129,6.45161,0.01302,5.2,0.03333,0.05769,31.0,417,5.0,384,30.0,52.0,17,SF,Kyle Juszczyk,0.49471
00-0030035,0.2013,0.77419,9.91935,0.0,,0.10526,0.0,62.0,308,0.0,236,19.0,27.0,10,CAR,Adam Thielen,0.708
00-0030061,0.18307,0.70968,7.03226,0.0,,0.33333,0.0,93.0,508,0.0,515,36.0,67.0,20,WAS,Zach Ertz,0.66882
00-0030279,0.27152,0.56911,6.04878,0.0,,0.34483,0.0,123.0,453,0.0,369,29.0,27.0,15,CHI,Keenan Allen,0.868
00-0030431,0.07557,0.66667,6.76667,0.0,,0.03846,0.0,30.0,397,0.0,274,26.0,28.0,17,HOU,Robert Woods,0.37067
00-0030506,0.24057,0.72388,6.14179,0.0024,1.0,0.20833,0.025,134.0,557,1.0,417,48.0,40.0,19,KC,Travis Kelce,0.84562
00-0030564,0.1444,0.7,7.725,0.0,,0.18182,0.0,80.0,554,0.0,397,44.0,32.0,20,KC,DeAndre Hopkins,0.504
00-0030565,0.0,,,0.11461,7.15,0.0,0.09091,0.0,539,40.0,349,29.0,33.0,17,SEA,Geno Smith,0.97471
00-0030578,0.0419,0.8,5.33333,0.08122,4.21875,0.125,0.03125,15.0,358,32.0,394,16.0,32.0,14,PIT,Cordarrelle Patterson,0.12615
00-0031235,0.06475,0.5,3.05556,0.0,,0.07692,0.0,18.0,278,0.0,212,26.0,19.0,9,MIA,Odell Beckham Jr.,0.20222
00-0031236,0.15882,0.48148,4.7963,0.01141,-1.0,0.46154,0.0,54.0,340,3.0,263,13.0,16.0,10,DAL,Brandin Cooks,0.698
00-0031280,0.0,,,0.06024,4.86667,0.0,0.125,0.0,214,15.0,249,8.0,24.0,10,NO,Derek Carr,0.944
00-0031299,0.03448,0.0,0.0,0.0,,0.0,0.0,1.0,29,0.0,20,2.0,1.0,4,CAR,Jordan Matthews,0.115
00-0031345,0.0,,,0.09524,2.5,0.0,0.0,0.0,41,2.0,21,5.0,1.0,17,LA,Jimmy Garoppolo,1.0
00-0031357,0.02041,0.0,0.0,0.0,,0.0,0.0,1.0,49,0.0,21,5.0,2.0,17,DAL,C.J. Goodwin,0.0
00-0031381,0.294,0.59859,7.48592,0.0,,0.425,0.0,142.0,483,0.0,282,40.0,14.0,14,NYJ,Davante Adams,0.90818
00-0031408,0.23965,0.67273,9.12727,0.0,,0.2439,0.0,110.0,459,0.0,404,41.0,38.0,15,TB,Mike Evans,0.71571
00-0031428,0.03804,0.42857,4.28571,0.0,,0.0,0.0,7.0,184,0.0,173,23.0,23.0,16,DET,Allen Robinson,0.12
00-0031484,0.03509,0.75,7.5,0.0,,0.16667,0.0,4.0,114,0.0,107,6.0,5.0,17,NYG,Chris Manhertz,0.30824
00-0031503,0.0,,,0.1039,3.5,0.0,0.23077,0.0,387,24.0,231,21.0,13.0,14,CLE,Jameis Winston,0.585
00-0031544,0.20936,0.51765,6.43529,0.0,,0.1,0.0,85.0,406,0.0,327,20.0,30.0,17,BUF,Amari Cooper,0.45875
00-0031549,0.07902,0.48276,7.96552,0.0,,0.04545,0.0,29.0,367,0.0,393,22.0,34.0,16,BAL,Nelson Agholor,0.45714
00-0031585,0.06211,0.6,4.0,0.0,,0.11111,0.0,10.0,161,0.0,192,9.0,17.0,13,PIT,MyCole Pruitt,0.33917
00-0031588,0.23881,0.73438,7.75,0.01382,2.66667,0.21053,0.05263,64.0,268,3.0,217,19.0,19.0,8,HOU,Stefon Diggs,0.78375
00-0031595,0.02725,1.0,6.5,0.02397,1.14286,0.08,0.16,10.0,367,7.0,292,25.0,25.0,18,DEN,Michael Burton,0.15529
00-0031687,0.06,0.79167,6.70833,0.26814,3.27059,0.03448,0.43478,24.0,400,85.0,317,29.0,23.0,13,MIA,Raheem Mostert,0.31385
00-0031690,0.03571,0.5,2.25,0.0,,0.2,0.0,4.0,112,0.0,112,5.0,5.0,9,LAC,Eric Tomlinson,0.23111
00-0031763,0.08696,0.64286,5.14286,0.0,,0.08333,0.0,14.0,161,0.0,123,12.0,9.0,13,CHI,DeAndre Carter,0.14
00-0031800,0.0,,,0.03279,10.0,0.0,0.0,0.0,69,2.0,61,2.0,7.0,16,LAC,Taylor Heinicke,0.0975
00-0031941,0.10236,0.69231,5.53846,0.0,,0.22222,0.0,13.0,127,0.0,124,9.0,18.0,9,WAS,Jamison Crowder,0.28
00-0032104,0.10021,0.85106,5.55319,0.23404,4.71212,0.14286,0.24242,47.0,469,66.0,282,28.0,33.0,16,LV,Ameer Abdullah,0.36938
00-0032128,0.05381,0.5,6.33333,0.0,,0.05556,0.0,12.0,223,0.0,175,18.0,30.0,15,SF,Chris Conley,0.23733
00-0032141,0.02381,1.0,7.0,0.0,,0.0,,1.0,42,0.0,23,2.0,0.0,8,CLE,Geoff Swaim,0.2625
00-0032211,0.12937,0.66216,8.10811,0.0,,0.2069,0.0,74.0,572,0.0,370,29.0,35.0,17,SEA,Tyler Lockett,0.69059
00-0032268,0.0,,,0.18605,5.875,0.0,0.16667,0.0,83,16.0,86,8.0,12.0,16,WAS,Marcus Mariota,0.51333
00-0032381,0.03704,0.0,0.0,0.0,,0.33333,0.0,1.0,27,0.0,34,3.0,2.0,15,DET,Taylor Decker,0.96286
00-0032385,0.11504,0.61538,6.42308,0.02174,8.625,0.13158,0.0,52.0,452,8.0,368,38.0,36.0,15,TB,Sterling Shepard,0.53286
00-0032392,0.11706,0.76271,8.0678,0.0,,0.03571,0.0,59.0,504,0.0,438,28.0,29.0,17,NE,Austin Hooper,0.52529
00-0032394,0.05249,0.85,6.75,0.0,,0.21053,0.0,20.0,381,0.0,309,19.0,13.0,17,TEN,Nick Vannett,0.36059
00-0032434,0.0,,,0.06667,6.0,0.0,0.0,0.0,26,1.0,15,1.0,1.0,15,SF,Brandon Allen,0.36
00-0032464,0.07692,0.77273,9.77273,0.00667,0.0,0.04762,0.0,22.0,286,2.0,300,21.0,37.0,13,DET,Kalif Raymond,0.27083
00-0032688,0.10811,0.25,1.25,0.0,,0.0,0.0,4.0,37,0.0,34,2.0,3.0,2,MIA,Robbie Chosen,0.195
00-0032764,0.04803,0.86364,8.77273,0.60074,5.91077,0.06452,0.71111,22.0,458,325.0,541,31.0,45.0,19,BAL,Derrick Henry,0.57412
00-0032775,0.12132,0.4697,7.65152,0.0,,0.2381,0.0,66.0,544,0.0,436,42.0,43.0,19,LA,Demarcus Robinson,0.81706
00-0032918,0.03774,0.83333,5.83333,0.01613,5.0,0.0,0.06667,6.0,159,2.0,124,12.0,15.0,18,MIN,C.J. Ham,0.23529
00-0032950,0.0,,,0.0303,2.0,0.0,0.0,0.0,38,1.0,33,2.0,2.0,20,KC,Carson Wentz,0.32333
00-0033009,0.12609,0.67241,6.72414,0.00253,3.0,0.17391,0.0,58.0,460,1.0,395,23.0,26.0,16,TEN,Tyler Boyd,0.6225
00-0033040,0.2164,0.65323,7.73387,0.01814,6.625,0.22222,0.0,124.0,573,8.0,441,45.0,39.0,17,MIA,Tyreek Hill,0.79882
00-0033045,0.02762,0.8,4.6,0.20556,3.05405,0.0,0.44444,15.0,543,74.0,360,21.0,18.0,15,DAL,Ezekiel Elliott,0.25267
00-0033077,0.0,,,0.07237,5.09091,0.0,0.28571,0.0,283,11.0,152,14.0,7.0,8,DAL,Dak Prescott,0.91125
00-0033090,0.20378,0.68041,6.94845,0.0,,0.35714,0.0,97.0,476,0.0,411,28.0,26.0,16,NE,Hunter Henry,0.80625
00-0033106,0.00263,1.0,7.0,0.05391,3.6,0.03125,0.04348,1.0,380,20.0,371,32.0,46.0,18,DET,Jared Goff,0.97118
00-0033110,0.13636,0.66667,5.5,0.0,,0.42857,0.0,12.0,88,0.0,70,7.0,5.0,5,LA,Tyler Higbee,0.32667
00-0033119,0.0,,,0.08219,5.33333,0.0,0.09091,0.0,139,12.0,146,9.0,11.0,17,NE,Jacoby Brissett,0.69875
00-0033217,0.06706,0.52174,6.3913,0.0,,0.125,0.0,23.0,343,0.0,366,16.0,51.0,17,IND,Mo Alie-Cox,0.43824
00-0033246,0.07105,0.7037,5.25926,0.0,,0.09091,0.0,27.0,380,0.0,331,33.0,31.0,18,MIN,Johnny Mundt,0.40294
00-0033280,0.18095,0.78947,7.68421,0.55556,4.04,0.16667,0.25,19.0,105,50.0,90,6.0,4.0,4,SF,Christian McCaffrey,0.7225
00-0033282,0.1122,0.67391,5.5,0.01316,2.8,0.08333,0.01961,46.0,410,5.0,380,24.0,51.0,17,BUF,Curtis Samuel,0.415
00-0033288,0.20614,0.82979,11.76596,0.0,,0.34375,0.0,94.0,456,0.0,389,32.0,51.0,15,SF,George Kittle,0.866
00-0033292,0.02381,1.0,11.0,0.0,,0.0,0.0,1.0,42,0.0,27,2.0,3.0,2,SF,Trent Taylor,0.095
00-0033293,0.11969,0.82258,6.58065,0.59028,4.46275,0.15556,0.66667,62.0,518,255.0,432,45.0,36.0,18,MIN,Aaron Jones,0.63235
00-0033307,0.10053,0.73684,8.02632,0.00341,6.0,0.09524,0.0,38.0,378,1.0,293,21.0,20.0,13,NE,Kendrick Bourne,0.58333
00-0033357,0.13717,0.74194,6.03226,0.15538,7.12821,0.0,0.24,31.0,226,39.0,251,10.0,25.0,8,NO,Taysom Hill,0.425
00-0033375,0.09554,0.73333,8.75556,0.0,,0.15789,0.0,45.0,471,0.0,453,38.0,58.0,17,DET,Tim Patrick,0.59188
00-0033376,0.03788,0.6,4.4,0.0,,0.11111,0.0,5.0,132,0.0,143,9.0,14.0,19,BAL,Patrick Ricard,0.39882
00-0033439,0.04348,0.66667,5.41667,0.0,,0.06667,0.0,12.0,276,0.0,166,15.0,17.0,15,SEA,Pharaoh Brown,0.278
00-0033460,0.06897,0.5,3.0,0.0,,0.0,0.0,2.0,29,0.0,19,1.0,6.0,1,PHI,John Ross,0.21
00-0033526,0.06098,0.8,8.48571,0.04673,4.6,0.0625,0.025,35.0,574,20.0,428,48.0,40.0,20,KC,Samaje Perine,0.25824
00-0033536,0.07812,0.6,8.51429,0.0,,0.08696,0.0,35.0,448,0.0,345,23.0,24.0,19,PIT,Mike Williams,0.29111
00-0033537,0.0,,,0.19355,4.96667,0.0,0.16667,0.0,244,30.0,155,12.0,12.0,7,CLE,Deshaun Watson,0.88857
00-0033553,0.11202,0.85455,7.52727,0.55452,4.57741,0.03571,0.77419,55.0,491,239.0,431,28.0,31.0,16,ARI,James Conner,0.60625
00-0033555,0.10776,0.62,7.56,0.0,,0.23077,0.0,50.0,464,0.0,440,26.0,55.0,20,BUF,Mack Hollins,0.66647
00-0033557,0.0,,,0.04,1.0,,0.0,0.0,25,1.0,25,0.0,2.0,11,DET,Jalen Reeves-Maybin,0.0
00-0033576,0.05512,0.78571,5.71429,0.0,,0.13333,0.0,14.0,254,0.0,216,15.0,24.0,17,SF,Eric Saubert,0.33824
00-0033589,0.13443,0.5614,6.15789,0.0031,0.0,0.17391,0.0303,57.0,424,1.0,323,23.0,33.0,17,CAR,David Moore,0.53941
00-0033591,0.17337,0.625,8.08929,0.0,,0.09091,0.0,56.0,323,0.0,340,22.0,42.0,11,WAS,Noah Brown,0.63091
00-0033662,0.0,,,0.0819,1.42105,0.0,0.16667,0.0,331,19.0,232,18.0,12.0,17,DAL,Cooper Rush,0.69833
00-0033699,0.11884,0.85366,8.92683,0.22714,4.76623,0.04167,0.25581,41.0,345,77.0,339,24.0,43.0,15,WAS,Austin Ekeler,0.52667
00-0033854,0.06114,0.67857,7.07143,0.07902,2.65517,0.09375,0.05882,28.0,458,29.0,367,32.0,34.0,19,HOU,Dare Ogunbowale,0.27647
00-0033857,0.06842,0.69231,8.88462,0.0,,0.08696,0.0,26.0,380,0.0,256,23.0,15.0,17,KC,JuJu Smith-Schuster,0.46643
00-0033858,0.19372,0.79279,7.96396,0.00454,-0.5,0.28889,0.02564,111.0,573,2.0,441,45.0,39.0,17,MIA,Jonnu Smith,0.54882
00-0033863,0.01852,1.0,9.0,0.0,,0.2,0.0,1.0,54,0.0,15,5.0,1.0,18,DET,Dan Skipper,0.27
00-0033869,0.0,,,0.07353,2.4,0.0,0.09091,0.0,49,5.0,68,5.0,11.0,20,BUF,Mitchell Trubisky,0.17778
00-0033873,0.0019,1.0,2.0,0.095,8.86842,0.0,0.05263,1.0,526,38.0,400,44.0,38.0,19,KC,Patrick Mahomes,0.99312
00-0033881,0.2567,0.70149,5.44776,0.0,,0.16667,0.0,67.0,261,0.0,209,18.0,20.0,9,JAX,Evan Engram,0.72
00-0033885,0.22917,0.64646,5.10101,0.0,,0.44444,0.0,99.0,432,0.0,253,27.0,22.0,11,CLE,David Njoku,0.74909
00-0033891,0.05392,0.72727,7.63636,0.0,,0.0,0.0,11.0,204,0.0,157,17.0,15.0,11,ARI,Zay Jones,0.34545
00-0033893,0.01163,1.0,10.0,0.20513,2.5,0.0,0.0,1.0,86,8.0,39,8.0,4.0,2,DAL,Dalvin Cook,0.18
00-0033895,0.04498,0.61538,2.76923,0.0,,0.0,0.0,13.0,289,0.0,227,21.0,21.0,17,CHI,Gerald Everett,0.21588
00-0033897,0.12093,0.69231,5.94231,0.69774,4.11336,0.17857,0.83784,52.0,430,247.0,354,28.0,37.0,16,HOU,Joe Mixon,0.61714
00-0033906,0.2119,0.76404,6.10112,0.5953,4.16667,0.0,0.58621,89.0,420,228.0,383,17.0,29.0,14,NO,Alvin Kamara,0.70857
00-0033908,0.2611,0.67,7.1,0.00647,5.0,0.26667,0.0,100.0,383,2.0,309,30.0,28.0,14,LA,Cooper Kupp,0.815
00-0033921,0.26383,0.80645,9.29032,0.00559,2.0,0.20833,0.0,62.0,235,1.0,179,24.0,19.0,7,TB,Chris Godwin,0.87
00-0033923,0.06809,0.71875,5.5,0.59524,3.64,0.13953,0.8,32.0,470,200.0,336,43.0,30.0,17,KC,Kareem Hunt,0.51692
00-0033925,0.02286,0.75,6.75,0.31004,3.26761,0.0,0.45,8.0,350,71.0,229,18.0,20.0,11,CLE,D'Onta Foreman,0.26727
00-0033943,0.08889,0.54167,8.08333,0.0,,0.16667,0.0,24.0,270,0.0,207,12.0,19.0,9,DEN,Josh Reynolds,0.578
00-0033948,0.02906,0.75,4.75,0.14724,3.41667,0.09091,0.17391,12.0,413,48.0,326,11.0,23.0,14,NO,Jamaal Williams,0.19929
00-0033949,0.0,,,0.17778,3.125,0.0,0.3,0.0,78,8.0,45,6.0,10.0,4,SF,Joshua Dobbs,0.54
00-0033955,0.02837,0.75,2.25,0.12844,4.66071,0.0,0.14286,12.0,423,56.0,436,31.0,56.0,20,WAS,Jeremy McNichols,0.21412
00-0034054,0.0687,0.77778,7.33333,0.0,,0.11111,0.0,9.0,131,0.0,97,9.0,5.0,8,MIA,River Cracraft,0.2275
00-0034073,0.03448,1.0,5.0,0.0,,,,1.0,29,0.0,21,0.0,0.0,17,ATL,Ross Dwelley,0.09882
00-0034115,0.0124,1.0,6.33333,0.09195,3.5625,0.0,0.11111,3.0,242,16.0,174,18.0,18.0,9,MIA,Jeff Wilson,0.11556
00-0034159,0.14849,0.78125,7.51562,0.0,,0.08696,0.0,64.0,431,0.0,407,23.0,44.0,16,LAC,Will Dissly,0.56467
00-0034162,0.0,,,0.03571,0.0,0.0,0.0,0.0,30,1.0,28,3.0,2.0,18,LAC,J.K. Scott,0.0
00-0034177,0.0,,,0.03448,5.0,0.0,0.0,0.0,53,2.0,58,4.0,3.0,7,MIA,Tim Boyle,0.38
00-0034184,0.01701,0.6,1.2,0.38202,3.57843,0.0,0.5,5.0,294,102.0,267,14.0,26.0,12,LAC,Gus Edwards,0.34727
00-0034208,0.0219,0.33333,-0.66667,0.11504,3.92308,0.0,0.09091,3.0,137,13.0,113,7.0,11.0,6,CAR,Mike Boone,0.12
00-0034270,0.1292,0.69863,6.15068,0.00295,0.0,0.16279,0.0,73.0,565,1.0,339,43.0,18.0,16,NYJ,Tyler Conklin,0.80062
00-0034272,0.11765,0.43182,9.34091,0.00296,4.0,0.07692,0.0,44.0,374,1.0,338,13.0,25.0,14,NO,Marquez Valdes-Scantling,0.6675
00-0034348,0.25714,0.6,8.00741,0.0,,0.3,0.0,135.0,525,0.0,411,30.0,31.0,18,DEN,Courtland Sutton,0.85235
00-0034351,0.19331,0.80769,9.53846,0.0,,0.1875,0.0,52.0,269,0.0,323,16.0,31.0,14,PHI,Dallas Goedert,0.65
00-0034353,0.0625,1.0,16.0,0.0,,0.0,0.0,1.0,16,0.0,43,2.0,3.0,4,BAL,Anthony Miller,0.075
00-0034364,0.09385,0.68966,6.72414,0.0,,0.125,0.0,58.0,618,0.0,362,32.0,31.0,17,CLE,Jordan Akins,0.39118
00-0034365,0.07595,0.5,1.16667,0.0,,0.0,0.0,6.0,79,0.0,78,7.0,5.0,5,CAR,Ian Thomas,0.344
00-0034383,0.15539,0.62353,6.25882,0.0,,0.05556,0.0,85.0,547,0.0,422,36.0,41.0,19,HOU,Dalton Schultz,0.78176
00-0034386,0.06349,0.6875,9.03125,0.0,,0.02273,0.0,32.0,504,0.0,369,44.0,38.0,20,KC,Justin Watson,0.60353
00-0034407,0.16111,0.71264,7.88506,0.02066,7.9,0.05,0.0,87.0,540,10.0,484,20.0,51.0,17,ATL,Ray-Ray McCloud,0.85118
00-0034418,0.08257,0.74074,7.81481,0.0,,0.0,0.0,27.0,327,0.0,241,10.0,8.0,15,NO,Cedrick Wilson Jr.,0.396
00-0034419,0.03846,0.0,0.0,0.0,,0.16667,0.0,4.0,104,0.0,77,6.0,7.0,6,MIA,Braxton Berrios,0.26833
00-0034487,0.03814,0.88889,9.22222,0.0,,0.04762,0.0,9.0,236,0.0,234,21.0,18.0,18,MIN,Trent Sherfield,0.16118
00-0034488,0.0,,,0.04762,-2.0,0.0,0.0,0.0,46,1.0,21,4.0,1.0,18,TB,Tavierre Thomas,0.0
00-0034521,0.13761,0.61667,8.83333,0.0,,0.09091,0.0,60.0,436,0.0,255,33.0,15.0,12,NYJ,Allen Lazard,0.84333
00-0034571,0.04348,1.0,1.0,0.0,,0.5,0.0,1.0,23,0.0,30,2.0,4.0,20,WAS,Trent Scott,
00-0034613,0.06818,0.79167,6.41667,0.00538,1.0,0.09091,0.0,24.0,352,1.0,186,33.0,22.0,12,CIN,Tanner Hudson,0.15727
00-0034646,0.04854,0.7,7.1,0.0,,0.0,0.0,10.0,206,0.0,186,19.0,15.0,18,MIN,Brandon Powell,0.19824
00-0034753,0.15066,0.7971,9.75362,0.00739,1.25,0.19355,0.02222,69.0,458,4.0,541,31.0,45.0,19,BAL,Mark Andrews,0.61118
00-0034771,0.0,,,0.11707,4.45833,0.0,0.07692,0.0,231,24.0,205,13.0,13.0,17,TEN,Mason Rudolph,0.8475
00-0034775,0.19342,0.57447,8.06383,0.0,,0.14286,0.0,47.0,243,0.0,191,21.0,24.0,8,JAX,Christian Kirk,0.7
00-0034777,0.07299,0.4,3.1,0.0,,0.28571,0.0,10.0,137,0.0,106,7.0,18.0,8,LAC,DJ Chark,0.21714
00-0034791,0.03245,0.45455,2.81818,0.56044,3.2549,0.04762,0.76923,11.0,339,102.0,182,21.0,13.0,8,CLE,Nick Chubb,0.4125
00-0034796,0.0,,,0.2366,7.24219,0.0,0.2,0.0,458,128.0,541,31.0,45.0,19,BAL,Lamar Jackson,0.96529
00-0034798,0.0364,0.52941,3.11765,0.0,,0.05128,0.0,17.0,467,0.0,320,39.0,29.0,17,MIA,Durham Smythe,0.32235
00-0034827,0.26493,0.69014,6.80282,0.03341,5.35714,0.23529,0.0,142.0,536,14.0,419,34.0,33.0,17,CHI,DJ Moore,0.93824
00-0034829,0.13674,0.78313,8.01205,0.0,,0.04615,0.0,83.0,607,0.0,350,65.0,45.0,17,CIN,Mike Gesicki,0.44765
00-0034830,0.07879,0.61538,5.61538,0.0,,0.3,0.0,13.0,165,0.0,194,10.0,18.0,9,LAC,Hayden Hurst,0.33111
00-0034834,0.02857,1.0,2.0,0.0,,0.2,0.0,1.0,35,0.0,26,5.0,4.0,14,CIN,Sam Hubbard,0.00643
00-0034837,0.23529,0.53333,8.475,0.01786,6.875,0.12,0.03846,120.0,510,8.0,448,25.0,26.0,17,TEN,Calvin Ridley,0.81294
00-0034844,0.11376,0.76744,6.46512,0.60417,5.76149,0.09091,0.45588,43.0,378,348.0,576,22.0,68.0,20,PHI,Saquon Barkley,0.73438
00-0034854,0.06704,0.58333,10.91667,0.0,,0.5,0.0,12.0,179,0.0,127,2.0,16.0,17,ATL,KhaDarel Hodge,0.2
00-0034855,0.0,,,0.11648,7.28302,0.0,0.09756,0.0,533,53.0,455,48.0,41.0,18,TB,Baker Mayfield,0.98529
00-0034857,0.0,,,0.21461,5.73404,0.0,0.33962,0.0,465,94.0,438,27.0,53.0,20,BUF,Josh Allen,0.89059
00-0034860,0.11789,0.41379,4.13793,0.0,,0.33333,0.0,29.0,246,0.0,183,9.0,10.0,8,NO,Dante Pettis,0.3075
00-0034869,0.0,,,0.12748,5.17778,0.0,0.13333,0.0,415,45.0,353,35.0,30.0,18,MIN,Sam Darnold,0.99412
00-0034928,0.0,,,0.03846,0.0,0.0,0.0,0.0,39,1.0,26,3.0,4.0,11,HOU,Steven Sims,0.02
00-0034959,0.02941,0.0,0.0,0.0,,0.0,0.0,2.0,68,0.0,53,4.0,1.0,5,GB,Andrew Beck,0.08
00-0034960,0.24952,0.66923,7.9,0.00619,11.5,0.28,0.0,130.0,521,2.0,323,25.0,32.0,15,LV,Jakobi Meyers,0.91667
00-0034972,0.10021,0.75,6.125,0.43791,3.13433,0.04348,0.55172,48.0,479,134.0,306,23.0,29.0,14,LV,Alexander Mattison,0.49071
00-0034974,0.0,,,0.06667,2.0,0.0,0.0,0.0,42,1.0,15,1.0,3.0,17,SEA,Julian Love,0.0
00-0034975,0.12379,0.82353,7.5098,0.10151,4.74468,0.07407,0.07692,51.0,412,47.0,463,27.0,39.0,17,BAL,Justice Hill,0.41733
00-0034981,0.09149,0.74419,9.60465,0.0,,0.3125,0.0,43.0,470,0.0,366,16.0,19.0,17,NO,Foster Moreau,0.69118
00-0035021,0.03101,0.25,8.375,0.02336,9.0,0.07143,0.0,8.0,258,5.0,214,14.0,29.0,15,IND,Ashton Dulin,0.19867
00-0035125,0.03846,0.91667,8.0,0.04016,1.7,0.04762,0.04762,12.0,312,10.0,249,21.0,21.0,15,MIA,Alec Ingold,0.33133
00-0035140,0.05761,0.85714,6.42857,0.02551,12.4,0.06667,0.0,14.0,243,5.0,196,30.0,24.0,12,KC,Mecole Hardman,0.1375
00-0035208,0.14191,0.70312,7.90625,0.00221,8.0,0.09375,0.0,64.0,451,1.0,453,32.0,62.0,20,WAS,Olamide Zaccheaus,0.42059
00-0035216,0.2012,0.49254,5.59701,0.00752,3.0,0.33333,0.0,67.0,333,2.0,266,27.0,24.0,14,CAR,Diontae Johnson,0.8
00-0035228,0.0,,,0.15904,7.9589,0.0,0.11765,0.0,523,73.0,459,30.0,34.0,17,ARI,Kyler Murray,0.97118
00-0035229,0.18182,0.66129,7.33871,0.0,,0.03448,0.0,62.0,341,0.0,257,29.0,19.0,11,MIN,T.J. Hockenson,0.615
00-0035243,0.0885,0.8,4.93333,0.20992,3.72727,0.0,0.13636,30.0,339,55.0,262,23.0,22.0,11,CAR,Miles Sanders,0.33364
00-0035249,0.08589,0.78571,9.21429,0.0,,0.06667,0.0,28.0,326,0.0,289,30.0,22.0,16,MIN,Josh Oliver,0.55467
00-0035250,0.04888,0.875,4.95833,0.32471,3.86726,0.0,0.36,24.0,491,113.0,348,26.0,25.0,15,NYG,Devin Singletary,0.38933
00-0035261,0.11875,0.7193,4.17544,0.6244,4.1341,0.04167,0.57692,57.0,480,261.0,418,24.0,26.0,16,TEN,Tony Pollard,0.67812
00-0035264,0.0,,,0.02381,8.0,0.0,0.0,0.0,29,1.0,42,4.0,5.0,18,DEN,Jarrett Stidham,0.06667
00-0035280,0.0,,,0.02439,0.0,0.0,0.0,0.0,32,1.0,41,1.0,1.0,17,MIA,Jake Bailey,0.0
00-0035289,0.0,,,0.08982,4.13333,0.0,0.0625,0.0,287,15.0,167,17.0,16.0,11,LV,Gardner Minshew,0.865
00-0035298,0.08738,0.55556,7.66667,0.0,,0.0,0.0,9.0,103,0.0,109,8.0,9.0,13,PIT,Scott Miller,0.25
00-0035311,0.01961,1.0,11.0,0.0566,-0.33333,0.0,0.0,1.0,51,3.0,53,2.0,5.0,5,MIN,Myles Gaskin,0.022
00-0035341,0.07353,0.3,1.5,0.0,,0.3125,0.0,10.0,136,0.0,86,16.0,14.0,8,CIN,Trenton Irwin,0.29143
00-0035406,0.10022,0.68889,6.51111,0.0,,0.15385,0.0,45.0,449,0.0,372,26.0,27.0,18,DEN,Lil'Jordan Humphrey,0.49706
00-0035500,0.0956,0.74,6.84,0.01089,6.2,0.06667,0.02941,50.0,523,5.0,459,30.0,34.0,17,ARI,Greg Dortch,0.40235
00-0035535,0.13688,0.54167,7.95833,0.00529,8.5,0.03704,0.03571,72.0,526,2.0,378,27.0,28.0,16,NYG,Darius Slayton,0.83062
00-0035537,0.0504,0.72,11.36,0.08705,5.19512,0.03448,0.05,25.0,496,41.0,471,29.0,60.0,20,BUF,Ty Johnson,0.28765
00-0035544,0.01887,0.0,0.0,0.0,,0.0,0.0,1.0,53,0.0,27,1.0,2.0,4,DET,Tom Kennedy,0.0575
00-0035547,0.03191,0.33333,1.66667,0.0,,0.1,0.0,3.0,94,0.0,99,10.0,13.0,3,KC,Joseph Fortson,
00-0035567,0.02415,0.6,8.0,0.13901,4.48387,0.0,0.0,5.0,207,31.0,223,21.0,28.0,18,DET,Craig Reynolds,0.08529
00-0035594,0.02479,1.0,3.66667,0.06593,3.83333,0.0,0.0,3.0,121,6.0,91,8.0,5.0,10,CHI,Travis Homer,0.116
00-0035602,0.10526,0.75,7.75,0.0,,0.33333,0.0,4.0,38,0.0,19,3.0,4.0,6,LV,Alex Bachman,0.17
00-0035628,0.05121,0.63158,5.05263,0.11268,4.46875,0.03571,0.09091,19.0,371,32.0,284,28.0,33.0,14,JAX,D'Ernest Johnson,0.22929
00-0035631,0.05379,0.90909,4.95455,0.00392,-4.0,0.02083,0.02941,22.0,409,1.0,255,48.0,34.0,17,CIN,Drew Sample,0.57176
00-0035639,0.08333,0.75,3.75,0.0,,0.5,0.0,8.0,96,0.0,117,2.0,20.0,10,PHI,Parris Campbell,0.45
00-0035640,0.21331,0.6055,9.10092,0.0,,0.22222,0.0,109.0,511,0.0,322,27.0,26.0,15,SEA,DK Metcalf,0.86
00-0035644,0.13361,0.75,7.8125,0.0,,0.03846,0.0,64.0,479,0.0,292,26.0,30.0,14,SEA,Noah Fant,0.63286
00-0035659,0.23228,0.69492,9.28814,0.00388,1.0,0.25,0.0,118.0,508,2.0,515,36.0,67.0,20,WAS,Terry McLaurin,0.80471
00-0035662,0.1875,0.6,6.06667,0.0,,0.0,0.0,15.0,80,0.0,46,4.0,3.0,6,KC,Marquise Brown,0.335
00-0035676,0.34155,0.69072,11.12371,0.0,,0.30769,0.0,97.0,284,0.0,497,13.0,57.0,17,PHI,A.J. Brown,0.86615
00-0035685,0.08941,0.94737,8.97368,0.43765,4.16667,0.0,0.64151,38.0,425,186.0,425,33.0,53.0,15,DET,David Montgomery,0.41857
00-0035689,0.07895,0.66667,9.42424,0.0,,0.07407,0.0,33.0,418,0.0,387,27.0,50.0,20,BUF,Dawson Knox,0.60062
00-0035700,0.09188,0.83721,7.95349,0.58607,4.38614,0.10345,0.72414,43.0,468,303.0,517,29.0,58.0,18,GB,Josh Jacobs,0.63412
00-0035704,0.0,,,0.11111,9.85714,0.0,0.33333,0.0,193,14.0,126,7.0,6.0,16,NYG,Drew Lock,0.6525
00-0035710,0.0,,,0.22642,4.56667,0.0,0.26316,0.0,328,60.0,265,18.0,19.0,10,NYG,Daniel Jones,0.979
00-0035719,0.19756,0.62963,8.2716,0.11507,3.2381,0.16667,0.11628,81.0,410,42.0,365,30.0,43.0,15,SF,Deebo Samuel Sr.,0.73133
00-0035795,0.03846,0.0,0.0,0.0,,0.0,0.0,1.0,26,0.0,40,2.0,4.0,16,PIT,James Pierre,0.0
00-0035806,0.04211,0.83333,4.91667,0.09091,3.45,0.0,0.0,12.0,285,20.0,220,16.0,12.0,15,NE,JaMycal Hasty,0.112
00-0035860,0.0,,,0.14286,13.75,0.0,0.0,0.0,32,4.0,28,2.0,3.0,1,ARI,Tony Jones,0.08
00-0035891,0.08824,0.66667,14.66667,0.0,,0.0,0.0,3.0,34,0.0,32,2.0,1.0,4,SEA,Cody White,0.2175
00-0035924,0.0,,,0.08475,4.4,0.0,0.0,0.0,50,5.0,59,3.0,8.0,4,PIT,Jonathan Ward,0.04
00-0035973,0.07006,0.27273,2.27273,0.27397,4.575,0.0,0.27273,11.0,157,40.0,146,10.0,22.0,13,SF,Patrick Taylor,0.19615
00-0035976,0.04598,0.75,9.25,0.0,,0.0,0.0,4.0,87,0.0,69,5.0,9.0,6,CAR,Dan Chisena,0.04833
00-0035993,0.0,,,0.15625,5.44,0.0,0.125,0.0,137,25.0,160,10.0,8.0,8,MIA,Tyler Huntley,0.934
00-0036037,0.02857,0.0,0.0,0.0,,0.0,,1.0,35,0.0,20,1.0,0.0,10,CAR,Sam Franklin Jr.,0.0
00-0036040,0.14108,0.73529,8.05882,0.0,,0.23529,0.0,68.0,482,0.0,371,17.0,27.0,17,NO,Juwan Johnson,0.64176
00-0036096,0.02703,0.66667,0.0,0.13333,4.4,0.0,0.16667,3.0,111,10.0,75,11.0,6.0,5,HOU,J.J. Taylor,0.09
00-0036133,0.04348,1.0,7.0,0.0,,0.0,0.0,3.0,69,0.0,47,1.0,3.0,9,CLE,James Proche,0.02667
00-0036139,0.08503,0.78,4.98,0.58458,4.59149,0.10714,0.41667,50.0,588,235.0,402,28.0,24.0,16,DAL,Rico Dowdle,0.575
00-0036158,0.1008,0.84211,3.76316,0.52846,4.64103,0.0,0.41463,38.0,377,195.0,369,21.0,41.0,14,LAC,J.K. Dobbins,0.63385
00-0036165,0.02941,1.0,6.0,0.0,,0.0,0.0,2.0,68,0.0,63,1.0,4.0,3,NYG,Isaiah Hodgins,0.28333
00-0036176,0.02817,1.0,8.5,0.0,,0.0,0.0,2.0,71,0.0,48,2.0,7.0,6,TEN,Mason Kinsey,0.18667
00-0036182,0.14851,0.53333,8.28333,0.0,,0.33333,0.0,60.0,404,0.0,343,21.0,16.0,17,TEN,Nick Westbrook-Ikhine,0.69941
00-0036183,0.07895,0.66667,6.0,0.0,,0.66667,0.0,3.0,38,0.0,19,3.0,4.0,3,LV,Kristian Wilkerson,0.22
00-0036187,0.0,,,0.04615,2.33333,0.0,0.1,0.0,58,3.0,65,3.0,10.0,18,BUF,Reggie Gilliam,0.14333
00-0036196,0.16031,0.47619,5.85714,0.0,,0.2381,0.0,42.0,262,0.0,203,21.0,25.0,10,JAX,Gabe Davis,
00-0036212,0.0,,,0.0625,4.90909,0.0,0.0,0.0,263,11.0,176,16.0,23.0,11,MIA,Tua Tagovailoa,0.97182
00-0036223,0.07928,0.58065,4.3871,0.75123,4.6918,0.05,0.71739,31.0,391,305.0,406,20.0,46.0,14,IND,Jonathan Taylor,0.80286
00-0036232,0.07273,0.75,7.16667,0.0,,0.0,0.0,12.0,165,0.0,112,8.0,13.0,13,LV,Harrison Bryant,0.25462
00-0036244,0.10699,0.61224,6.0,0.0,,0.08333,0.0,49.0,458,0.0,394,36.0,41.0,19,LA,Colby Parkinson,0.54882
00-0036251,0.1063,0.85185,6.92593,0.43023,3.27027,0.04348,0.64706,27.0,254,74.0,172,23.0,17.0,8,CIN,Zack Moss,0.6175
00-0036252,0.24401,0.61607,7.21429,0.0,,0.27778,0.0,112.0,459,0.0,467,18.0,56.0,16,IND,Michael Pittman,0.88062
00-0036254,0.03226,0.5,3.0,0.0,,0.0,0.0,2.0,62,0.0,38,4.0,4.0,9,CHI,Collin Johnson,0.05444
00-0036259,0.24726,0.68142,8.62832,0.0,,0.24242,0.0,113.0,457,0.0,391,33.0,44.0,15,SF,Jauan Jennings,0.744
00-0036261,0.2217,0.53191,7.85106,0.0,,0.09524,0.0,47.0,212,0.0,210,21.0,28.0,7,SF,Brandon Aiyuk,0.76143
00-0036264,0.0,,,0.06186,5.0,0.0,0.09756,0.0,290,18.0,291,19.0,41.0,16,GB,Jordan Love,0.91733
00-0036268,0.02732,1.0,7.2,0.00962,1.0,0.0,0.0,5.0,183,1.0,104,8.0,14.0,12,SEA,Laviska Shenault Jr.,0.06364
00-0036275,0.09888,0.79245,7.28302,0.60382,3.79051,0.02941,0.54545,53.0,536,253.0,419,34.0,33.0,17,CHI,D'Andre Swift,0.66824
00-0036290,0.12447,0.79661,8.0339,0.0,,0.26471,0.0,59.0,474,0.0,374,34.0,33.0,17,CHI,Cole Kmet,0.87235
00-0036297,0.0,,,0.14286,1.0,0.0,0.0,0.0,25,3.0,21,2.0,3.0,5,CHI,Darrynton Evans,0.016
00-0036309,0.21074,0.60377,9.35849,0.0,,0.1,0.0,106.0,503,0.0,446,20.0,44.0,16,ATL,Darnell Mooney,0.9275
00-0036322,0.2973,0.66883,9.95455,0.00231,3.0,0.28889,0.0,154.0,518,1.0,432,45.0,36.0,18,MIN,Justin Jefferson,0.93176
00-0036328,0.05754,0.7931,7.06897,0.27397,4.48333,0.0,0.17241,29.0,504,120.0,438,28.0,29.0,17,NE,Antonio Gibson,0.33294
00-0036329,0.0,,,0.04545,21.0,0.0,0.0,0.0,29,1.0,22,3.0,1.0,15,NYJ,Ashtyn Davis,0.0
00-0036331,0.04908,0.6875,4.9375,0.01695,0.75,0.0,0.0,16.0,326,4.0,236,18.0,14.0,13,JAX,Devin Duvernay,0.22154
00-0036332,0.02655,1.0,4.66667,0.0,,0.2,0.0,3.0,113,0.0,61,5.0,5.0,15,JAX,Josiah Deguara,0.08667
00-0036345,0.10651,0.38889,3.16667,0.0,,0.08333,0.0,18.0,169,0.0,176,12.0,14.0,9,NE,K.J. Osborn,0.53286
00-0036355,0.0,,,0.11316,6.95918,0.0,0.10417,0.0,462,49.0,433,24.0,48.0,18,LAC,Justin Herbert,0.97706
00-0036358,0.27353,0.65584,7.75325,0.03989,5.0,0.2,0.0,154.0,563,14.0,351,25.0,19.0,15,DAL,CeeDee Lamb,0.802
00-0036360,0.06849,0.6,4.8,0.40625,3.53846,0.0,0.0,5.0,73,13.0,32,1.0,2.0,2,NO,Clyde Edwards-Helaire,0.35
00-0036370,0.0,,,0.03125,2.0,0.0,,0.0,27,1.0,32,1.0,0.0,5,TEN,Joshua Kelley,0.02
00-0036387,0.05742,0.58333,8.33333,0.01695,-1.0,0.0,0.0,12.0,209,3.0,177,7.0,21.0,8,LAC,Jalen Reagor,0.2825
00-0036389,0.0,,,0.2444,4.9542,0.0,0.42188,0.0,360,131.0,536,22.0,64.0,19,PHI,Jalen Hurts,0.916
00-0036407,0.23089,0.60811,8.30405,0.0,,0.23529,0.0,148.0,641,0.0,387,34.0,32.0,17,CLE,Jerry Jeudy,0.89706
00-0036410,0.25057,0.66364,8.28182,0.0,,0.33333,0.0,110.0,439,0.0,266,45.0,30.0,12,CIN,Tee Higgins,0.79083
00-0036414,0.03442,0.77778,3.77778,0.27882,4.26923,0.09756,0.14815,18.0,523,104.0,373,41.0,27.0,18,MIN,Cam Akers,0.22333
00-0036415,0.09828,0.6,6.9,0.0,,0.29167,0.0,40.0,407,0.0,457,24.0,41.0,18,PIT,Van Jefferson,0.64706
00-0036422,0.05116,0.59091,8.54545,0.0,,0.04545,0.0,22.0,430,0.0,336,22.0,27.0,18,DEN,Adam Trautman,0.51824
00-0036425,0.01667,1.0,3.66667,0.05143,5.44444,0.08333,0.0,3.0,180,9.0,175,12.0,17.0,17,ARI,DeeJay Dallas,0.04588
00-0036427,0.11111,0.63415,7.09756,0.0,,0.16129,0.0,41.0,369,0.0,257,31.0,23.0,15,LA,Tyler Johnson,0.37667
00-0036429,0.05,0.58333,3.83333,0.0,,0.0,0.0,12.0,240,0.0,249,8.0,26.0,16,ATL,Charlie Woerner,0.42438
00-0036438,0.02439,0.0,0.0,0.0,,0.0,0.0,1.0,41,0.0,21,2.0,3.0,1,CAR,Stephen Sullivan,0.11
00-0036442,0.0,,,0.10954,6.83871,0.0,0.07692,0.0,482,31.0,283,55.0,39.0,17,CIN,Joe Burrow,0.99529
00-0036450,0.0,,,0.06061,2.0,0.0,0.0,0.0,26,2.0,33,1.0,6.0,3,SF,Ke'Shawn Vaughn,0.01667
00-0036463,0.03279,0.5,8.5,0.0,,0.0,0.0,2.0,61,0.0,59,3.0,9.0,6,ATL,Chris Blair,0.1
00-0036497,0.06024,0.6,8.2,0.0,,0.0,0.0,5.0,83,0.0,72,4.0,6.0,17,JAX,Tim Jones,0.16412
00-0036510,0.03941,0.625,5.875,0.0,,0.0,0.0,8.0,203,0.0,121,16.0,4.0,9,NYJ,Kenny Yeboah,0.19
00-0036527,0.08357,0.55172,5.44828,0.02304,6.6,0.0,0.0,29.0,347,5.0,217,20.0,20.0,12,LV,DJ Turner,0.43833
00-0036534,0.03226,1.0,22.0,0.0,,0.0,0.0,1.0,31,0.0,41,2.0,5.0,13,DET,Shane Zylstra,0.13583
00-0036550,0.17021,0.625,10.5,0.0,,0.09677,0.0,72.0,423,0.0,509,31.0,45.0,19,BAL,Rashod Bateman,0.69
00-0036554,0.2475,0.68687,10.16162,0.0,,0.36,0.0,99.0,400,0.0,270,25.0,30.0,14,HOU,Nico Collins,0.6625
00-0036555,0.11688,0.7963,3.16667,0.69722,4.76096,0.09375,0.71795,54.0,462,251.0,360,32.0,39.0,15,CAR,Chuba Hubbard,0.77333
00-0036556,0.04615,0.66667,2.33333,0.0,,0.0,0.0,3.0,65,0.0,60,4.0,7.0,2,HOU,Brevin Jordan,0.475
00-0036590,0.05298,0.625,4.5,0.0,,0.1,0.0,8.0,151,0.0,148,10.0,19.0,19,BUF,Quintin Morris,0.2025
00-0036613,0.16409,0.68235,9.02353,0.01036,3.0,0.11628,0.02778,85.0,518,4.0,386,43.0,36.0,15,MIA,Jaylen Waddle,0.78667
00-0036620,0.03226,1.0,14.66667,0.0,,0.0,0.0,3.0,93,0.0,69,7.0,8.0,6,MIA,D'Wayne Eskridge,0.09833
00-0036626,0.08929,0.75,7.7,0.00665,8.66667,0.0625,0.0,40.0,448,3.0,451,32.0,55.0,19,WAS,Dyami Brown,0.43125
00-0036628,0.04075,0.61538,6.46154,0.0,,0.0,0.0,13.0,319,0.0,297,21.0,33.0,20,WAS,John Bates,0.43941
00-0036630,0.05195,0.91667,16.08333,0.0,,0.0,0.0,12.0,231,0.0,251,13.0,19.0,19,BAL,Tylan Wallace,0.24765
00-0036637,0.08909,0.81633,8.91837,0.00253,-4.0,0.09091,0.0,49.0,550,1.0,396,44.0,34.0,20,KC,Noah Gray,0.56353
00-0036640,0.03571,0.5,2.5,0.0,,0.33333,0.0,2.0,56,0.0,64,3.0,6.0,3,BUF,Zach Davidson,0.22667
00-0036646,0.11189,0.375,6.625,0.0,,0.14286,0.0,16.0,143,0.0,126,7.0,8.0,9,LAC,Simi Fehoko,0.485
00-0036670,0.01515,1.0,10.0,0.09836,3.66667,0.0,0.25,1.0,66,6.0,61,8.0,12.0,2,DET,Jermar Jefferson,0.09
00-0036727,0.03448,0.0,0.0,0.0,,0.0,0.0,4.0,116,0.0,111,3.0,6.0,17,NO,Adam Prentice,0.24941
00-0036741,0.0625,0.66667,3.33333,0.0,,0.0,0.0,3.0,48,0.0,58,1.0,12.0,11,PHI,Jack Stoll,0.44
00-0036754,0.05948,0.8125,6.25,0.0,,0.11538,0.0,16.0,269,0.0,325,26.0,46.0,18,DET,Brock Wright,0.50941
00-0036825,0.02586,0.33333,4.0,0.0,,0.0,0.0,3.0,116,0.0,78,6.0,11.0,16,CAR,Feleipe Franks,0.04438
00-0036841,0.09375,0.66667,13.33333,0.0,,0.0,0.0,3.0,32,0.0,17,3.0,3.0,1,JAX,Austin Trammell,0.61
00-0036849,0.13248,0.67742,9.06452,0.00765,2.33333,0.02778,0.02632,62.0,468,3.0,392,36.0,38.0,19,LA,Tutu Atwell,0.39
00-0036862,0.04348,1.0,13.8,0.0,,0.0,0.0,5.0,115,0.0,97,5.0,7.0,11,PIT,Ben Skowronek,0.156
00-0036875,0.09663,0.76744,3.81395,0.53766,3.86957,0.18519,0.69231,43.0,445,207.0,385,27.0,26.0,16,NE,Rhamondre Stevenson,0.61533
00-0036876,0.07561,0.45161,5.87097,0.0,,0.09091,0.0,31.0,410,0.0,389,22.0,46.0,17,IND,Kylen Granson,0.40529
00-0036877,0.04348,1.0,6.0,0.0,,0.0,0.0,1.0,23,0.0,25,2.0,1.0,12,CLE,Jaelon Darden,0.04429
00-0036887,0.05183,0.70588,3.94118,0.0,,0.05,0.0,17.0,328,0.0,214,20.0,23.0,17,JAX,Luke Farrell,0.37647
00-0036893,0.1039,0.75,5.89583,0.50674,3.96578,0.0,0.53061,48.0,462,263.0,519,27.0,49.0,18,PIT,Najee Harris,0.5
00-0036894,0.16883,0.83333,8.39744,0.0,,0.14815,0.0,78.0,462,0.0,519,27.0,49.0,18,PIT,Pat Freiermuth,0.69294
00-0036898,0.0,,,0.07143,6.0,0.0,0.2,0.0,28,2.0,28,4.0,5.0,19,HOU,Davis Mills,0.2975
00-0036900,0.27778,0.72571,9.76,0.00815,10.66667,0.25373,0.0,175.0,630,3.0,368,67.0,45.0,17,CIN,Ja'Marr Chase,0.92294
00-0036906,0.03715,0.83333,2.08333,0.20571,3.61111,0.06061,0.26316,12.0,323,36.0,175,33.0,19.0,14,CIN,Khalil Herbert,0.1875
00-0036912,0.28754,0.75556,9.25556,0.00207,1.0,0.35294,0.0,90.0,313,1.0,483,17.0,54.0,17,PHI,DeVonta Smith,0.88538
00-0036913,0.00962,0.0,0.0,0.04651,-2.0,0.0,0.0,1.0,104,2.0,43,10.0,1.0,3,CLE,Kadarius Toney,0.07333
00-0036919,0.05473,0.72727,5.27273,0.13181,3.86667,0.0,0.12121,22.0,402,75.0,569,23.0,66.0,21,PHI,Kenneth Gainwell,0.26
00-0036924,0.10377,1.0,5.18182,0.44304,3.74286,0.0,0.6,11.0,106,35.0,79,7.0,5.0,3,ARI,Michael Carter,0.61667
00-0036945,0.0,,,0.19205,5.05172,0.0,0.33333,0.0,268,58.0,302,15.0,27.0,15,PIT,Justin Fields,0.616
00-0036955,0.03429,0.5,6.83333,0.0,,0.0,0.0,6.0,175,0.0,131,7.0,11.0,7,LV,Terrace Marshall Jr.,0.29286
00-0036963,0.2696,0.8156,8.95745,0.00387,3.0,0.35714,0.0,141.0,523,2.0,517,42.0,66.0,18,DET,Amon-Ra St. Brown,0.88294
00-0036970,0.13704,0.63514,8.13514,0.0,,0.2,0.0,74.0,540,0.0,484,20.0,51.0,17,ATL,Kyle Pitts,0.62
00-0036971,0.0,,,0.09871,5.30435,0.0,0.14815,0.0,319,23.0,233,27.0,27.0,10,JAX,Trevor Lawrence,0.902
00-0036972,0.0,,,0.13483,4.04167,0.0,0.18182,0.0,219,24.0,178,13.0,11.0,17,JAX,Mac Jones,0.798
00-0036973,0.10879,0.75,4.88462,0.43478,3.72,0.0625,0.35714,52.0,478,150.0,345,32.0,28.0,15,JAX,Travis Etienne,0.53933
00-0036980,0.15913,0.59804,5.27451,0.00258,1.0,0.05882,0.0,102.0,641,1.0,387,34.0,32.0,17,CLE,Elijah Moore,0.75706
00-0036984,0.0446,0.84211,5.21053,0.13592,2.83929,0.0,0.15217,19.0,426,56.0,412,19.0,46.0,17,IND,Trey Sermon,0.22059
00-0036988,0.15262,0.58209,8.58209,0.0,,0.2,0.0,67.0,439,0.0,390,20.0,36.0,15,LAC,Josh Palmer,0.66
00-0036990,0.02174,1.0,34.0,0.0,,0.0,0.0,1.0,46,0.0,16,4.0,1.0,14,LV,Divine Deablo,0.0
00-0036997,0.12727,0.74286,4.94286,0.31306,3.69065,0.03226,0.39394,70.0,550,139.0,444,31.0,33.0,18,DEN,Javonte Williams,0.52176
00-0037004,0.04054,0.77778,6.66667,0.0,,0.0,0.0,9.0,222,0.0,215,17.0,23.0,19,LA,Hunter Long,0.26235
00-0037005,0.09846,0.71875,7.3125,0.0,,0.05,0.0,32.0,325,0.0,242,20.0,27.0,12,CAR,Tommy Tremble,0.6725
00-0037012,0.0,,,0.09091,3.72727,0.0,0.09091,0.0,123,11.0,121,8.0,11.0,9,DAL,Trey Lance,0.3325
00-0037077,0.0,,,0.0625,2.0,,,0.0,31,1.0,16,0.0,0.0,17,SEA,Sam Howell,0.215
00-0037085,0.03261,1.0,-0.66667,0.14667,7.81818,0.0,0.0,3.0,92,11.0,75,3.0,6.0,4,DEN,Tyler Badie,0.10667
00-0037086,0.09494,0.8,9.93333,0.0,,0.04762,0.0,30.0,316,0.0,468,21.0,57.0,21,PHI,Grant Calcaterra,0.66
00-0037091,0.05199,0.47059,5.35294,0.02279,6.75,0.0,0.0,17.0,327,8.0,351,21.0,29.0,18,GB,Bo Melton,0.22824
00-0037093,0.03846,0.0,0.0,0.0,,0.0,0.0,1.0,26,0.0,30,2.0,1.0,14,SEA,Dareke Young,0.03071
00-0037120,0.05245,0.73333,4.06667,0.12121,4.78125,0.09091,0.15385,15.0,286,32.0,264,11.0,26.0,17,IND,Tyler Goodson,0.12625
00-0037132,0.09756,0.875,4.25,0.0,,0.22222,0.0,8.0,82,0.0,91,9.0,7.0,5,PHI,Britain Covey,0.144
00-0037156,0.025,0.0,0.0,0.0,,0.33333,0.0,1.0,40,0.0,15,3.0,1.0,13,NYJ,Irvin Charles,0.01308
00-0037197,0.064,0.75,4.9375,0.49405,3.73494,0.05882,0.41667,16.0,250,83.0,168,17.0,12.0,10,KC,Isiah Pacheco,0.47571
00-0037207,0.03226,1.0,5.0,0.0,,0.0,0.0,1.0,31,0.0,17,4.0,2.0,20,KC,Mike Caliendo,0.20059
00-0037216,0.025,0.0,0.0,0.0,,0.125,0.0,1.0,40,0.0,19,8.0,2.0,2,KC,Justyn Ross,0.09
00-0037228,0.11634,0.80851,6.59574,0.25918,4.25833,0.04545,0.13333,47.0,404,120.0,463,22.0,45.0,16,PIT,Jaylen Warren,0.44933
00-0037231,0.08943,0.5,6.86364,0.00546,9.0,0.0,0.0,22.0,246,1.0,183,9.0,10.0,8,NO,Kevin Austin Jr.,0.665
00-0037238,0.29444,0.62893,7.99371,0.00207,-3.0,0.55,0.0,159.0,540,1.0,484,20.0,51.0,17,ATL,Drake London,0.89706
00-0037239,0.18644,0.72727,9.09091,0.00431,7.0,0.11111,0.0,44.0,236,1.0,232,9.0,21.0,8,NO,Chris Olave,0.6175
00-0037240,0.18763,0.63736,10.45055,0.02371,5.54545,0.08333,0.01754,91.0,485,11.0,464,36.0,57.0,16,DET,Jameson Williams,0.79533
00-0037243,0.01923,1.0,0.0,0.0,,0.0,0.0,1.0,52,0.0,16,2.0,1.0,16,DAL,Tyler Smith,0.95562
00-0037247,0.26343,0.57282,8.73786,0.00449,-3.0,0.30435,0.0,103.0,391,2.0,445,23.0,44.0,15,PIT,George Pickens,0.80214
00-0037248,0.08034,0.84211,6.78947,0.46939,4.8744,0.03846,0.51786,38.0,473,207.0,441,26.0,56.0,19,BUF,James Cook,0.47688
00-0037252,0.12,0.41667,2.33333,0.0,,0.0,0.0,12.0,100,0.0,73,3.0,2.0,9,NYG,Greg Dulcich,0.092
00-0037253,0.01667,1.0,18.0,0.01852,5.0,0.0,0.0,1.0,60,1.0,54,4.0,7.0,14,NE,Marcus Jones,0.00571
00-0037256,0.11469,0.89474,6.89474,0.35468,4.25694,0.13953,0.34211,57.0,497,144.0,406,43.0,38.0,17,TB,Rachaad White,0.56625
00-0037257,0.09091,1.0,9.0,0.0,,,0.0,3.0,33,0.0,29,0.0,2.0,1,CLE,David Bell,0.13
00-0037258,0.01434,0.5,0.5,0.16878,7.325,0.0,0.03571,4.0,279,40.0,237,20.0,28.0,13,HOU,Dameon Pierce,0.16364
00-0037261,0.22936,0.76,8.21,0.00488,2.0,0.07407,0.0,100.0,436,2.0,410,27.0,51.0,19,BUF,Khalil Shakir,0.61333
00-0037263,0.02407,1.0,6.76923,0.28512,4.66667,0.0,0.27451,13.0,540,138.0,484,20.0,51.0,17,ATL,Tyler Allgeier,0.24941
00-0037267,0.08317,0.86047,5.23256,0.31902,5.43269,0.0,0.25,43.0,517,104.0,326,26.0,28.0,14,CLE,Jerome Ford,0.54
00-0037276,0.02007,1.0,7.0,0.21456,3.25,0.0,0.10526,6.0,299,56.0,261,21.0,19.0,18,MIN,Ty Chandler,0.13941
00-0037287,0.02703,1.0,4.0,0.0,,0.33333,0.0,1.0,37,0.0,30,3.0,3.0,14,NE,Vederian Lowe,0.87714
00-0037291,0.09091,0.66667,9.85714,0.00783,-1.33333,0.11628,0.0303,42.0,462,3.0,383,43.0,33.0,18,MIN,Jalen Nailor,0.52
00-0037292,0.04308,0.64286,7.78571,0.0,,0.0,0.0,14.0,325,0.0,328,19.0,40.0,17,IND,Andrew Ogletree,0.40235
00-0037300,0.08458,0.41176,3.82353,0.0,,0.1,0.0,17.0,201,0.0,120,10.0,10.0,5,CLE,Mike Woods,
00-0037304,0.06338,0.66667,4.44444,0.0,,0.2,0.0,9.0,142,0.0,143,5.0,11.0,18,PIT,Connor Heyward,0.18118
00-0037306,0.04545,1.0,2.0,0.0,,0.0,0.0,1.0,22,0.0,42,1.0,8.0,11,GB,John FitzPatrick,0.12667
00-0037324,0.0,,,0.09091,5.0,,,0.0,17,1.0,11,0.0,0.0,1,KC,Chris Oladokun,0.15
00-0037327,0.0,,,0.02941,4.0,0.0,0.0,0.0,37,1.0,34,2.0,3.0,11,MIA,Skylar Thompson,0.29333
00-0037348,0.07547,0.75,4.0,0.0,,0.0,0.0,4.0,53,0.0,48,4.0,5.0,8,MIA,Tanner Conner,0.04875
00-0037382,0.03846,1.0,9.0,0.0,,0.0,0.0,1.0,26,0.0,26,1.0,1.0,3,PIT,Brandon Johnson,0.1
00-0037422,0.02703,1.0,9.0,0.0,,0.0,0.0,1.0,37,0.0,29,6.0,6.0,2,CIN,Kendric Pryor,0.125
00-0037429,0.0,,,0.19481,5.33333,0.0,0.0,0.0,81,15.0,77,4.0,9.0,16,CAR,Raheem Blackshear,0.07188
00-0037450,0.0,,,0.07407,5.5,,0.0,0.0,24,2.0,27,0.0,3.0,4,LV,Tyreik McAllister,0.02333
00-0037475,0.08444,0.84211,10.94737,0.0,,0.0,0.0,19.0,225,0.0,169,8.0,14.0,16,LAC,Stone Smartt,0.192
00-0037487,0.03509,1.0,5.0,0.01802,3.5,0.125,0.0,4.0,114,2.0,111,8.0,20.0,7,CAR,Deven Thompkins,0.11571
00-0037509,0.04698,0.85714,4.14286,0.44828,4.69231,0.0,0.28571,7.0,149,39.0,87,8.0,7.0,5,LV,Sincere McCormick,0.26
00-0037524,0.07407,0.5,24.5,0.0,,0.0,,2.0,27,0.0,32,1.0,0.0,1,TEN,Tay Martin,0.06
00-0037525,0.04094,0.78571,6.42857,0.45672,5.15686,0.03571,0.5,14.0,342,153.0,335,28.0,38.0,12,SF,Jordan Mason,0.48667
00-0037539,0.07278,0.82609,6.6087,0.0,,0.0,0.0,23.0,316,0.0,254,21.0,21.0,14,DEN,Lucas Krull,0.35846
00-0037545,0.2426,0.4878,8.5122,0.03529,4.83333,0.33333,0.0,41.0,169,6.0,170,6.0,19.0,6,NO,Rashid Shaheed,0.75667
00-0037557,0.0355,0.83333,5.66667,0.1913,4.5,0.0,0.07692,6.0,169,22.0,115,16.0,13.0,19,LA,Ronnie Rivers,0.07353
00-0037569,0.03846,1.0,10.2,0.0,,0.0,0.0,5.0,130,0.0,82,18.0,9.0,10,KC,Peyton Hendershot,0.19714
00-0037578,0.01852,1.0,4.0,0.0,,0.0,,1.0,54,0.0,18,1.0,0.0,13,DAL,Juanyeh Thomas,0.0
00-0037594,0.01415,0.66667,3.66667,0.10185,4.63636,0.0,0.14286,3.0,212,22.0,216,12.0,7.0,17,TEN,Julius Chestnut,0.07118
00-0037609,0.0,,,0.06742,2.83333,0.0,0.09091,0.0,82,6.0,89,7.0,11.0,3,PIT,Aaron Shampklin,0.14667
00-0037614,0.11672,0.64865,6.86486,0.0,,0.15,0.0,37.0,317,0.0,243,20.0,28.0,15,HOU,John Metchie III,0.46154
00-0037617,0.00893,1.0,16.33333,0.10658,2.61765,0.0,0.28205,3.0,336,34.0,319,16.0,39.0,18,LAC,Hassan Haskins,0.11412
00-0037654,0.0354,0.875,4.875,0.0,,0.16667,0.0,8.0,226,0.0,157,6.0,18.0,10,LAC,Tucker Fisk,0.36111
00-0037664,0.14286,0.53623,11.94203,0.0,,0.16667,0.0,69.0,483,0.0,439,24.0,54.0,16,IND,Alec Pierce,0.80062
00-0037666,0.1264,0.62025,7.72152,0.0,,0.22581,0.0,79.0,625,0.0,420,31.0,26.0,17,DAL,Jalen Tolbert,0.75765
00-0037740,0.26094,0.65161,7.12258,0.00554,2.5,0.26087,0.0,155.0,594,2.0,361,46.0,19.0,17,NYJ,Garrett Wilson,0.96294
00-0037741,0.09244,0.57576,6.54545,0.00207,13.0,0.0,0.0,33.0,357,1.0,482,22.0,55.0,21,PHI,Jahan Dotson,0.58235
00-0037742,0.06015,0.5,4.25,0.01504,0.5,0.0,0.0,8.0,133,2.0,133,5.0,10.0,5,TEN,Treylon Burks,0.474
00-0037744,0.29341,0.7551,7.79592,0.00234,2.0,0.44828,0.03125,147.0,501,1.0,427,29.0,32.0,16,ARI,Trey McBride,0.89812
00-0037745,0.01923,1.0,8.0,0.09091,3.66667,0.0,,1.0,52,3.0,33,4.0,0.0,4,CAR,Velus Jones Jr.,0.03
00-0037746,0.05896,0.8,6.36,0.425,4.27273,0.0,0.44444,25.0,424,187.0,440,30.0,54.0,17,WAS,Brian Robinson,0.51571
00-0037801,0.09123,0.59615,8.07692,0.04278,5.75,0.06667,0.0,52.0,570,16.0,374,30.0,22.0,17,DAL,KaVontae Turpin,0.26706
00-0037805,0.06349,0.64286,3.75,0.0,,0.0,0.0,28.0,441,0.0,292,36.0,15.0,17,NYJ,Jeremy Ruckert,0.36765
00-0037809,0.147,0.73239,6.80282,0.0024,17.0,0.08333,0.0,71.0,483,1.0,416,24.0,26.0,17,TEN,Chig Okonkwo,
00-0037816,0.1973,0.63014,8.23288,0.0,,0.17391,0.0,73.0,370,0.0,408,23.0,44.0,14,GB,Romeo Doubs,0.77385
00-0037827,0.0,,,0.075,2.33333,,0.0,0.0,18,3.0,40,0.0,4.0,1,PHI,Tyrion Davis-Price,0.08
00-0037834,0.0,,,0.14951,5.37705,0.0,0.17308,0.0,446,61.0,408,34.0,52.0,15,SF,Brock Purdy,0.98933
00-0037837,0.12554,0.62069,9.44828,0.0,,0.07407,0.0,58.0,462,0.0,519,27.0,49.0,18,PIT,Calvin Austin III,0.53647
00-0037838,0.14356,0.72414,8.22414,0.0,,0.32,0.0,58.0,404,0.0,481,25.0,40.0,18,BAL,Isaiah Likely,0.59375
00-0037840,0.07952,0.85,4.55,0.76145,4.11076,0.10811,0.78571,40.0,503,316.0,415,37.0,42.0,18,LA,Kyren Williams,0.86375
00-0038040,0.03019,0.75,3.75,0.3869,2.81538,0.0,0.33333,8.0,265,65.0,168,15.0,18.0,8,LV,Zamir White,0.305
00-0038041,0.16667,0.68605,5.74419,0.0,,0.11111,0.0,86.0,516,0.0,341,27.0,21.0,14,DAL,Jake Ferguson,0.65286
00-0038046,0.05584,0.81818,11.90909,0.00467,2.0,0.06667,0.0,11.0,197,1.0,214,15.0,19.0,15,BAL,Charlie Kolar,0.30077
00-0038090,0.0566,0.0,0.0,0.0,,0.0,0.0,3.0,53,0.0,60,2.0,7.0,6,KC,Skyy Moore,0.20333
00-0038092,0.06452,0.0,0.0,0.0,,0.0,0.0,2.0,31,0.0,18,3.0,2.0,2,MIA,Erik Ezukanma,0.14
00-0038098,0.05226,0.63636,4.72727,0.1,4.15385,0.0,0.0,22.0,421,26.0,260,19.0,21.0,14,CLE,Pierre Strong,0.19214
00-0038102,0.0,,,0.06034,2.42857,0.0,0.18182,0.0,63,7.0,116,3.0,11.0,21,PHI,Kenny Pickett,0.388
00-0038104,0.07339,0.5,5.875,0.0,,0.0,0.0,8.0,109,0.0,106,7.0,7.0,6,NE,Tyquan Thornton,0.295
00-0038108,0.0,,,0.05556,3.0,0.0,0.0,0.0,33,1.0,18,2.0,1.0,3,CLE,Bailey Zappe,0.9
00-0038115,0.06967,0.82353,7.35294,0.0,,0.0,0.0,17.0,244,0.0,148,13.0,9.0,17,NYG,Daniel Bellinger,0.33059
00-0038117,0.2509,0.66429,4.99286,0.0073,6.0,0.32143,0.0,140.0,558,3.0,411,28.0,31.0,17,NYG,Wan'Dale Robinson,0.75941
00-0038120,0.13694,0.75,6.35526,0.62353,4.13208,0.06977,0.72222,76.0,555,212.0,340,43.0,18.0,16,NYJ,Breece Hall,0.72375
00-0038122,0.0,,,0.10843,4.0,0.0,0.1,0.0,147,9.0,83,7.0,10.0,10,LV,Desmond Ridder,0.33333
00-0038123,0.0,,,0.04,10.0,0.0,,0.0,28,1.0,25,2.0,0.0,17,NYG,Dane Belton,0.0
00-0038124,0.135,0.53704,11.48148,0.00971,5.75,0.12,0.0,54.0,400,4.0,412,25.0,49.0,15,GB,Christian Watson,0.59067
00-0038128,0.0,,,0.08163,8.875,0.0,0.07143,0.0,112,16.0,196,6.0,14.0,18,GB,Malik Willis,0.46429
00-0038129,0.18954,0.67816,6.89655,0.00262,-4.0,0.19512,0.0,87.0,459,1.0,381,41.0,38.0,15,TB,Cade Otton,0.92857
00-0038134,0.13731,0.86792,5.64151,0.64557,3.7451,0.04167,0.6,53.0,386,153.0,237,24.0,25.0,11,SEA,Kenneth Walker III,0.63273
00-0038359,0.01852,1.0,3.0,0.05263,9.0,0.0,0.0,2.0,108,4.0,76,8.0,9.0,17,LA,Xavier Smith,0.03533
00-0038393,0.16239,0.51316,5.46053,0.0,,0.2069,0.0,76.0,468,0.0,517,29.0,58.0,18,GB,Dontayvion Wicks,0.54706
00-0038394,0.03493,0.5,3.625,0.0,,0.0,0.0,8.0,229,0.0,196,13.0,26.0,10,IND,Will Mallory,0.14
00-0038396,0.03274,0.90909,7.45455,0.05932,2.21429,0.07143,0.2,11.0,336,14.0,236,14.0,15.0,17,NYG,Eric Gray,0.09529
00-0038400,0.0,,,0.08333,1.0,0.0,,0.0,41,2.0,24,2.0,0.0,2,PHI,Tanner McKee,0.66
00-0038454,0.02174,1.0,28.0,0.19231,2.0,0.0,0.0,1.0,46,15.0,78,4.0,6.0,7,BAL,Keaton Mitchell,0.108
00-0038465,0.08228,0.76923,7.46154,0.0,,0.2,0.0,13.0,158,0.0,146,10.0,17.0,14,GB,Malik Heath,0.19846
00-0038476,0.0,,,0.18421,4.71429,0.0,0.0,0.0,64,7.0,38,3.0,6.0,6,NYG,Tommy DeVito,0.48667
00-0038489,0.04167,1.0,0.0,0.0,,0.0,0.0,1.0,24,0.0,45,1.0,2.0,11,PHI,Ben VanSumeren,0.03091
00-0038496,0.04135,0.54545,3.54545,0.00543,5.0,0.08,0.0,11.0,266,1.0,184,25.0,14.0,17,NYJ,Xavier Gipson,0.18118
00-0038498,0.0339,0.5,3.5,0.0,,0.5,0.0,2.0,59,0.0,64,2.0,4.0,12,PHI,E.J. Jenkins,0.16875
00-0038507,0.05263,0.5,2.75,0.0,,0.0,0.0,4.0,76,0.0,53,3.0,3.0,3,MIA,Grant DuBose,0.22667
00-0038519,0.35294,0.33333,8.0,0.0,,,,6.0,17,0.0,11,0.0,0.0,8,KC,Nikko Remigio,0.206
00-0038542,0.13333,0.84722,5.98611,0.63017,4.77377,0.05,0.68627,72.0,540,305.0,484,20.0,51.0,17,ATL,Bijan Robinson,0.75353
00-0038543,0.24126,0.72464,8.18841,0.01351,5.2,0.27586,0.0,138.0,572,5.0,370,29.0,35.0,17,SEA,Jaxon Smith-Njigba,0.86412
00-0038544,0.21311,0.6044,7.81319,0.00761,2.0,0.09524,0.0,91.0,427,3.0,394,21.0,46.0,16,LAC,Quentin Johnston,0.708
00-0038547,0.09424,0.75,6.69444,0.0,,0.0,0.0,36.0,382,0.0,249,17.0,19.0,17,DAL,Luke Schoonmaker,0.34471
00-0038550,0.0,,,0.04878,2.5,0.0,0.0,0.0,31,2.0,41,2.0,5.0,17,DET,Hendon Hooker,0.16333
00-0038551,0.04,0.625,4.125,0.31967,3.79487,0.0,1.0,8.0,200,39.0,122,6.0,1.0,6,NO,Kendre Miller,0.28
00-0038555,0.02532,0.58333,4.5,0.45528,4.55952,0.0,0.58333,12.0,474,168.0,369,34.0,36.0,16,JAX,Tank Bigsby,0.36125
00-0038558,0.07042,0.76,8.0,0.0,,0.08696,0.0,25.0,355,0.0,426,23.0,42.0,18,PIT,Darnell Washington,0.51235
00-0038559,0.1446,0.66197,7.71831,0.00232,7.0,0.17857,0.0,71.0,491,1.0,431,28.0,31.0,16,ARI,Michael Wilson,0.79562
00-0038563,0.13636,0.58025,6.65432,0.02426,4.88889,0.03333,0.02778,81.0,594,9.0,371,30.0,36.0,17,LV,Tre Tucker,0.87235
00-0038573,0.05263,0.76471,6.58824,0.0404,3.25,0.0,0.02381,17.0,323,12.0,297,16.0,42.0,16,LAC,Derius Davis,0.154
00-0038576,0.03448,1.0,5.0,0.0,,,0.0,1.0,29,0.0,16,0.0,2.0,8,CIN,Charlie Jones,0.055
00-0038579,0.0,,,0.11667,3.07143,0.0,0.09091,0.0,175,14.0,120,6.0,11.0,12,LV,Aidan O'Connell,0.70556
00-0038582,0.0,,,0.05263,-0.4,0.0,0.0,0.0,78,5.0,95,5.0,7.0,17,ARI,Clayton Tune,0.08167
00-0038583,0.0,,,0.18182,6.2,0.0,0.07692,0.0,188,20.0,110,9.0,13.0,11,CLE,Dorian Thompson-Robinson,0.40714
00-0038589,0.08962,0.73684,6.52632,0.0,,0.13043,0.0,38.0,424,0.0,369,23.0,22.0,17,TEN,Josh Whyle,0.32
00-0038597,0.1113,0.83077,5.53846,0.66092,4.30435,0.1129,0.65909,65.0,584,230.0,348,62.0,44.0,16,CIN,Chase Brown,0.6275
00-0038606,0.13766,0.60377,7.35849,0.0,,0.2381,0.0,53.0,385,0.0,285,21.0,21.0,17,JAX,Parker Washington,0.55294
00-0038608,0.15098,0.62319,8.53623,0.0,,0.12,0.0,69.0,457,0.0,366,25.0,23.0,16,NE,Kayshon Boutte,0.78067
00-0038611,0.00546,1.0,12.0,0.17857,4.94286,0.0,0.25806,1.0,183,35.0,196,12.0,31.0,9,WAS,Chris Rodriguez Jr.,0.11778
00-0038614,0.03623,0.8,5.6,0.0,,0.0,0.0,5.0,138,0.0,117,11.0,9.0,18,LAC,Scott Matlock,0.33647
00-0038618,0.05882,0.46154,4.5,0.0,,0.03226,0.0,26.0,442,0.0,349,31.0,30.0,18,HOU,Xavier Hutchinson,0.47062
00-0038619,0.09683,0.59016,7.85246,0.0,,0.14925,0.0,61.0,630,0.0,368,67.0,45.0,17,CIN,Andrei Iosivas,0.78412
00-0038621,0.18125,0.75862,7.13793,0.00746,5.33333,0.07692,0.0,87.0,480,3.0,402,26.0,25.0,17,NE,Demario Douglas,0.62647
00-0038622,0.0237,0.6,3.6,0.14407,4.11765,0.0,0.125,5.0,211,17.0,118,8.0,8.0,8,DAL,Deuce Vaughn,0.09714
00-0038636,0.01878,0.75,5.5,0.19872,5.54839,0.0,0.0,4.0,213,31.0,156,6.0,12.0,17,SEA,Kenny McIntosh,0.07471
00-0038640,0.06696,0.4,5.9,0.0,,0.13043,0.0,30.0,448,0.0,299,23.0,17.0,14,DAL,Jalen Brooks,0.38286
00-0038643,0.04762,0.0,0.0,0.0,,0.0,0.0,2.0,42,0.0,27,2.0,3.0,10,SF,Brayden Willis,0.037
00-0038647,0.06897,0.33333,3.66667,0.0,,0.0,0.0,6.0,87,0.0,93,6.0,16.0,9,SF,Ronnie Bell,0.19
00-0038678,0.08696,0.66667,3.94444,0.10526,3.5,0.0,0.0,18.0,207,20.0,190,6.0,16.0,11,NO,Jordan Mims,0.15182
00-0038679,0.03704,1.0,69.0,0.0,,0.0,0.0,1.0,27,0.0,32,1.0,3.0,3,BUF,Tyrell Shavers,0.16
00-0038685,0.04643,0.84615,5.30769,0.10256,5.08333,0.0,0.04348,13.0,280,36.0,351,16.0,46.0,16,GB,Chris Brooks,0.19667
00-0038705,0.05181,0.8,5.2,0.06877,9.29167,0.0,0.0,20.0,386,24.0,349,22.0,25.0,13,ARI,Emari Demercado,0.20308
00-0038710,0.03409,0.66667,5.66667,0.0,,0.06667,0.0,9.0,264,0.0,163,15.0,15.0,11,CLE,Blake Whiteheart,0.28
00-0038720,0.04651,0.6,5.0,0.0,,0.05128,0.0,20.0,430,0.0,307,39.0,31.0,16,MIA,Julian Hill,0.47875
00-0038738,0.03486,0.75,6.9375,0.03692,3.16667,0.0,0.07692,16.0,459,12.0,325,25.0,26.0,16,DAL,Hunter Luepke,0.3025
00-0038752,0.04478,0.72222,5.94444,0.0,,0.09091,0.0,18.0,402,0.0,219,22.0,22.0,17,SEA,Jake Bobo,0.29235
00-0038783,0.03916,0.93333,7.66667,0.0,,0.04348,0.0,15.0,383,0.0,312,23.0,25.0,18,DEN,Nate Adkins,0.37824
00-0038794,0.05284,0.88889,2.81481,0.26714,4.38938,0.07407,0.1875,27.0,511,113.0,423,27.0,32.0,17,DEN,Jaleel McLaughlin,0.28188
00-0038797,0.02991,0.78571,3.42857,0.19923,4.87379,0.0,0.13793,14.0,468,103.0,517,29.0,58.0,18,GB,Emanuel Wilson,0.23412
00-0038809,0.04545,0.8,8.4,0.0,,0.125,0.0,5.0,110,0.0,115,8.0,8.0,17,GB,Ben Sims,0.21294
00-0038821,0.05213,0.81818,11.27273,0.0,,0.05882,0.0,11.0,211,0.0,159,17.0,14.0,11,TB,Rakim Jarrett,0.325
00-0038824,0.07299,0.6,6.4,0.0,,0.04545,0.0,20.0,274,0.0,233,22.0,20.0,12,TB,Ryan Miller,0.36818
00-0038840,0.03704,1.0,-2.0,0.0,,0.0,0.0,1.0,27,0.0,34,2.0,6.0,2,WAS,Brycen Tremayne,0.13
00-0038920,0.03704,1.0,7.0,0.0,,0.0,0.0,1.0,27,0.0,20,2.0,5.0,8,LV,John Shenker,
00-0038933,0.20161,0.58667,5.97333,0.0,,0.17391,0.0,75.0,372,0.0,357,23.0,42.0,17,BUF,Dalton Kincaid,0.57
00-0038935,0.11597,0.75472,7.75472,0.0,,0.13793,0.0,53.0,457,0.0,325,29.0,26.0,17,JAX,Brenton Strange,0.54235
00-0038938,0.0546,0.42105,3.26316,0.0,,0.0,0.0,19.0,348,0.0,236,13.0,13.0,17,NYG,Jalin Hyatt,0.315
00-0038941,0.03125,1.0,5.0,0.0,,0.0,0.0,1.0,32,0.0,28,1.0,1.0,13,CHI,Tyler Scott,0.02545
00-0038951,0.03109,0.75,9.08333,0.16234,6.16,0.0,0.11111,12.0,386,50.0,308,36.0,27.0,18,TB,Sean Tucker,0.09235
00-0038976,0.10095,0.73585,9.45283,0.03133,3.23077,0.13793,0.0,53.0,525,13.0,415,29.0,33.0,18,DEN,Marvin Mims Jr.,0.26941
00-0038977,0.1804,0.62963,8.23457,0.02564,4.77778,0.14815,0.0,81.0,449,9.0,351,27.0,30.0,14,HOU,Tank Dell,0.68929
00-0038979,0.14697,0.56863,6.64706,0.0049,-5.0,0.21053,0.0,51.0,347,1.0,204,19.0,17.0,11,CLE,Cedric Tillman,0.54909
00-0038981,0.04167,1.0,1.0,0.0,,0.25,0.0,1.0,24,0.0,32,4.0,6.0,17,KC,Wanya Morris,0.63471
00-0038994,0.21322,0.63,8.75,0.00783,6.66667,0.27778,0.03125,100.0,469,3.0,383,36.0,32.0,16,MIN,Jordan Addison,0.81733
00-0038996,0.15171,0.70423,9.95775,0.0058,2.0,0.13793,0.0,71.0,468,3.0,517,29.0,58.0,18,GB,Tucker Kraft,0.85765
00-0038997,0.25476,0.6729,7.50467,0.00242,-1.0,0.31579,0.0,107.0,420,1.0,414,19.0,47.0,14,IND,Josh Downs,0.64429
00-0038998,0.0,,,0.09615,5.6,0.0,0.0,0.0,100,5.0,52,7.0,1.0,17,NO,Jake Haener,0.16125
00-0039021,0.05291,0.8,5.2,0.17572,2.72727,0.0,0.35714,20.0,378,55.0,313,23.0,28.0,14,CHI,Roschon Johnson,0.28143
00-0039032,0.09859,0.85714,6.4,0.28966,3.71429,0.0,0.31579,35.0,355,84.0,290,15.0,19.0,12,TEN,Tyjae Spears,0.4275
00-0039040,0.15183,0.89655,6.8046,0.46032,4.46798,0.11111,0.58974,87.0,573,203.0,441,45.0,39.0,17,MIA,De'Von Achane,0.62412
00-0039041,0.05701,0.83333,7.16667,0.0,,0.09091,0.0,24.0,421,0.0,385,22.0,28.0,17,ARI,Elijah Higgins,0.38059
00-0039050,0.08333,0.78571,8.21429,0.0,,0.15385,0.0,14.0,168,0.0,138,13.0,11.0,17,TB,Payne Durham,0.39688
00-0039052,0.05978,0.54545,7.81818,0.0,,0.0,0.0,22.0,368,0.0,257,31.0,30.0,16,TB,Trey Palmer,0.29533
00-0039062,0.08805,0.40476,3.97619,0.00573,2.5,0.03333,0.0,42.0,477,2.0,349,30.0,28.0,17,CAR,Jonathan Mingo,0.54
00-0039064,0.25546,0.63248,9.05128,0.01664,6.22222,0.22581,0.0,117.0,458,9.0,541,31.0,45.0,17,BAL,Zay Flowers,0.74647
00-0039065,0.1687,0.72289,8.74699,0.0,,0.225,0.0,83.0,492,0.0,476,40.0,61.0,17,DET,Sam LaPorta,0.84875
00-0039066,0.0796,0.65625,4.875,0.0,,0.09091,0.0,32.0,402,0.0,229,22.0,18.0,11,LV,Michael Mayer,0.63
00-0039067,0.33333,0.82759,9.93103,0.01235,1.0,0.2,0.0,29.0,87,1.0,81,5.0,10.0,4,KC,Rashee Rice,0.6025
00-0039074,0.05372,0.46154,3.0,0.0,,0.11765,0.0,13.0,242,0.0,133,17.0,16.0,17,LA,Davis Allen,0.31733
00-0039075,0.30056,0.73832,9.25234,0.03806,4.18182,0.14815,0.04167,107.0,356,11.0,289,27.0,24.0,13,LA,Puka Nacua,0.69727
00-0039139,0.12046,0.8254,7.55556,0.48356,5.648,0.04762,0.39394,63.0,523,250.0,517,42.0,66.0,18,DET,Jahmyr Gibbs,0.55294
00-0039144,0.0495,0.7,4.5,0.0,,0.06667,0.0,10.0,202,0.0,225,15.0,21.0,9,GB,Luke Musgrave,0.30714
00-0039146,0.16239,0.72368,11.27632,0.03868,8.15,0.17241,0.01724,76.0,468,20.0,517,29.0,58.0,18,GB,Jayden Reed,0.63176
00-0039150,0.0,,,0.12709,6.71053,0.0,0.21875,0.0,387,38.0,299,20.0,32.0,17,CAR,Bryce Young,0.86714
00-0039152,0.0,,,0.14286,4.30233,0.0,0.11765,0.0,343,43.0,301,13.0,17.0,14,TEN,Will Levis,0.85167
00-0039163,0.00206,0.0,0.0,0.10724,6.075,0.03125,0.08571,1.0,485,40.0,373,32.0,35.0,19,HOU,C.J. Stroud,0.93059
00-0039164,0.00365,1.0,-1.0,0.23881,6.35,0.0,0.34884,1.0,274,80.0,335,12.0,43.0,13,IND,Anthony Richardson,0.92545
00-0039165,0.09091,0.80769,5.61538,0.36486,4.21481,0.0,0.48571,52.0,572,135.0,370,29.0,35.0,17,SEA,Zach Charbonnet,0.52706
00-0039236,0.05929,0.33333,2.53333,0.0,,0.15,0.0,15.0,253,0.0,291,20.0,37.0,20,PHI,Johnny Wilson,0.33625
00-0039244,0.02899,0.5,-2.0,0.10638,2.4,0.0,0.0,2.0,69,5.0,47,2.0,3.0,9,BAL,Chris Collier,0.01
00-0039299,0.01667,1.0,-1.0,0.06383,3.33333,0.0,0.0,1.0,60,3.0,47,1.0,5.0,5,SEA,George Holani,0.016
00-0039316,0.02778,0.0,0.0,0.0,,0.0,,1.0,36,0.0,23,1.0,0.0,1,KC,Baylor Cupp,0.09
00-0039325,0.02933,0.63636,2.36364,0.18006,3.26786,0.0,0.17143,11.0,375,56.0,311,35.0,35.0,20,KC,Carson Steele,0.18765
00-0039337,0.35031,0.63372,7.0,0.01437,0.4,0.46154,0.04,172.0,491,5.0,348,26.0,25.0,15,NYG,Malik Nabers,0.906
00-0039338,0.25758,0.73203,7.80392,0.01348,2.6,0.26667,0.0,153.0,594,5.0,371,30.0,36.0,17,LV,Brock Bowers,0.84941
00-0039342,0.18124,0.57647,5.84706,0.01719,4.0,0.23333,0.0,85.0,469,6.0,349,30.0,36.0,16,CAR,Xavier Legette,0.69812
00-0039344,0.02804,1.0,7.66667,0.11842,2.44444,0.0,0.15385,3.0,107,9.0,76,6.0,13.0,3,CAR,Jonathon Brooks,0.11
00-0039355,0.06775,0.72,6.72,0.0,,0.12,0.0,25.0,369,0.0,360,25.0,42.0,20,WAS,Luke McCaffrey,0.36588
00-0039356,0.09471,0.76744,7.95349,0.0,,0.14286,0.0,43.0,454,0.0,346,28.0,33.0,16,CAR,Ja'Tavion Sanders,0.56125
00-0039359,0.05353,0.68182,6.04545,0.0,,0.04348,0.0,22.0,411,0.0,336,23.0,33.0,16,HOU,Cade Stover,0.404
00-0039361,0.09381,0.88679,7.39623,0.43949,5.42029,0.12,0.52381,53.0,565,207.0,471,50.0,42.0,18,TB,Bucky Irving,0.44412
00-0039363,0.04061,0.9375,9.5,0.23796,5.0,0.0,0.20408,16.0,394,84.0,353,31.0,49.0,16,SF,Isaac Guerendo,0.22938
00-0039364,0.02098,1.0,12.33333,0.04511,2.33333,0.0,0.0,3.0,143,6.0,133,7.0,15.0,17,DET,Sione Vaki,0.02188
00-0039365,0.06,0.66667,13.33333,0.0119,7.0,0.16667,0.0,6.0,100,1.0,84,6.0,15.0,15,SF,Jacob Cowing,0.104
00-0039373,0.01157,1.0,5.4,0.22093,4.07895,0.0,0.17391,5.0,432,76.0,344,26.0,23.0,13,DEN,Audric Estimé,
00-0039376,0.0,,,0.1828,8.64706,0.0,0.0,0.0,178,17.0,93,2.0,4.0,7,NO,Spencer Rattler,0.88143
00-0039379,0.02881,0.42857,3.14286,0.0,,0.0,0.0,7.0,243,0.0,133,15.0,11.0,11,CLE,Jamari Thrash,0.23
00-0039384,0.09677,0.7037,5.25926,0.46715,4.36979,0.10714,0.32258,54.0,558,192.0,411,28.0,31.0,17,NYG,Tyrone Tracy Jr.,0.57353
00-0039386,0.10791,0.6,7.86667,0.0,,0.25,0.0,15.0,139,0.0,99,4.0,6.0,7,NO,Bub Means,0.29714
00-0039391,0.03203,0.55556,6.88889,0.19725,3.60465,0.0,0.05556,9.0,281,43.0,218,11.0,18.0,10,LAC,Kimani Vidal,0.277
00-0039392,0.04615,0.33333,2.66667,0.01408,-5.0,0.0,0.0,3.0,65,1.0,71,8.0,5.0,12,TEN,Jha'Quan Jackson,0.0575
00-0039393,0.0,,,0.25,2.46154,0.0,0.0,0.0,65,13.0,52,1.0,3.0,2,ATL,Jase McClellan,0.15
00-0039394,0.03077,0.5,7.0,0.0,,0.0,0.0,2.0,65,0.0,52,1.0,3.0,12,ATL,Casey Washington,0.01625
00-0039398,0.0,,,0.25926,2.71429,,0.66667,0.0,28,7.0,27,0.0,3.0,1,NE,Joe Milton III,0.95
00-0039407,0.0,,,0.05263,0.0,0.0,0.0,0.0,38,1.0,19,3.0,4.0,10,LV,Dylan Laube,0.004
00-0039410,0.05147,0.71429,7.28571,0.0,,0.0,0.0,14.0,272,0.0,167,19.0,11.0,11,DAL,Ryan Flournoy,0.2
00-0039420,0.02885,0.66667,6.66667,0.0,,0.0,0.0,3.0,104,0.0,77,7.0,8.0,15,NE,Jaheim Bell,0.086
00-0039424,0.12731,0.74545,8.63636,0.0,,0.11538,0.0,55.0,432,0.0,344,26.0,23.0,14,DEN,Devaughn Vele,0.53154
00-0039451,0.16667,0.66667,2.0,0.0,,0.0,0.0,3.0,18,0.0,24,5.0,4.0,9,CIN,Isaiah Williams,0.045
00-0039458,0.0303,0.0,0.0,0.0,,0.0,0.0,1.0,33,0.0,18,2.0,1.0,7,NYJ,Brenden Bates,0.074
00-0039491,0.1442,0.69565,10.3913,0.0,,0.15789,0.0,46.0,319,0.0,259,19.0,25.0,11,CAR,Jalen Coker,0.66364
00-0039521,0.03125,0.0,0.0,0.0,,0.0,0.0,2.0,64,0.0,51,2.0,4.0,2,ARI,Xavier Weaver,0.48
00-0039530,0.06009,0.64286,6.28571,0.0,,0.14286,0.0,14.0,233,0.0,155,7.0,5.0,17,DAL,Brevyn Spann-Ford,0.25529
00-0039543,0.04225,0.33333,2.33333,0.0,,0.25,0.0,3.0,71,0.0,38,4.0,6.0,8,LV,Ramel Keyton,0.085
00-0039573,0.05128,0.5,6.5,0.19048,2.5,0.0,0.0,2.0,39,4.0,21,4.0,1.0,2,DEN,Blake Watson,0.09
00-0039589,0.00917,0.0,0.0,0.02247,5.5,0.06667,0.0,1.0,109,2.0,89,15.0,10.0,5,TB,Kameron Johnson,0.132
00-0039603,0.0,,,0.07143,2.0,0.0,,0.0,43,1.0,14,5.0,0.0,5,HOU,British Brooks,0.024
00-0039611,0.0,,,0.02439,11.0,0.0,0.0,0.0,29,1.0,41,1.0,2.0,17,NO,Matthew Hayball,0.0
00-0039613,0.05714,0.75,5.25,0.0,,0.0,0.0,4.0,70,0.0,51,1.0,3.0,13,NO,Dallin Holker,0.09333
00-0039614,0.0,,,0.02439,-1.0,0.0,0.0,0.0,29,1.0,41,1.0,2.0,4,NO,Jermaine Jackson,0.015
00-0039617,0.09091,0.33333,5.0,0.27778,4.8,0.0,0.0,3.0,33,5.0,18,2.0,1.0,1,CLE,Jacob Kibodi,0.29
00-0039623,0.09028,0.53846,3.80769,0.0,,0.0,0.0,26.0,288,0.0,236,9.0,17.0,11,NO,Mason Tipton,0.49091
00-0039631,0.02703,1.0,5.6,0.0,,0.04348,0.0,5.0,185,0.0,89,23.0,11.0,8,CIN,Cam Grandy,0.13375
00-0039648,0.0303,0.5,3.0,0.0,,0.0,0.0,2.0,66,0.0,50,7.0,4.0,5,TEN,David Martin-Robinson,0.144
00-0039650,0.06081,0.66667,10.55556,0.0,,0.0,0.0,9.0,148,0.0,126,7.0,6.0,10,TEN,Bryce Oliver,0.101
00-0039692,0.0,,,0.03333,2.0,0.0,0.0,0.0,31,1.0,30,4.0,1.0,17,NE,Dell Pettus,0.0
00-0039703,0.02439,1.0,6.0,0.04762,3.0,0.0,0.0,1.0,41,1.0,21,5.0,1.0,3,LA,Cody Schrader,0.03
00-0039731,0.02703,1.0,0.0,0.0,,0.0,,1.0,37,0.0,11,1.0,0.0,17,TEN,JC Latham,1.0
00-0039732,0.00182,1.0,2.0,0.17568,5.74359,0.03226,0.18182,1.0,550,78.0,444,31.0,33.0,18,DEN,Bo Nix,0.98824
00-0039737,0.04192,0.85714,5.28571,0.0,,0.0,0.0,7.0,167,0.0,137,9.0,9.0,17,ARI,Tip Reiman,0.41235
00-0039738,0.01806,0.875,7.25,0.16022,3.56897,0.0,0.17143,8.0,443,58.0,362,34.0,35.0,17,LA,Blake Corum,0.11176
00-0039746,0.03604,1.0,8.75,0.17143,2.73333,0.25,0.0,4.0,111,30.0,175,4.0,22.0,20,PHI,Will Shipley,0.06
00-0039747,0.10588,0.77778,4.55556,0.01887,3.0,0.0,0.0,9.0,85,2.0,106,4.0,6.0,11,PHI,Ainias Smith,0.2
00-0039751,0.14433,0.78571,10.46429,0.01408,6.0,0.11765,0.0,28.0,194,2.0,142,17.0,21.0,17,LA,Jordan Whittington,0.292
00-0039754,0.09524,0.83333,14.66667,0.0,,0.0,0.0,6.0,63,0.0,67,9.0,2.0,5,TB,Devin Culp,0.112
00-0039757,0.01695,0.0,0.0,0.24528,2.53846,0.0,0.33333,1.0,59,13.0,53,1.0,3.0,3,NE,Terrell Jennings,0.19667
00-0039792,0.075,0.33333,7.0,0.0,,0.0,0.0,3.0,40,0.0,73,2.0,4.0,11,BAL,Devontez Walker,0.1
00-0039793,0.079,0.78947,6.44737,0.0,,0.15385,0.0,38.0,481,0.0,298,26.0,33.0,17,SEA,AJ Barner,0.45059
00-0039794,0.04545,0.7037,5.48148,0.25485,3.63043,0.0,0.26316,27.0,594,92.0,361,46.0,19.0,17,NYJ,Braelon Allen,0.26
00-0039796,0.02151,0.0,0.0,0.06993,3.1,0.0,0.0,2.0,93,10.0,143,6.0,10.0,6,BAL,Rasheen Ali,0.07833
00-0039798,0.03727,0.75,6.25,0.15544,5.8,0.02857,0.0,12.0,322,30.0,193,35.0,10.0,17,NYJ,Isaiah Davis,0.1
00-0039810,0.08187,0.28571,7.64286,0.0,,0.1,0.0,14.0,171,0.0,82,20.0,12.0,14,CIN,Jermaine Burton,0.135
00-0039811,0.07692,1.0,3.0,0.11321,2.5,,0.0,1.0,13,6.0,53,0.0,1.0,1,GB,MarShawn Lloyd,0.14
00-0039814,0.08397,0.90909,7.18182,0.0,,0.0,0.0,22.0,262,0.0,185,29.0,21.0,9,CIN,Erick All,0.41889
00-0039816,0.02778,1.0,23.0,0.0,,,,1.0,36,0.0,32,0.0,0.0,8,IND,Anthony Gould,0.035
00-0039824,0.04167,1.0,7.0,0.0,,0.0,0.0,1.0,24,0.0,32,4.0,6.0,7,KC,Jared Wiley,0.19286
00-0039825,0.0,,,0.02703,1.0,0.0,0.0,0.0,25,1.0,37,2.0,6.0,20,KC,Jaden Hicks,0.0
00-0039847,0.12874,0.67442,7.69767,0.0,,0.08333,0.0,43.0,334,0.0,265,12.0,22.0,12,NYG,Theo Johnson,0.84167
00-0039849,0.2218,0.53448,7.62931,0.0,,0.2,0.0,116.0,523,0.0,459,30.0,34.0,17,ARI,Marvin Harrison Jr.,0.78588
00-0039851,0.0,,,0.17568,8.13462,0.0,0.1,0.0,367,52.0,296,23.0,20.0,17,NE,Drake Maye,0.80462
00-0039853,0.03333,0.25,3.0,0.0,,0.0,0.0,4.0,120,0.0,97,5.0,4.0,12,NE,Javon Baker,0.12727
00-0039855,0.13364,0.63793,7.94828,0.01064,10.75,0.13889,0.0,58.0,434,4.0,376,36.0,31.0,15,TB,Jalen McMillan,0.70769
00-0039868,0.10433,0.5283,4.96226,0.00477,4.0,0.06452,0.0,53.0,508,2.0,419,31.0,32.0,17,DEN,Troy Franklin,0.375
00-0039874,0.01382,0.5,1.33333,0.19597,3.66176,0.02564,0.0,6.0,434,68.0,347,39.0,31.0,16,MIA,Jaylen Wright,0.17
00-0039875,0.04139,0.89474,9.94737,0.2489,3.9115,0.07143,0.12727,19.0,459,113.0,454,28.0,55.0,20,BUF,Ray Davis,0.24353
00-0039880,0.09023,0.72222,6.19444,0.01678,5.0,0.02857,0.0,36.0,399,5.0,298,35.0,26.0,14,MIA,Malik Washington,0.44714
00-0039890,0.11134,0.41818,5.67273,0.00818,1.5,0.08333,0.0,55.0,494,4.0,489,24.0,59.0,17,IND,Adonai Mitchell,0.36176
00-0039893,0.2552,0.64444,9.4963,0.01474,8.0,0.2973,0.0,135.0,529,6.0,407,37.0,40.0,17,JAX,Brian Thomas Jr.,0.79353
00-0039894,0.17774,0.59596,6.44444,0.04796,5.2,0.16667,0.025,99.0,557,20.0,417,48.0,40.0,20,KC,Xavier Worthy,0.64118
00-0039901,0.15761,0.5,9.58621,0.00278,9.0,0.24,0.0,58.0,368,1.0,360,25.0,45.0,16,BUF,Keon Coleman,0.72846
00-0039907,0.08995,0.35294,2.55882,0.00312,0.0,0.17647,0.0,34.0,378,1.0,320,17.0,17.0,15,NE,Ja'Lynn Polk,0.46067
00-0039910,0.0,,,0.26796,6.53623,0.0,0.20896,0.0,508,138.0,515,36.0,67.0,20,WAS,Jayden Daniels,0.90882
00-0039912,0.04762,1.0,5.6,0.0,,0.14286,0.0,5.0,105,0.0,149,7.0,22.0,20,WAS,Ben Sinnott,0.26647
00-0039915,0.24301,0.72566,10.22124,0.0,,0.375,0.0,113.0,465,0.0,420,24.0,45.0,17,LAC,Ladd McConkey,0.73188
00-0039916,0.1526,0.65957,8.51064,0.01205,15.0,0.22222,0.0,47.0,308,3.0,249,18.0,33.0,11,SF,Ricky Pearsall,0.67
00-0039917,0.0,,,0.05155,2.8,0.0,0.125,0.0,98,5.0,97,3.0,16.0,17,ATL,Michael Penix Jr.,0.664
00-0039918,0.0,,,0.179,6.6,0.0,0.0303,0.0,536,75.0,419,34.0,33.0,17,CHI,Caleb Williams,0.98765
00-0039919,0.18843,0.53465,7.26733,0.00716,5.0,0.11765,0.0,101.0,536,3.0,419,34.0,33.0,17,CHI,Rome Odunze,0.83588
00-0039920,0.03727,0.5,2.66667,0.0198,13.0,0.1,0.0,6.0,161,2.0,101,10.0,2.0,12,NYJ,Malachi Corley,0.15111
00-0039921,0.01657,1.0,9.83333,0.19207,4.61905,0.0,0.03846,6.0,362,63.0,328,21.0,26.0,14,ARI,Trey Benson,0.16692
