gsis_id,kind,n,yards
00-0022942,run,1,0
00-0023459,catch,1,-9
00-0023459,run,13,0 1 1 1 2 3 3 6 6 7 8 10 20
00-0026158,run,12,0 0 1 2 2 2 3 4 5 8 12 13
00-0026300,run,11,0 0 1 2 3 5 5 7 9 11 13
00-0026498,run,12,0 0 0 0 0 2 2 2 3 3 4 6
00-0027973,run,2,0 1
00-0028118,run,25,0 1 1 1 1 2 2 2 3 4 4 5 5 6 6 6 7 8 8 9 10 11 14 14 15
00-0029263,run,18,-1 1 1 2 2 2 2 3 4 6 6 7 8 8 11 14 15 15
00-0029604,run,8,0 1 1 2 2 2 3 6
00-0029892,catch,24,1 2 3 4 4 4 5 5 5 5 6 6 7 7 8 9 10 11 12 12 18 21 23 25
00-0029892,run,2,-2 -1
00-0030035,catch,19,3 4 5 6 6 7 7 7 7 7 8 9 10 11 12 13 17 19 28
00-0030061,catch,50,1 3 3 3 4 4 4 5 5 5 5 5 5 5 6 7 7 7 8 8 8 8 8 9 9 9 9 9 9 9 10 10 11 11 11 11 11 12 12 14 14 15 15 18 19 20 21 25 27 30
00-0030279,catch,81,0 2 2 4 4 4 4 4 4 5 5 5 5 5 5 6 6 6 6 6 6 6 6 6 6 7 7 7 7 7 7 7 7 8 8 8 8 8 8 8 8 8 8 9 9 9 9 9 9 9 9 9 9 10 10 10 10 10 10 10 10 11 11 11 11 12 12 12 12 13 15 17 17 17 17 20 25 29 30 30 31
00-0030506,catch,76,-2 -1 1 2 2 2 2 3 3 4 4 4 4 4 4 5 5 5 5 6 6 6 7 7 7 7 7 8 8 8 8 8 8 8 9 9 10 10 10 10 10 10 11 11 11 11 11 11 11 12 12 13 13 13 13 14 14 14 15 15 16 17 17 17 17 17 18 20 21 22 23 28 31 37 38 44
00-0030506,run,1,1
00-0030564,catch,22,4 6 7 8 8 9 9 9 9 10 11 11 13 14 15 16 17 23 29 29 32 41
00-0030565,run,35,-5 -5 -1 0 0 0 0 0 0 1 1 1 1 1 2 2 2 2 2 2 2 3 3 4 4 4 5 6 7 7 9 9 11 15 20
00-0031236,catch,24,3 3 5 5 5 6 6 6 6 7 8 8 8 9 9 10 11 12 12 13 20 21 36 50
00-0031237,run,1,6
00-0031381,catch,60,1 1 1 1 2 2 3 3 4 4 4 4 4 5 6 6 6 6 6 7 7 8 8 9 9 10 10 10 11 12 12 13 13 14 15 15 15 15 15 16 16 16 17 18 18 19 20 21 21 23 24 24 24 25 26 26 29 32 33 44
00-0031408,catch,30,1 4 5 6 6 6 6 6 6 8 8 8 9 10 11 11 11 12 12 12 12 13 14 14 16 20 21 22 33 45
00-0031484,catch,1,7
00-0031503,catch,1,33
00-0031503,run,5,1 1 2 10 11
00-0031588,catch,85,1 1 1 2 3 3 3 3 3 3 3 4 4 4 4 4 4 5 5 5 5 6 6 6 6 6 6 6 7 7 7 7 8 8 8 8 8 9 9 9 9 10 10 10 10 10 10 11 11 11 11 11 11 12 12 12 13 13 14 14 14 15 16 16 16 18 18 19 21 21 21 21 22 22 23 24 25 26 30 30 31 32 33 33 34
00-0031610,catch,24,0 4 4 4 5 6 6 6 7 7 8 9 9 11 13 13 13 13 14 20 21 22 34 34
00-0031610,run,1,4
00-0031687,catch,12,-6 2 2 2 3 3 4 6 11 11 14 18
00-0031687,run,22,-3 -2 -2 0 1 1 2 2 2 3 3 4 4 4 4 4 5 6 6 10 13 37
00-0032104,catch,16,-3 1 2 2 3 4 4 4 8 8 9 9 9 10 14 15
00-0032104,run,14,0 1 2 2 3 3 3 4 4 4 5 7 8 14
00-0032211,catch,32,0 1 3 4 4 5 5 5 5 6 6 6 6 6 7 7 7 7 8 8 9 9 9 11 11 13 14 15 16 19 26 33
00-0032268,run,44,-2 -1 -1 -1 0 0 0 0 0 1 2 2 2 2 3 3 3 3 3 4 4 4 5 5 6 6 6 7 7 7 8 8 9 9 9 11 11 12 14 19 22 22 25 44
00-0032385,catch,39,0 1 1 2 2 2 3 3 3 3 4 4 5 5 5 5 6 7 7 7 8 8 8 10 10 11 11 11 14 15 15 16 16 19 20 20 24 24 36
00-0032385,run,4,-5 6 7 11
00-0032392,catch,21,2 3 4 5 5 7 7 8 8 9 9 10 12 14 16 20 21 22 24 26 31
00-0032398,catch,11,9 11 12 13 13 15 15 19 22 34 44
00-0032398,run,1,9
00-0032464,catch,24,2 4 5 6 7 7 7 7 8 8 8 9 9 10 13 13 14 14 18 19 20 24 27 30
00-0032464,run,2,9 10
00-0032688,catch,5,5 5 13 13 17
00-0032764,catch,15,-2 2 3 5 6 7 7 8 8 8 10 12 13 19 44
00-0032764,run,307,-9 -5 -5 -4 -3 -3 -2 -2 -2 -2 -1 -1 -1 -1 -1 -1 -1 -1 -1 -1 -1 -1 0 0 0 0 0 0 0 0 0 0 0 0 0 0 0 0 0 0 0 0 0 0 0 0 0 1 1 1 1 1 1 1 1 1 1 1 1 1 1 1 1 1 1 1 1 1 1 1 1 1 1 1 1 1 1 1 1 1 1 1 2 2 2 2 2 2 2 2 2 2 2 2 2 2 2 2 2 2 2 2 2 2 2 2 2 2 2 2 2 2 2 2 2 2 2 2 2 2 2 2 2 3 3 3 3 3 3 3 3 3 3 3 3 3 3 3 3 3 3 3 3 3 3 3 3 3 3 3 3 3 3 3 3 3 3 3 3 3 3 3 3 3 4 4 4 4 4 4 4 4 4 4 4 4 4 4 4 4 4 4 4 4 4 4 4 4 4 4 4 4 4 4 4 5 5 5 5 5 5 5 5 5 5 5 5 5 5 5 5 5 5 5 5 5 5 5 5 6 6 6 6 6 6 6 6 6 6 6 6 6 6 6 6 6 6 6 7 7 7 7 7 7 7 7 7 7 7 7 7 8 8 8 8 8 8 8 8 8 8 8 8 9 9 9 9 9 9 9 9 10 10 11 11 11 11 12 12 12 13 13 14 14 14 14 17 17 19 19 21 21 22 22 23 24 25 28 28 29 30 30 35 41 46 49 59
00-0032775,catch,22,-1 1 1 5 6 6 8 8 8 10 12 13 13 13 13 14 18 20 22 25 30 31
00-0032775,run,1,6
00-0032918,catch,2,5 6
00-0032918,run,3,1 1 3
00-0032950,run,11,0 0 1 1 2 3 5 6 11 12 16
00-0033040,catch,21,1 4 4 5 5 5 7 8 9 9 10 11 11 13 13 13 19 21 22 28 47
00-0033077,run,37,0 0 0 0 0 1 1 1 1 2 2 2 2 2 3 3 3 3 5 5 6 6 6 6 6 7 7 8 8 9 9 9 12 12 14 14 14
00-0033090,catch,60,0 1 1 2 3 5 5 5 5 5 6 6 6 7 8 8 8 8 9 9 9 9 9 9 10 10 10 11 11 12 12 12 12 12 12 12 13 13 13 14 14 15 16 16 17 17 18 18 19 20 22 23 23 23 24 27 28 29 31 36
00-0033106,run,11,0 0 0 1 2 2 5 6 6 7 24
00-0033110,catch,25,0 1 1 3 4 6 7 7 7 8 8 9 9 10 11 11 15 16 16 20 21 22 22 23 24
00-0033119,run,36,-4 -3 0 0 0 1 1 2 2 2 2 2 3 3 3 3 3 4 4 4 5 5 5 5 6 6 7 8 8 9 9 11 11 12 15 15
00-0033217,catch,13,1 5 5 6 7 8 8 8 8 9 16 16 20
00-0033246,catch,9,7 7 9 9 12 14 16 16 21
00-0033280,catch,102,-3 -1 0 0 1 1 1 1 1 2 2 2 3 3 3 3 4 4 4 4 4 4 4 4 4 5 5 5 5 5 5 5 5 5 5 6 6 6 6 6 6 6 7 7 7 7 7 7 7 7 7 8 8 8 8 8 8 9 9 9 9 9 9 9 9 9 9 9 9 10 11 11 11 11 12 12 12 12 13 13 13 13 13 14 14 14 15 15 15 15 16 17 17 18 19 19 20 23 25 27 29 39
00-0033280,run,311,-5 -5 -5 -5 -5 -4 -4 -3 -3 -3 -3 -2 -2 -2 -2 -2 -2 -2 -2 -2 -1 -1 -1 -1 -1 -1 -1 -1 -1 -1 0 0 0 0 0 0 0 0 0 0 0 0 0 0 0 0 0 0 0 0 0 0 0 0 0 0 0 0 1 1 1 1 1 1 1 1 1 1 1 1 1 1 1 1 1 1 1 1 1 1 1 1 1 1 1 1 1 1 1 1 1 1 2 2 2 2 2 2 2 2 2 2 2 2 2 2 2 2 2 2 2 2 2 2 2 2 2 2 2 2 2 2 2 2 2 2 2 2 2 2 2 2 3 3 3 3 3 3 3 3 3 3 3 3 3 3 3 3 3 3 3 3 3 3 3 3 3 3 3 3 3 3 3 3 3 3 3 3 3 3 4 4 4 4 4 4 4 4 4 4 4 4 4 4 4 4 4 4 4 4 4 4 4 4 4 4 4 4 4 4 4 4 4 4 4 4 4 4 5 5 5 5 5 5 5 5 5 5 5 5 5 5 5 5 5 5 5 5 5 5 5 5 5 5 5 6 6 6 6 6 6 6 6 6 6 6 6 7 7 7 7 7 7 7 7 7 7 7 7 7 7 7 7 7 8 8 8 8 8 8 8 8 8 9 9 9 9 9 9 9 9 9 9 9 10 10 10 10 10 11 11 12 12 12 12 12 12 13 13 14 15 15 15 16 16 17 17 18 20 24 41
00-0033282,catch,7,5 6 6 9 14 20 21
00-0033288,catch,57,-6 -1 1 1 3 3 4 4 4 4 4 5 5 5 6 6 6 7 7 7 7 7 8 8 8 9 9 10 10 10 11 11 11 11 11 12 12 12 13 13 14 14 14 15 17 17 17 19 20 20 22 23 24 25 26 30 33
00-0033288,run,1,-3
00-0033293,catch,28,-4 0 1 1 2 3 3 4 4 4 5 6 6 6 6 6 6 7 7 8 10 11 12 13 13 14 18 27
00-0033293,run,132,-5 -4 -4 -3 -1 -1 -1 -1 -1 -1 0 0 0 0 0 0 0 0 1 1 1 1 1 1 1 1 1 1 1 1 1 1 1 1 1 1 1 2 2 2 2 2 2 2 2 2 2 2 2 2 2 2 3 3 3 3 3 3 3 3 3 3 3 3 3 3 4 4 4 4 4 4 4 4 4 4 4 4 4 4 4 4 4 5 5 5 5 5 5 5 5 5 5 5 5 5 5 5 6 6 6 6 6 6 6 6 6 6 6 7 7 7 7 7 8 8 9 9 9 9 10 11 11 13 13 14 14 15 16 17 18 31
00-0033307,catch,37,2 4 6 6 6 7 8 9 9 9 10 10 10 11 11 11 11 11 12 13 13 13 14 14 16 17 17 18 18 19 19 19 21 25 35 41 56
00-0033357,catch,11,5 5 5 6 6 7 7 7 13 13 17
00-0033357,run,52,-9 -4 -3 -2 -1 -1 -1 0 0 0 0 0 0 1 1 1 1 1 1 1 1 1 1 2 2 2 2 2 2 2 2 2 2 2 2 3 3 3 3 3 4 4 4 4 4 5 5 5 6 8 8 29
00-0033375,catch,15,-1 1 1 4 7 7 9 10 11 11 16 22 26 26 37
00-0033376,catch,1,8
00-0033376,run,1,3
00-0033439,catch,2,0 1
00-0033455,catch,8,-4 2 4 6 6 7 14 18
00-0033526,catch,17,-3 0 1 1 1 4 5 5 5 6 6 7 8 8 8 9 16
00-0033526,run,84,-4 -1 0 0 0 0 0 0 1 1 1 1 1 1 1 1 1 1 1 2 2 2 2 2 2 2 2 2 2 3 3 3 3 3 3 3 3 3 3 3 3 3 3 4 4 4 4 4 4 4 4 5 5 5 5 5 5 5 5 5 5 6 6 6 6 6 6 7 7 8 8 8 9 9 9 10 10 10 11 12 12 13 21 32
00-0033553,catch,8,-3 -1 1 4 4 5 10 18
00-0033553,run,32,-3 -2 0 0 1 1 1 1 1 1 1 1 1 2 2 2 2 2 3 3 3 3 4 4 4 7 7 7 7 8 9 12
00-0033555,catch,46,3 3 3 4 4 4 4 5 5 5 5 6 6 6 6 7 7 7 7 7 8 8 8 8 10 11 11 12 12 13 14 15 16 17 18 19 19 19 20 20 20 21 22 24 27 54
00-0033555,run,1,4
00-0033576,catch,4,1 9 9 12
00-0033589,catch,1,5
00-0033589,run,1,12
00-0033591,catch,5,9 9 18 19 28
00-0033662,run,1,0
00-0033699,catch,5,3 4 4 12 15
00-0033699,run,14,-1 0 0 1 3 3 4 4 4 4 5 5 5 6
00-0033757,catch,1,1
00-0033854,catch,10,1 2 2 6 6 8 8 9 16 18
00-0033854,run,11,-7 -3 0 2 2 3 3 4 5 7 9
00-0033857,catch,33,-5 2 3 4 4 5 5 5 6 6 7 7 7 8 8 8 9 9 10 12 12 12 12 12 12 14 16 17 18 19 24 27 30
00-0033858,catch,38,-4 -2 0 0 2 2 2 3 3 3 3 4 4 5 5 5 6 6 6 6 6 6 7 7 7 7 7 8 8 9 9 9 10 10 10 10 12 21
00-0033858,run,9,2 2 3 4 7 8 10 14 20
00-0033869,run,2,4 9
00-0033873,catch,1,-10
00-0033873,run,56,-1 0 1 1 2 2 2 3 3 3 3 3 4 4 4 4 5 5 5 5 5 6 6 6 6 6 6 7 8 8 9 9 9 9 9 9 9 9 10 10 10 11 11 11 11 11 12 13 13 14 15 15 15 15 16 22
00-0033881,catch,50,-3 -1 1 1 2 2 3 3 4 4 4 4 4 5 5 6 6 6 6 7 7 7 7 7 7 8 8 8 8 9 9 9 9 10 10 11 11 11 11 11 12 12 12 13 16 18 20 33 37 41
00-0033881,run,1,7
00-0033885,catch,33,-1 0 1 2 3 4 5 6 6 6 6 7 7 8 8 8 8 9 9 9 9 11 11 11 12 12 12 13 14 17 17 20 23
00-0033891,catch,12,4 4 4 6 7 11 17 18 21 24 24 43
00-0033906,catch,33,-4 -2 -2 -1 0 1 2 2 2 2 3 3 3 3 4 4 4 4 5 5 6 6 6 7 7 7 9 11 12 14 15 22 26
00-0033906,run,131,-4 -4 -2 -2 -2 -2 -2 -1 -1 -1 -1 -1 -1 -1 -1 -1 0 0 0 1 1 1 1 1 1 1 1 1 1 1 1 1 2 2 2 2 2 2 2 2 2 2 2 2 2 2 2 2 2 2 2 2 2 2 2 3 3 3 3 3 3 3 3 3 3 3 3 3 3 3 3 3 3 3 3 3 3 3 3 4 4 4 4 4 4 4 4 4 4 4 4 4 5 5 5 5 5 5 5 5 5 5 5 5 6 6 6 6 6 6 6 7 7 7 7 7 8 8 8 9 9 11 11 11 12 12 13 15 16 17 18
00-0033908,catch,47,1 1 3 3 5 5 5 6 6 6 6 6 6 6 7 7 7 7 8 9 9 9 9 9 9 11 11 11 11 12 12 13 13 16 16 17 17 17 17 21 23 24 24 24 29 32 67
00-0033921,catch,33,1 2 3 4 4 4 5 5 5 5 5 6 7 7 7 7 8 8 8 9 10 11 11 11 11 12 13 13 21 22 25 31 59
00-0033923,catch,18,2 3 3 4 4 4 6 6 7 8 8 8 10 11 11 13 13 22
00-0033923,run,163,-2 -1 -1 -1 -1 -1 0 0 0 0 0 0 0 0 0 0 0 0 0 0 0 0 1 1 1 1 1 1 1 1 1 1 1 1 1 1 1 1 1 2 2 2 2 2 2 2 2 2 2 2 2 2 2 2 2 2 2 2 2 2 2 2 2 2 2 2 2 2 2 2 3 3 3 3 3 3 3 3 3 3 3 3 3 3 3 3 3 3 3 3 3 3 3 3 3 3 3 3 3 3 3 4 4 4 4 4 4 4 4 4 4 4 5 5 5 5 5 5 5 5 5 5 5 5 5 5 5 6 6 6 6 6 6 6 6 6 6 6 7 7 7 7 7 7 7 8 8 8 8 8 9 9 9 10 10 11 11 11 13 14 14 18 33
00-0033943,catch,11,5 6 6 8 8 9 10 11 12 13 13
00-0033949,run,1,2
00-0033955,catch,25,-1 0 0 0 2 2 3 3 4 6 6 6 7 8 9 10 10 11 12 12 13 15 16 18 24
00-0033955,run,44,-9 -4 -2 -2 -1 0 0 1 1 1 1 1 2 2 2 2 2 2 3 3 3 3 3 3 4 4 4 4 4 5 5 5 6 6 6 7 8 8 9 11 13 16 19 60
00-0034073,catch,2,3 4
00-0034159,catch,11,1 1 4 6 6 7 7 14 15 18 18
00-0034270,catch,7,3 6 9 12 17 21 33
00-0034270,run,1,2
00-0034272,catch,14,1 3 6 6 7 7 7 7 7 9 9 13 19 19
00-0034348,catch,74,1 2 4 4 4 4 4 5 5 5 5 6 6 6 6 6 6 6 6 6 7 7 7 7 8 8 8 8 8 8 9 9 9 11 11 11 12 12 12 12 12 13 13 14 14 14 14 14 14 15 16 16 16 17 17 19 19 20 20 21 21 22 22 22 22 23 26 30 31 32 34 39 42 52
00-0034351,catch,60,1 2 2 2 3 3 3 3 4 4 4 4 4 4 5 5 5 5 5 5 5 5 6 6 6 6 6 7 7 7 8 8 8 8 8 9 9 9 10 10 11 11 11 12 13 13 14 14 15 16 16 17 17 22 22 22 23 32 33 36
00-0034365,catch,13,4 5 5 5 5 8 8 9 9 10 12 14 20
00-0034367,run,2,-3 1
00-0034383,catch,82,0 1 1 2 3 3 3 4 4 4 4 4 4 5 5 5 5 5 5 5 5 5 5 5 5 6 6 6 6 6 7 7 7 7 7 7 7 8 8 8 8 8 9 9 9 9 9 9 9 9 9 10 10 10 11 11 11 11 11 12 12 12 12 12 13 13 13 13 14 14 14 16 16 16 17 17 17 20 21 22 32 47
00-0034386,catch,3,3 12 15
00-0034407,catch,7,-7 5 8 12 13 14 24
00-0034418,catch,5,2 7 8 11 16
00-0034419,catch,6,-1 4 6 6 8 14
00-0034487,catch,3,3 3 15
00-0034521,catch,10,3 4 5 6 7 8 9 9 9 10
00-0034613,catch,19,-3 1 2 3 4 6 7 7 8 8 9 9 9 9 11 13 14 18 33
00-0034753,catch,48,1 2 2 2 2 3 3 4 4 4 5 5 5 5 5 5 6 6 6 6 6 6 6 6 7 8 8 8 8 9 9 9 9 10 10 11 11 12 14 14 14 18 19 19 19 20 24 27
00-0034753,run,10,0 0 0 2 2 2 2 2 3 35
00-0034771,run,3,2 2 3
00-0034775,catch,28,-4 -3 1 2 2 2 3 3 4 5 5 6 6 6 6 6 7 7 8 8 9 11 12 13 13 21 33 47
00-0034791,catch,13,-5 -2 -1 0 2 4 5 5 7 8 8 9 27
00-0034791,run,122,-4 -3 -3 -2 -2 -1 -1 0 0 0 0 0 0 0 0 0 0 0 0 1 1 1 1 1 1 1 1 1 1 1 1 1 1 1 2 2 2 2 2 2 2 2 2 2 2 2 3 3 3 3 3 3 3 3 3 3 3 3 3 3 3 3 3 3 3 3 3 4 4 4 4 4 4 4 4 4 4 4 4 4 4 4 4 5 5 5 5 5 5 5 5 5 5 5 6 6 6 6 6 7 7 7 7 7 8 8 8 8 8 9 9 9 9 10 11 12 13 13 19 25 27 30
00-0034796,run,58,-1 0 0 0 0 1 1 1 1 1 1 2 2 2 2 2 3 3 3 3 3 3 3 3 4 4 4 4 5 5 6 6 6 6 6 7 7 8 8 9 9 9 9 10 11 11 11 12 12 12 13 13 13 13 14 17 17 19
00-0034798,catch,4,2 4 8 11
00-0034827,catch,50,-4 -4 1 3 3 3 4 4 4 5 5 5 5 5 6 6 7 8 9 9 10 11 11 11 12 12 13 13 14 15 15 16 17 17 18 18 18 19 20 20 22 22 22 23 25 25 26 30 42 46
00-0034827,run,15,0 0 1 2 2 3 3 4 5 5 6 9 10 12 17
00-0034829,catch,28,0 2 3 4 4 5 6 6 6 7 8 8 10 10 11 11 11 12 13 13 13 14 14 15 15 17 32 37
00-0034837,catch,17,1 5 8 8 8 10 13 13 13 18 21 22 25 26 27 38 47
00-0034844,catch,37,-2 -1 -1 -1 0 0 0 1 2 2 2 2 2 3 3 3 4 5 5 6 6 7 7 8 8 8 8 9 10 10 12 12 14 15 16 41 47
00-0034844,run,280,-8 -6 -6 -5 -5 -4 -4 -4 -3 -3 -3 -3 -3 -3 -3 -3 -3 -2 -2 -2 -2 -2 -2 -2 -2 -2 -2 -2 -2 -1 -1 -1 -1 -1 -1 -1 -1 -1 -1 -1 -1 0 0 0 0 0 0 0 0 0 0 0 0 0 0 0 0 0 0 0 0 0 0 0 0 0 0 0 1 1 1 1 1 1 1 1 1 1 1 1 1 1 1 1 1 1 1 1 1 1 1 1 1 1 1 1 1 1 1 1 1 1 2 2 2 2 2 2 2 2 2 2 2 2 2 2 2 2 2 2 2 2 2 2 2 2 2 2 2 2 2 3 3 3 3 3 3 3 3 3 3 3 3 3 3 3 3 3 3 3 3 3 3 3 4 4 4 4 4 4 4 4 4 4 4 4 4 4 4 4 4 4 4 4 4 4 4 4 4 4 5 5 5 5 5 5 5 5 5 5 5 5 5 5 5 5 5 5 5 5 5 5 5 5 6 6 6 6 6 6 6 6 6 6 6 6 6 6 6 6 7 7 7 7 7 7 7 7 7 7 7 7 7 7 8 8 8 8 8 8 8 8 8 8 8 9 9 9 9 9 9 9 10 10 10 10 10 10 11 11 12 12 12 13 13 13 14 15 15 16 16 17 17 18 18 19 28 48 52 65
00-0034854,catch,3,7 8 16
00-0034855,run,47,0 0 1 1 1 2 2 2 2 2 3 3 3 3 4 4 4 5 5 5 5 6 6 6 7 7 8 8 8 8 9 9 10 10 11 11 12 13 15 15 16 16 20 21 23 26 33
00-0034857,run,94,-3 0 0 0 0 0 0 0 0 1 1 1 1 1 1 1 1 1 1 2 2 2 2 2 2 2 2 2 2 2 2 2 3 3 3 3 3 3 3 3 3 3 3 3 4 4 4 4 4 5 5 5 5 5 5 5 5 5 5 6 6 6 6 6 7 7 7 7 8 8 8 8 8 8 9 9 9 10 11 11 12 14 15 15 16 17 17 19 19 20 24 27 40 40
00-0034860,catch,9,-1 1 3 12 14 18 22 26 32
00-0034869,run,22,0 0 0 0 1 2 2 3 3 3 3 4 4 5 5 6 6 8 8 9 12 24
00-0034959,catch,6,1 2 6 9 10 17
00-0034959,run,1,5
00-0034960,catch,75,0 3 3 4 4 4 4 4 4 5 5 5 5 5 5 5 5 5 6 6 6 7 7 7 7 7 7 7 8 8 8 8 8 8 8 8 9 9 9 9 9 9 9 9 10 10 10 10 11 11 11 11 11 12 12 13 14 15 15 16 16 17 17 19 19 20 21 21 23 23 24 25 25 45 50
00-0034960,run,5,1 2 3 3 4
00-0034975,catch,21,0 2 3 4 4 4 4 4 4 5 6 6 8 9 9 11 11 12 13 13 37
00-0034975,run,18,-15 -1 -1 -1 1 1 1 1 2 2 2 3 4 5 6 6 6 71
00-0034981,catch,7,5 6 6 7 9 10 16
00-0034983,catch,15,1 1 4 5 5 5 5 5 6 6 7 7 7 10 15
00-0035021,catch,5,-8 11 20 35 48
00-0035021,run,3,7 15 22
00-0035042,run,1,-13
00-0035100,run,8,1 2 3 3 3 4 11 13
00-0035125,catch,8,0 1 3 4 4 9 9 22
00-0035125,run,2,3 6
00-0035208,catch,39,0 1 3 4 4 4 5 5 5 5 5 6 6 6 6 6 6 6 6 6 7 7 7 7 7 9 9 10 10 10 11 12 13 13 14 14 15 16 27
00-0035208,run,4,0 4 9 12
00-0035228,run,28,-3 -2 0 1 1 1 2 2 2 3 3 3 4 4 4 4 4 5 6 8 9 9 10 11 12 13 29 30
00-0035229,catch,51,-3 1 2 2 2 3 3 4 4 4 4 4 4 5 5 5 5 5 6 6 6 6 7 7 7 7 7 7 9 9 9 9 10 10 10 11 11 11 12 12 12 13 13 13 14 14 14 18 21 29 29
00-0035229,run,1,0
00-0035238,catch,1,21
00-0035243,catch,8,-3 1 3 3 3 6 8 9
00-0035243,run,20,-1 0 1 1 2 3 3 3 3 4 4 4 4 5 5 6 6 7 8 49
00-0035249,catch,15,-3 3 4 5 6 7 7 8 9 12 12 18 18 22 32
00-0035250,catch,18,-4 -1 1 2 3 4 4 4 4 5 6 8 8 10 12 16 28 41
00-0035250,run,119,-6 -4 -3 -3 -2 -2 -1 -1 0 0 0 0 0 0 0 0 0 1 1 1 1 1 1 1 1 1 1 1 1 1 1 1 1 1 1 2 2 2 2 2 2 2 2 2 2 2 2 2 2 3 3 3 3 3 3 3 3 3 3 3 3 3 3 3 3 3 3 4 4 4 4 4 4 4 4 4 4 4 4 4 4 4 4 5 5 5 5 5 5 5 5 5 5 5 6 6 6 6 6 6 6 7 7 7 8 8 8 8 8 8 8 8 8 13 13 14 14 22 29
00-0035261,catch,33,-7 -1 -1 0 2 2 3 3 3 3 4 4 4 4 5 5 5 6 7 8 8 8 9 9 9 10 10 10 10 11 12 12 29
00-0035261,run,242,-4 -4 -3 -2 -2 -2 -2 -1 -1 -1 -1 -1 -1 -1 -1 -1 -1 -1 0 0 0 0 0 0 0 0 0 0 0 0 0 0 0 0 1 1 1 1 1 1 1 1 1 1 1 1 1 1 1 1 1 1 1 1 1 1 2 2 2 2 2 2 2 2 2 2 2 2 2 2 2 2 2 2 2 2 2 2 2 2 2 2 2 2 2 2 2 2 2 2 2 3 3 3 3 3 3 3 3 3 3 3 3 3 3 3 3 3 3 3 3 3 3 3 3 3 3 3 3 3 3 3 3 3 3 3 3 3 3 4 4 4 4 4 4 4 4 4 4 4 4 4 4 4 4 4 4 4 4 4 4 4 4 4 4 4 4 4 4 4 5 5 5 5 5 5 5 5 5 5 5 5 5 5 5 5 5 6 6 6 6 6 6 6 6 6 6 6 6 6 6 6 6 6 6 7 7 7 7 7 7 7 7 8 8 8 8 8 8 9 9 9 9 9 9 10 10 10 10 10 10 10 10 11 11 11 11 11 11 11 12 14 15 15 16 17 20 21 22 25 32 65
00-0035289,run,1,8
00-0035291,catch,8,-7 -2 0 1 6 13 18 26
00-0035291,run,10,-3 0 1 2 3 3 3 7 9 11
00-0035298,catch,9,2 3 4 5 7 8 9 9 15
00-0035311,run,3,0 3 3
00-0035359,catch,18,2 4 4 6 6 7 9 9 9 10 11 11 12 13 17 20 20 21
00-0035406,catch,13,5 5 6 6 6 7 9 9 15 15 17 22 34
00-0035500,catch,29,-6 -5 -2 -2 0 1 2 2 2 3 3 3 4 4 5 5 6 7 8 11 11 12 12 15 16 16 17 17 39
00-0035500,run,7,-5 -2 0 4 4 5 9
00-0035535,catch,37,3 4 4 5 5 6 6 6 7 7 7 7 8 9 9 9 9 10 11 14 15 16 16 17 17 17 18 19 19 19 21 23 24 30 31 38 52
00-0035537,catch,24,-1 -1 0 3 3 4 4 6 7 7 7 8 8 9 9 9 9 10 12 13 14 16 23 52
00-0035537,run,50,-2 -2 -1 0 0 0 0 0 0 1 1 1 1 1 2 2 2 2 2 2 2 2 3 3 3 3 3 3 4 4 4 4 5 5 5 5 6 6 6 7 7 7 7 8 9 9 9 9 17 23
00-0035544,catch,4,2 4 7 23
00-0035567,run,3,0 1 3
00-0035594,run,1,-2
00-0035602,catch,2,3 9
00-0035628,run,14,-1 0 0 1 1 1 1 2 2 2 3 3 5 5
00-0035631,catch,15,-2 -1 0 3 4 4 5 6 7 7 8 8 14 16 27
00-0035631,run,1,3
00-0035640,catch,59,0 2 2 2 3 3 3 4 4 5 5 5 5 5 5 5 5 6 6 6 7 8 8 9 9 9 9 10 10 10 11 11 11 12 12 12 14 14 14 15 17 17 18 19 20 20 22 23 24 25 25 25 28 28 31 39 41 52 80
00-0035640,run,2,6 6
00-0035643,catch,1,1
00-0035644,catch,34,-1 1 2 2 3 3 4 4 4 5 5 5 5 5 5 6 7 7 7 8 8 9 9 9 10 11 12 14 15 15 16 23 25 25
00-0035645,catch,10,5 6 6 8 11 15 19 23 24 28
00-0035659,catch,38,3 3 4 5 6 6 7 7 7 7 9 9 11 11 11 12 12 12 13 13 13 14 14 14 14 15 16 16 16 18 19 20 25 25 28 40 51 56
00-0035662,catch,49,-2 0 0 1 2 3 3 3 4 4 5 5 5 5 6 6 6 6 7 7 7 7 8 8 9 10 10 10 10 10 10 11 12 13 13 13 15 16 17 18 18 18 20 20 33 35 40 49 51
00-0035676,catch,78,-2 -1 1 1 2 3 3 4 4 4 5 6 6 6 6 6 6 7 7 7 7 7 7 8 8 8 8 8 8 8 8 9 9 9 9 9 9 9 10 10 10 11 11 11 11 12 13 13 13 13 13 14 15 16 16 16 16 16 17 17 18 19 19 19 22 22 23 24 25 26 26 27 27 30 33 37 38 45
00-0035685,catch,24,-3 -2 0 2 3 3 4 4 6 6 6 7 7 9 10 13 13 13 13 13 13 14 15 23
00-0035685,run,158,-2 -2 -2 -2 -1 -1 -1 -1 -1 -1 -1 -1 -1 0 0 0 0 0 0 0 0 0 0 0 1 1 1 1 1 1 1 1 1 1 1 1 1 1 1 1 1 1 1 1 1 2 2 2 2 2 2 2 2 2 2 2 2 2 2 2 2 2 2 2 2 2 2 2 2 2 2 2 3 3 3 3 3 3 3 3 3 3 3 3 3 3 3 3 3 3 3 3 3 3 3 3 4 4 4 4 4 4 4 4 4 4 4 4 4 4 5 5 5 5 5 5 5 5 6 6 6 6 6 6 6 7 7 8 8 8 8 8 8 8 9 9 9 9 9 9 9 9 9 10 10 11 11 11 12 13 13 14 17 18 19 31 35 72
00-0035689,catch,36,-1 2 2 2 3 3 4 5 5 6 7 7 7 8 8 9 9 9 10 11 12 12 12 14 14 15 15 16 17 19 19 20 23 30 31 32
00-0035700,catch,36,-2 0 0 1 2 2 3 3 3 4 4 4 4 4 5 5 5 6 6 6 6 7 7 7 7 8 8 8 9 9 14 14 25 28 29 31
00-0035700,run,234,-5 -4 -3 -3 -3 -3 -2 -2 -2 -1 -1 -1 -1 -1 -1 -1 -1 -1 -1 0 0 0 0 0 0 0 0 0 0 0 0 0 0 0 0 0 0 0 0 0 0 0 1 1 1 1 1 1 1 1 1 1 1 1 1 1 1 1 1 1 1 1 1 1 1 1 1 1 1 1 1 1 1 1 2 2 2 2 2 2 2 2 2 2 2 2 2 2 2 2 2 2 2 2 2 2 2 2 2 2 2 2 3 3 3 3 3 3 3 3 3 3 3 3 3 3 3 3 3 3 3 3 3 3 3 3 3 3 3 3 3 3 3 4 4 4 4 4 4 4 4 4 4 4 4 4 4 4 4 4 4 4 4 4 4 4 4 4 5 5 5 5 5 5 5 5 5 5 5 5 5 5 5 5 5 5 5 5 6 6 6 6 6 6 6 6 6 6 6 6 6 7 7 7 7 7 7 7 7 7 7 8 8 8 8 8 8 8 9 9 9 10 10 10 10 11 11 11 11 11 12 13 14 14 15 15 15 16 18 18 19 21 29 40
00-0035704,run,2,0 0
00-0035710,run,38,-5 0 0 1 1 1 1 1 1 1 2 2 2 2 2 2 2 2 2 3 3 3 3 3 3 4 4 4 6 6 7 9 11 13 13 17 17 19
00-0035719,catch,72,-3 -2 -1 -1 0 0 0 1 1 2 2 3 3 4 4 4 4 4 4 4 5 5 5 5 5 5 5 6 6 6 6 6 7 7 7 8 8 9 9 9 9 9 9 10 10 11 11 11 12 13 14 14 14 15 16 16 16 18 18 19 19 19 20 20 21 21 22 24 27 28 38 41
00-0035719,run,17,-4 -3 -2 -1 -1 0 1 1 3 3 4 5 5 7 9 19 29
00-0035876,catch,2,3 5
00-0035891,catch,3,9 21 60
00-0035993,run,19,-3 0 0 2 2 2 3 5 6 7 8 9 9 10 11 12 19 25 29
00-0036040,catch,77,-2 0 1 2 2 3 3 3 4 4 4 4 4 4 5 5 5 6 6 6 6 6 6 6 6 6 6 6 7 7 7 7 7 8 8 8 8 9 9 10 10 10 11 11 11 11 11 11 11 11 12 12 12 12 12 13 14 15 15 15 16 16 17 18 19 19 21 21 23 28 28 29 30 30 31 39 52
00-0036133,catch,6,5 5 7 12 13 23
00-0036139,catch,39,-5 -2 -2 0 1 1 1 2 2 2 3 3 3 3 4 4 4 4 4 5 6 8 8 8 8 8 10 10 11 11 12 13 13 13 15 17 25 28 36
00-0036139,run,236,-3 -2 -2 -2 -1 -1 -1 -1 -1 -1 -1 -1 -1 -1 -1 0 0 0 0 0 0 0 0 0 0 0 0 0 0 0 0 0 0 0 1 1 1 1 1 1 1 1 1 1 1 1 1 1 1 1 1 1 1 1 1 1 1 1 1 1 1 1 2 2 2 2 2 2 2 2 2 2 2 2 2 2 2 2 2 2 2 2 2 2 2 2 2 2 2 2 2 2 2 3 3 3 3 3 3 3 3 3 3 3 3 3 3 3 3 3 3 3 3 3 3 3 3 3 3 3 3 3 3 3 3 3 3 3 3 4 4 4 4 4 4 4 4 4 4 4 4 4 4 4 4 4 4 4 4 4 4 4 4 4 4 4 4 4 4 5 5 5 5 5 5 5 5 5 5 5 5 5 5 6 6 6 6 6 6 6 6 6 6 6 6 6 7 7 7 7 7 7 7 7 7 7 7 7 7 8 8 8 8 8 8 9 9 9 9 9 9 9 10 11 11 11 12 12 12 12 12 13 13 13 14 14 15 16 17 17 19 24 25 29 43 53
00-0036158,catch,11,-2 -1 0 2 3 4 4 5 6 7 9
00-0036158,run,153,-3 -3 -2 -2 -2 -2 -1 -1 -1 0 0 0 0 0 0 0 0 0 0 0 0 0 1 1 1 1 1 1 1 1 1 1 1 1 1 1 1 1 1 1 1 1 1 1 1 1 1 2 2 2 2 2 2 2 2 2 2 2 2 2 2 2 2 2 3 3 3 3 3 3 3 3 3 3 3 3 3 4 4 4 4 4 4 4 4 4 4 4 4 4 5 5 5 5 5 5 5 5 5 5 5 5 5 5 6 6 6 6 6 6 6 7 7 7 7 7 7 7 7 7 7 7 8 8 8 8 8 9 9 9 9 9 10 10 11 11 12 12 12 13 13 15 15 16 17 18 19 19 21 23 25 32 41
00-0036165,catch,10,4 4 4 8 8 12 12 13 20 30
00-0036176,catch,2,14 34
00-0036182,catch,11,-2 1 5 7 7 7 7 11 11 17 18
00-0036187,catch,2,2 22
00-0036187,run,2,-1 5
00-0036196,catch,12,2 4 5 6 6 7 9 11 17 18 22 22
00-0036212,run,16,0 0 0 0 1 1 1 2 3 3 4 5 5 6 7 8
00-0036223,catch,46,-5 -3 0 0 0 1 1 1 2 2 2 3 4 4 5 5 5 5 6 6 6 6 6 7 7 7 7 7 7 7 8 8 8 9 10 11 13 13 14 16 19 19 19 24 33 43
00-0036223,run,323,-5 -3 -3 -3 -3 -3 -3 -3 -2 -2 -2 -2 -2 -2 -2 -2 -1 -1 -1 -1 -1 -1 -1 -1 -1 -1 -1 -1 0 0 0 0 0 0 0 0 0 0 0 0 0 0 0 0 0 0 0 0 0 1 1 1 1 1 1 1 1 1 1 1 1 1 1 1 1 1 1 1 1 1 1 1 1 1 1 1 1 1 1 1 1 1 1 1 1 1 1 1 1 1 1 1 1 2 2 2 2 2 2 2 2 2 2 2 2 2 2 2 2 2 2 2 2 2 2 2 2 2 2 2 2 2 2 2 2 2 2 2 2 2 2 2 2 2 2 2 2 3 3 3 3 3 3 3 3 3 3 3 3 3 3 3 3 3 3 3 3 3 3 3 3 3 3 3 3 3 3 3 3 3 3 3 3 4 4 4 4 4 4 4 4 4 4 4 4 4 4 4 4 4 4 4 4 4 4 4 4 4 4 4 4 4 4 4 4 4 5 5 5 5 5 5 5 5 5 5 5 5 5 5 5 5 5 5 5 5 5 5 5 5 5 5 5 5 5 5 6 6 6 6 6 6 6 6 6 6 6 6 6 6 6 6 6 6 6 6 6 7 7 7 7 7 7 7 7 7 7 8 8 8 8 8 8 8 8 8 8 8 8 8 8 9 9 9 9 9 9 10 10 10 10 11 11 11 11 11 11 12 12 12 12 12 12 12 13 14 14 15 15 16 16 18 18 19 22 23 27 28 30 46 68 80 83
00-0036232,catch,2,2 5
00-0036244,catch,43,-7 -1 1 1 2 2 4 5 5 5 5 6 6 6 6 6 7 7 8 8 8 8 9 9 9 10 11 11 12 12 12 14 14 15 15 16 16 16 16 21 23 23 26
00-0036252,catch,80,-1 -1 1 2 2 2 3 3 3 4 4 4 4 4 4 5 5 5 5 6 6 6 6 6 6 6 6 6 7 7 8 8 8 8 9 9 9 9 9 9 9 10 10 10 10 10 11 11 11 11 12 12 12 12 12 13 14 14 14 14 14 14 15 15 15 15 16 16 16 16 16 16 17 17 18 20 21 21 24 27
00-0036259,catch,55,-1 1 3 4 4 4 4 4 5 5 5 6 6 6 6 7 7 7 7 7 7 7 7 8 8 10 10 11 11 11 11 11 11 12 12 12 13 13 13 13 13 14 14 16 17 19 20 20 21 22 25 25 29 38 42
00-0036264,run,34,0 0 1 1 2 2 2 2 2 3 3 3 3 4 4 4 4 5 5 5 5 5 6 7 7 7 9 10 12 12 13 14 24 25
00-0036265,catch,3,3 7 11
00-0036265,run,12,0 1 2 3 3 3 5 6 8 9 9 11
00-0036275,catch,34,-3 -2 1 1 1 1 2 2 2 3 3 3 3 3 4 5 5 6 7 7 8 8 8 8 10 10 10 12 13 14 14 25 41 55
00-0036275,run,223,-4 -4 -4 -3 -2 -2 -2 -2 -2 -2 -2 -1 -1 -1 0 0 0 0 0 0 0 0 0 0 0 0 0 1 1 1 1 1 1 1 1 1 1 1 1 1 1 1 1 1 1 1 1 1 2 2 2 2 2 2 2 2 2 2 2 2 2 2 2 2 2 2 2 2 2 2 2 3 3 3 3 3 3 3 3 3 3 3 3 3 3 3 3 3 3 3 3 3 3 3 3 3 3 3 3 3 3 3 3 4 4 4 4 4 4 4 4 4 4 4 4 4 4 4 4 4 4 4 4 4 4 4 4 4 5 5 5 5 5 5 5 5 5 5 5 5 5 5 5 5 5 5 5 5 6 6 6 6 6 6 6 6 6 6 6 6 6 6 7 7 7 7 7 7 7 7 7 7 7 7 7 7 7 7 7 8 8 8 8 8 8 8 9 9 9 9 9 9 9 10 10 10 10 10 10 11 11 11 11 11 12 12 12 13 13 13 14 15 15 17 17 17 17 19 20 22 23 23 25
00-0036290,catch,30,-3 0 2 3 3 4 5 5 6 7 7 7 8 9 10 10 11 11 11 13 14 16 16 17 19 22 26 28 29 31
00-0036309,catch,32,2 2 4 5 6 6 6 7 9 9 9 10 11 11 12 12 13 13 15 15 16 16 16 16 17 17 18 20 21 22 38 49
00-0036313,run,1,-34
00-0036322,catch,84,-4 -2 -1 1 2 2 2 3 3 4 4 4 4 5 5 5 5 6 6 7 7 7 7 8 8 8 8 8 9 9 9 9 10 10 10 10 10 10 10 10 11 11 11 11 11 11 11 12 12 12 13 13 13 14 14 14 15 15 15 16 16 16 16 17 17 17 17 18 18 18 18 19 21 21 21 21 22 22 27 29 36 38 40 50
00-0036322,run,2,3 4
00-0036328,catch,2,1 5
00-0036328,run,25,-2 -1 0 0 0 0 1 2 2 2 2 3 3 3 3 3 4 5 5 7 8 9 11 15 21
00-0036331,catch,2,2 24
00-0036332,catch,3,6 7 8
00-0036355,run,73,-4 -1 0 0 0 1 1 1 1 1 1 1 1 2 2 2 2 2 2 2 2 2 2 2 2 2 3 3 3 3 4 4 4 4 4 4 4 4 4 5 5 5 5 5 6 6 6 6 7 7 7 7 7 7 8 9 9 10 11 12 12 12 15 15 18 18 18 19 24 28 29 34 41
00-0036358,catch,75,-3 -2 -1 2 3 4 4 4 4 5 5 5 5 5 5 5 5 6 6 6 6 6 7 7 7 7 7 7 7 8 8 9 9 10 10 10 10 10 11 11 12 12 13 13 13 13 14 14 15 15 16 16 17 17 17 18 18 18 18 21 23 24 25 26 29 30 30 32 32 33 33 37 48 51 74
00-0036358,run,1,2
00-0036360,catch,2,2 7
00-0036360,run,7,-2 -1 0 2 3 4 7
00-0036389,run,94,-5 -2 -1 -1 -1 -1 0 0 0 0 0 0 0 0 0 0 0 1 1 1 1 1 1 1 1 1 1 1 1 2 2 2 2 2 2 2 2 2 2 2 2 2 3 3 3 3 3 3 4 4 4 4 4 4 4 4 4 4 4 5 5 5 5 6 6 6 7 7 7 7 7 7 8 8 8 8 8 8 9 9 9 9 10 11 11 11 12 13 14 15 16 18 23 29
00-0036406,catch,1,2
00-0036407,catch,50,0 1 1 2 3 4 4 4 4 5 6 6 6 7 7 7 7 8 8 8 9 9 10 10 10 11 11 11 11 11 11 12 12 12 13 13 13 14 14 15 15 16 17 19 22 25 26 33 39 60
00-0036407,run,1,5
00-0036410,catch,59,0 1 2 2 3 4 4 6 6 6 6 6 7 7 7 7 7 8 8 8 8 8 9 9 9 10 10 10 10 11 12 12 13 13 13 13 13 14 15 16 17 18 18 19 19 21 21 21 22 23 25 28 28 29 35 39 42 44 44
00-0036414,run,5,-1 0 1 5 14
00-0036415,catch,29,4 4 4 4 5 5 6 6 6 7 8 8 9 9 10 11 11 11 11 12 12 15 15 20 21 23 23 27 43
00-0036422,catch,20,1 2 2 4 5 5 6 6 7 8 8 11 11 12 12 13 13 21 22 26
00-0036423,catch,5,3 5 5 7 16
00-0036425,run,3,0 4 17
00-0036427,catch,12,3 5 7 7 12 15 15 20 20 24 34 35
00-0036429,catch,8,-5 3 3 3 4 8 14 18
00-0036442,run,13,1 1 1 2 2 2 2 3 3 3 5 8 9
00-0036497,catch,1,15
00-0036534,catch,3,4 5 11
00-0036550,catch,19,3 4 5 5 5 5 7 8 9 10 10 10 14 15 16 18 20 24 36
00-0036554,catch,71,-1 -1 -1 2 3 3 3 4 4 4 4 4 5 5 6 6 6 6 7 7 7 8 8 8 9 10 10 10 11 11 12 12 13 14 14 14 14 14 15 15 15 16 16 16 17 17 17 18 18 18 19 19 19 21 22 22 22 23 24 24 24 24 26 29 29 37 46 50 53 54 57
00-0036554,run,2,7 8
00-0036555,catch,30,-3 -2 -2 0 1 1 1 2 2 2 3 3 5 5 5 6 6 6 7 7 8 9 9 10 14 14 16 26 27 35
00-0036555,run,134,-3 -3 -2 -2 -2 -1 -1 0 0 0 0 0 0 0 0 0 1 1 1 1 1 1 1 1 1 2 2 2 2 2 2 2 2 2 2 2 2 2 2 2 2 2 2 2 2 2 3 3 3 3 3 3 3 3 3 3 3 3 3 3 3 3 3 3 3 3 3 3 3 3 3 3 3 3 4 4 4 4 4 4 4 4 4 4 4 5 5 5 5 5 5 5 5 5 5 5 5 5 6 6 6 6 6 6 6 6 6 6 6 6 6 6 7 7 7 7 8 8 8 8 8 8 8 9 9 9 10 10 10 10 10 11 11 14
00-0036590,catch,6,5 5 7 11 13 14
00-0036613,catch,64,-3 0 1 1 3 3 3 4 4 4 5 6 6 6 6 7 7 7 7 7 8 10 10 10 11 11 11 11 13 13 13 13 13 14 14 14 14 15 15 15 16 16 16 16 16 17 18 18 18 19 20 21 22 22 23 24 24 24 25 31 38 43 45 46
00-0036613,run,2,7 21
00-0036620,catch,4,5 8 9 40
00-0036626,catch,20,-1 1 2 4 6 6 8 9 9 9 10 11 12 13 15 16 17 18 23 39
00-0036626,run,6,2 4 4 4 7 9
00-0036628,catch,11,2 2 5 6 7 9 10 10 11 19 22
00-0036630,catch,4,6 10 14 15
00-0036637,catch,21,-3 1 1 2 3 3 4 5 5 6 6 8 10 10 11 13 14 15 17 19 28
00-0036672,run,1,0
00-0036679,run,1,4
00-0036727,catch,6,4 5 6 11 13 14
00-0036727,run,10,-1 0 2 3 3 3 4 4 8 18
00-0036741,catch,6,4 7 7 7 8 13
00-0036754,catch,14,3 4 4 4 4 5 5 6 8 8 11 12 14 20
00-0036755,catch,3,1 3 4
00-0036755,run,41,-2 -1 0 0 0 1 1 1 1 1 2 2 2 2 2 2 2 2 2 3 3 3 3 3 3 4 4 4 4 5 5 6 6 7 7 8 9 9 9 12 22
00-0036825,run,2,2 2
00-0036841,catch,3,13 15 18
00-0036842,run,13,-1 -1 0 0 2 3 4 4 5 5 6 6 16
00-0036849,catch,6,4 9 19 34 38 88
00-0036862,catch,4,13 13 21 22
00-0036875,catch,32,-2 0 0 2 2 3 3 4 4 4 5 5 6 7 7 7 7 7 8 9 10 11 14 15 15 16 17 22 23 23 36 55
00-0036875,run,130,-6 -5 -5 -4 -3 -3 -2 -2 -1 -1 -1 -1 -1 -1 -1 -1 0 0 0 0 0 0 0 0 0 0 0 0 0 1 1 1 1 1 1 1 1 1 1 1 1 1 2 2 2 2 2 2 2 2 2 2 2 2 2 3 3 3 3 3 3 3 3 3 3 3 3 3 3 3 3 4 4 4 4 4 4 4 4 4 4 4 4 4 4 4 4 5 5 5 5 5 5 5 6 6 6 6 6 7 7 7 7 7 7 8 8 8 8 8 9 9 9 9 9 10 11 11 11 11 14 15 16 20 21 21 22 24 35 56
00-0036876,catch,7,1 4 5 5 6 7 12
00-0036887,catch,11,3 4 4 6 8 9 9 9 11 11 11
00-0036893,catch,3,5 9 11
00-0036893,run,15,-1 0 1 1 4 4 4 5 5 5 6 6 7 7 7
00-0036894,catch,41,0 1 2 2 3 3 3 4 5 5 6 6 6 6 6 7 7 7 7 8 9 9 10 11 11 11 11 12 14 14 15 16 18 19 19 20 22 23 29 31 68
00-0036898,run,10,0 0 4 5 5 6 7 10 12 14
00-0036900,catch,125,-1 -1 -1 0 0 0 1 1 1 2 2 2 2 3 4 4 4 4 4 4 4 4 5 5 5 5 5 5 5 6 6 6 6 6 6 6 6 6 7 7 7 7 7 7 7 7 8 8 8 8 8 8 8 8 8 9 9 9 9 9 9 9 10 10 10 10 10 10 10 10 11 11 11 11 11 11 11 11 12 12 12 12 12 13 13 13 13 13 13 14 14 14 14 15 15 15 15 15 15 16 16 16 16 16 17 18 18 18 19 19 20 21 21 22 22 24 25 25 27 28 34 36 36 43 64
00-0036900,run,3,-3 8 9
00-0036906,catch,1,4
00-0036906,run,16,-1 1 1 1 2 3 3 4 4 4 4 4 5 5 5 7
00-0036912,catch,77,-1 0 1 1 1 2 2 3 3 4 4 4 4 5 5 5 5 5 6 6 6 6 6 6 6 6 6 7 7 7 8 8 8 8 9 9 9 9 9 9 9 10 10 11 11 11 11 12 12 12 13 14 14 15 16 16 16 16 16 16 16 17 19 20 21 21 26 27 28 28 28 30 36 41 44 52 79
00-0036919,catch,73,-9 -6 -5 -3 -1 0 0 0 1 1 1 2 2 2 2 2 2 2 3 3 4 4 4 4 4 4 5 5 5 5 5 5 5 5 6 6 6 6 6 6 6 7 7 7 7 7 7 7 8 8 8 8 8 8 8 9 9 10 10 10 10 11 11 11 12 13 15 16 17 19 20 28 45
00-0036919,run,114,-9 -2 -2 -2 -2 -2 -1 -1 -1 -1 -1 -1 -1 -1 -1 0 0 0 0 0 0 0 0 0 1 1 1 1 1 1 1 1 1 1 1 1 1 1 1 2 2 2 2 2 2 2 2 2 2 2 2 2 3 3 3 3 3 3 3 3 3 4 4 4 4 4 4 4 4 4 5 5 5 5 5 5 5 5 6 6 6 6 6 6 6 7 7 8 8 8 9 9 9 9 9 9 9 9 9 10 10 10 11 11 12 13 13 14 15 15 15 18 38 55
00-0036924,catch,33,1 1 1 2 2 2 3 3 4 5 6 6 6 6 6 7 8 9 9 9 9 11 11 11 12 12 14 14 14 14 15 16 18
00-0036924,run,92,-4 -3 -2 -2 -1 -1 -1 -1 -1 -1 -1 0 0 0 0 0 0 0 1 1 1 1 1 1 1 1 2 2 2 2 2 2 2 2 2 2 2 2 2 2 3 3 3 3 3 3 3 3 3 3 3 3 3 3 4 4 4 4 4 4 4 4 4 5 5 5 5 5 5 5 6 6 6 7 7 7 7 7 7 7 8 8 8 8 9 9 9 11 11 11 21 22
00-0036945,run,67,-4 -2 -1 0 0 0 0 1 1 1 1 1 2 2 2 2 2 2 2 2 2 3 3 3 3 4 4 4 4 4 4 4 4 4 4 4 4 5 5 5 6 6 6 6 6 6 6 7 7 7 7 7 8 8 9 9 9 11 11 11 12 13 14 15 19 27 43
00-0036959,catch,4,6 8 16 20
00-0036963,catch,117,-5 -1 0 0 1 2 2 2 3 3 3 3 3 3 3 3 4 4 4 4 4 4 4 5 5 6 6 6 6 6 6 7 7 7 7 7 7 8 8 8 8 8 8 8 8 8 8 8 8 8 8 9 9 9 9 9 9 9 9 9 9 10 10 10 11 11 11 11 11 11 12 12 12 12 12 12 13 13 13 13 14 15 15 16 16 16 16 16 16 17 17 17 17 18 18 19 19 19 20 20 20 23 24 24 25 26 26 26 27 27 30 30 32 34 34 37 52
00-0036963,run,3,1 2 6
00-0036970,catch,88,-3 -2 1 1 2 2 2 3 3 3 3 3 3 4 4 5 5 5 5 5 5 5 5 6 6 6 6 7 7 7 7 7 7 7 7 7 8 8 8 8 8 8 9 9 9 10 10 10 10 10 10 10 10 11 11 11 11 11 12 12 12 12 13 13 13 13 13 14 14 14 15 17 17 17 18 19 20 22 22 23 24 24 25 26 26 26 30 36
00-0036971,run,74,-5 -5 -2 -1 0 0 1 1 1 1 1 1 1 1 1 1 1 1 1 1 2 2 2 2 2 2 2 2 3 3 3 3 3 3 3 3 3 4 4 4 4 4 4 4 5 5 5 6 6 6 6 6 6 6 7 7 7 7 9 9 10 10 10 10 10 11 14 14 14 15 16 19 20 21
00-0036972,run,22,-5 0 0 1 1 1 2 2 2 2 2 2 3 3 3 3 3 5 8 10 13 13
00-0036973,catch,36,-3 -1 1 1 2 2 3 3 3 3 4 4 5 5 5 6 6 7 7 7 8 8 8 9 9 9 10 11 11 13 15 15 15 16 20 45
00-0036973,run,260,-7 -5 -4 -4 -4 -4 -3 -3 -2 -2 -2 -2 -2 -2 -2 -2 -1 -1 -1 -1 -1 -1 -1 -1 -1 -1 0 0 0 0 0 0 0 0 0 0 0 0 0 0 0 0 0 0 0 0 0 0 0 0 0 0 0 0 0 1 1 1 1 1 1 1 1 1 1 1 1 1 1 1 1 1 1 1 1 1 1 1 1 1 1 1 1 1 2 2 2 2 2 2 2 2 2 2 2 2 2 2 2 2 2 2 2 2 2 2 2 2 2 2 2 2 2 2 3 3 3 3 3 3 3 3 3 3 3 3 3 3 3 3 3 3 3 3 3 3 3 3 3 3 3 3 3 3 3 3 3 3 3 3 4 4 4 4 4 4 4 4 4 4 4 4 4 4 4 4 4 4 4 4 4 5 5 5 5 5 5 5 5 5 5 5 5 5 5 5 5 5 5 5 5 5 5 5 5 5 6 6 6 6 6 6 6 6 6 6 6 6 6 6 6 7 7 7 7 7 7 7 7 7 7 7 8 8 8 8 8 8 8 8 8 9 9 9 10 10 10 10 10 11 11 11 11 11 11 12 13 13 13 13 14 17 18 20 24 28 30 45 48 71
00-0036980,catch,9,-3 0 3 4 5 14 28 30 31
00-0036980,run,6,-1 0 2 4 8 11
00-0036988,catch,22,1 2 4 4 5 8 8 9 10 11 11 12 13 13 14 15 15 16 23 32 32 45
00-0036997,catch,35,-7 -5 -5 -1 0 0 1 2 2 2 3 3 3 3 3 4 4 4 4 4 4 4 5 5 5 6 7 7 8 8 9 9 11 11 14
00-0036997,run,252,-4 -3 -3 -3 -2 -2 -2 -2 -2 -1 -1 -1 -1 0 0 0 0 0 0 0 0 0 0 0 0 0 0 0 0 1 1 1 1 1 1 1 1 1 1 1 1 1 1 1 1 1 1 1 1 1 1 1 1 1 1 1 1 1 1 2 2 2 2 2 2 2 2 2 2 2 2 2 2 2 2 2 2 2 2 2 2 2 2 2 2 2 2 2 2 2 2 2 2 2 3 3 3 3 3 3 3 3 3 3 3 3 3 3 3 3 3 3 3 3 3 3 3 3 3 3 3 3 3 3 3 3 3 3 3 4 4 4 4 4 4 4 4 4 4 4 4 4 4 4 4 4 4 4 4 4 4 4 4 4 4 4 4 5 5 5 5 5 5 5 5 5 5 5 5 5 5 5 5 5 5 5 5 5 6 6 6 6 6 6 6 6 6 6 6 6 6 6 6 6 6 6 7 7 7 7 7 7 7 7 7 7 7 8 8 8 8 8 8 8 9 9 9 9 9 9 9 9 9 9 9 9 10 11 11 11 11 11 11 11 11 12 13 13 13 15 15 15 16 17 19 19 20 21 22 30 33 66
00-0037004,catch,12,3 4 5 6 6 7 7 8 8 9 11 11
00-0037005,catch,27,0 2 2 4 4 5 5 5 6 6 6 6 7 7 7 8 8 8 8 9 9 12 13 15 16 17 54
00-0037012,run,15,-1 0 1 1 2 2 2 3 4 4 10 11 11 15 22
00-0037013,run,1,3
00-0037015,catch,2,5 6
00-0037085,catch,19,-6 0 0 0 1 2 3 5 5 7 11 12 12 12 13 13 16 16 19
00-0037085,run,8,-3 0 1 3 3 6 6 7
00-0037086,catch,9,3 4 6 6 7 8 11 15 16
00-0037091,catch,4,10 18 34 45
00-0037091,run,5,0 1 3 14 17
00-0037093,catch,2,12 36
00-0037098,catch,1,3
00-0037112,catch,34,1 2 2 2 3 4 4 4 5 5 6 6 6 6 7 7 8 8 9 9 9 10 10 11 11 11 11 11 13 14 16 18 21 23
00-0037120,catch,2,0 8
00-0037120,run,9,0 0 2 2 3 3 4 4 6
00-0037132,catch,2,8 12
00-0037157,catch,22,-1 -1 1 1 1 2 4 5 5 6 7 8 8 9 9 10 12 12 13 14 15 20
00-0037157,run,82,-2 -2 -2 -2 -1 -1 -1 -1 -1 -1 -1 0 0 0 0 0 0 0 0 0 0 0 1 1 1 1 1 1 1 1 2 2 2 2 2 2 2 2 2 2 2 2 2 3 3 3 3 3 3 3 3 3 4 4 4 4 4 5 5 5 5 5 6 6 6 6 6 6 7 7 8 8 9 9 9 9 9 10 11 13 16 17
00-0037197,catch,19,-3 -3 -1 -1 0 3 4 4 4 4 5 6 6 6 7 8 10 11 31
00-0037197,run,118,-4 -2 -2 -2 -1 -1 -1 0 0 0 0 1 1 1 1 1 1 1 1 1 1 1 1 1 1 1 2 2 2 2 2 2 2 2 2 2 2 2 2 2 2 3 3 3 3 3 3 3 3 3 3 3 3 3 3 3 3 3 3 3 4 4 4 4 4 4 4 4 4 4 4 4 4 4 4 4 5 5 5 5 5 5 5 5 5 5 5 5 5 5 5 5 6 6 6 6 6 6 6 7 7 7 7 8 8 8 9 9 10 10 10 11 11 11 12 13 13 16
00-0037228,catch,40,-2 -1 -1 0 0 0 2 2 2 2 3 4 4 4 5 5 5 5 5 5 5 6 6 6 6 7 7 7 7 9 10 11 12 15 15 17 17 18 38 65
00-0037228,run,211,-5 -5 -2 -2 -2 -2 -2 -2 -1 -1 -1 -1 -1 -1 -1 -1 -1 0 0 0 0 0 0 0 0 0 0 0 0 0 0 1 1 1 1 1 1 1 1 1 1 1 1 1 1 1 1 1 1 1 1 1 1 1 1 1 1 1 1 2 2 2 2 2 2 2 2 2 2 2 2 2 2 2 2 2 2 2 2 2 2 2 2 3 3 3 3 3 3 3 3 3 3 3 3 3 3 3 3 3 3 3 3 3 3 3 3 3 3 3 3 3 3 3 3 3 3 3 3 3 3 4 4 4 4 4 4 4 4 4 4 4 4 4 4 4 4 4 4 4 4 4 4 4 5 5 5 5 5 5 5 5 5 5 5 5 5 5 6 6 6 6 6 6 6 6 6 6 6 6 6 7 7 7 7 7 7 8 9 9 9 9 9 9 9 9 9 9 10 10 11 11 11 11 11 12 12 12 12 13 14 15 15 15 17 21 24 35 37 45 45
00-0037231,catch,13,2 3 4 4 4 7 10 11 11 15 15 18 36
00-0037238,catch,68,-2 -1 1 2 2 3 4 4 5 5 5 6 6 6 6 7 8 9 9 9 9 9 9 9 9 9 9 9 10 10 10 10 10 10 11 11 11 11 12 12 12 12 13 13 14 15 15 15 15 16 16 17 18 18 19 20 21 22 23 25 26 30 30 37 39 40 41 43
00-0037239,catch,100,1 2 2 2 2 3 3 3 3 3 3 3 3 3 4 4 4 4 4 4 4 5 5 5 5 5 5 5 5 6 6 6 6 6 6 6 6 7 7 7 7 7 7 7 7 8 8 8 8 8 8 9 9 9 9 9 9 9 10 10 10 10 10 10 11 11 11 12 12 12 13 14 14 14 14 15 15 15 16 16 16 16 17 17 17 18 18 18 19 20 21 23 24 27 28 38 53 57 60 62
00-0037239,run,1,-3
00-0037240,catch,65,-2 1 1 2 2 3 4 4 5 6 6 6 7 7 7 8 9 9 9 9 11 11 12 13 13 13 13 14 14 14 15 15 15 15 16 16 16 17 17 18 19 19 21 21 22 22 22 22 22 22 23 24 25 25 25 27 27 29 31 37 40 41 44 44 64
00-0037240,run,6,-5 -3 1 3 7 9
00-0037247,catch,93,1 2 3 4 4 4 5 5 6 6 6 6 6 7 7 7 7 7 7 7 8 8 8 8 9 9 9 9 9 9 9 10 10 10 11 11 11 11 11 11 12 12 12 12 12 12 12 13 13 13 13 14 14 14 14 15 15 15 15 16 16 17 17 17 17 17 19 19 19 19 19 21 21 21 22 22 23 24 24 24 27 28 28 28 31 34 37 38 39 43 43 44 45
00-0037248,catch,33,-4 -1 0 1 2 2 2 2 3 3 3 4 4 4 5 5 5 5 5 6 6 8 9 11 11 13 16 17 18 23 25 27 51
00-0037248,run,309,-5 -5 -4 -4 -3 -3 -2 -2 -2 -1 -1 -1 -1 -1 0 0 0 0 0 0 0 0 0 0 0 0 0 0 0 0 0 0 0 1 1 1 1 1 1 1 1 1 1 1 1 1 1 1 1 1 1 1 1 1 1 1 1 1 1 1 1 1 1 1 1 1 1 1 1 2 2 2 2 2 2 2 2 2 2 2 2 2 2 2 2 2 2 2 2 2 2 2 2 2 2 2 2 2 2 2 2 2 2 2 3 3 3 3 3 3 3 3 3 3 3 3 3 3 3 3 3 3 3 3 3 3 3 3 3 3 3 3 3 3 3 3 3 3 3 3 3 3 3 3 3 3 3 3 3 3 3 3 3 4 4 4 4 4 4 4 4 4 4 4 4 4 4 4 4 4 4 4 4 4 4 4 4 4 4 5 5 5 5 5 5 5 5 5 5 5 5 5 5 5 5 5 5 5 5 5 5 5 5 5 5 6 6 6 6 6 6 6 6 6 6 6 6 6 6 6 6 6 6 6 6 6 6 6 6 7 7 7 7 7 7 7 7 7 7 7 7 7 7 7 7 7 7 8 8 8 8 8 8 8 8 8 8 8 8 8 8 9 9 9 9 9 9 9 9 9 10 10 10 10 10 11 11 11 11 11 11 11 12 12 12 12 13 13 14 14 14 14 14 15 15 16 16 17 18 19 20 21 24 26 31 44 44 45 64
00-0037252,catch,26,3 4 4 4 6 6 7 7 7 9 9 9 10 11 12 13 14 16 17 20 21 22 23 23 29 29
00-0037252,run,1,-7
00-0037256,catch,40,-3 -2 -1 -1 -1 0 1 1 2 2 2 2 2 2 2 3 3 4 4 4 4 4 5 6 6 6 7 7 9 9 9 11 11 11 12 13 13 14 17 18
00-0037256,run,132,-8 -5 -4 -2 -1 0 0 0 0 0 0 0 0 0 0 1 1 1 1 1 1 1 1 1 1 1 1 1 2 2 2 2 2 2 2 2 2 2 2 2 2 2 2 2 2 2 2 2 2 2 2 2 3 3 3 3 3 3 3 3 3 3 3 3 3 3 3 3 3 3 3 4 4 4 4 4 4 4 4 4 4 5 5 5 5 5 5 5 5 5 5 5 5 5 6 6 6 6 6 6 6 6 6 6 7 7 7 7 7 7 7 7 7 9 9 9 9 9 9 10 10 11 11 11 12 12 12 12 16 16 20 39
00-0037258,run,14,1 1 1 1 1 2 2 2 2 2 3 4 4 10
00-0037261,catch,72,-3 -3 -2 -1 1 1 1 1 2 2 2 2 2 2 3 3 3 3 4 4 4 4 5 5 5 5 5 5 5 5 6 6 6 6 6 6 6 7 7 8 8 8 8 8 9 9 9 9 9 10 11 11 12 12 12 13 13 13 15 15 15 17 17 18 18 20 24 26 37 43 44 54
00-0037261,run,1,5
00-0037263,catch,14,-6 0 2 3 4 4 4 4 5 6 6 12 21 31
00-0037263,run,143,-4 -4 -3 -3 -2 -2 -2 -2 -2 -2 -1 -1 -1 -1 -1 -1 -1 -1 -1 -1 0 0 0 0 0 0 0 0 0 0 1 1 1 1 1 1 1 1 1 1 1 1 1 1 1 1 1 1 1 1 1 1 2 2 2 2 2 2 2 2 2 2 2 2 2 2 2 2 2 3 3 3 3 3 3 3 3 3 3 3 3 3 4 4 4 4 4 4 4 4 4 4 4 4 4 4 5 5 5 5 5 5 5 5 5 5 5 5 5 6 6 6 6 6 6 6 7 7 7 7 7 7 8 8 8 8 9 9 9 10 10 10 11 12 12 13 13 13 15 15 17 19 21
00-0037267,catch,26,-4 -3 -2 -2 -1 -1 1 1 1 2 3 3 4 4 4 4 4 5 6 8 9 9 9 10 12 17
00-0037267,run,24,-3 -1 0 0 1 1 1 1 2 2 2 2 2 2 3 3 4 4 5 5 7 8 10 12
00-0037276,catch,3,-2 2 11
00-0037276,run,17,-1 0 1 2 2 2 2 3 3 3 3 4 4 4 5 5 5
00-0037282,catch,3,8 9 11
00-0037291,catch,29,2 2 3 4 4 6 6 7 8 9 9 10 11 12 12 16 16 17 17 18 20 20 22 23 26 26 28 28 62
00-0037291,run,2,-2 15
00-0037292,catch,4,4 4 8 11
00-0037304,catch,3,3 6 12
00-0037304,run,15,-3 0 0 0 1 1 1 1 1 2 2 2 2 4 29
00-0037306,catch,12,2 3 4 5 6 6 6 6 6 8 9 11
00-0037323,run,1,3
00-0037324,run,5,0 2 4 5 7
00-0037329,run,5,1 3 5 6 22
00-0037340,catch,2,3 14
00-0037348,catch,9,1 1 5 6 8 13 14 15 28
00-0037475,catch,7,4 4 4 5 6 12 17
00-0037487,catch,3,4 4 19
00-0037487,run,1,5
00-0037512,run,1,3
00-0037524,catch,2,9 14
00-0037525,catch,14,-4 1 1 1 1 2 2 3 6 6 6 6 7 13
00-0037525,run,159,-3 -2 -2 -2 -2 -2 -2 -1 -1 -1 -1 -1 -1 -1 -1 -1 0 0 0 0 0 0 0 0 0 0 0 0 1 1 1 1 1 1 1 1 1 1 1 1 1 1 1 1 1 2 2 2 2 2 2 2 2 2 2 2 2 2 2 2 2 2 2 2 3 3 3 3 3 3 3 3 3 3 3 3 3 3 3 3 4 4 4 4 4 4 4 4 4 4 4 4 4 4 4 5 5 5 5 5 5 5 5 5 5 5 5 5 5 5 6 6 6 6 6 6 7 7 7 7 7 7 7 7 8 8 8 8 8 8 8 8 9 9 9 9 9 10 11 11 11 12 12 12 13 13 13 13 13 14 16 18 19 19 19 22 24 24 24
00-0037539,catch,2,6 9
00-0037545,catch,59,0 1 2 2 2 2 3 3 3 4 5 5 6 6 6 6 6 6 6 6 7 7 7 7 8 8 8 8 8 9 9 9 10 10 10 10 10 11 11 12 13 13 13 13 14 15 15 15 16 17 17 17 17 21 26 27 33 39 87
00-0037545,run,9,-3 0 2 5 5 9 10 10 31
00-0037557,run,9,2 2 3 5 6 6 6 7 9
00-0037563,catch,2,6 10
00-0037563,run,52,0 0 0 1 1 1 1 1 1 1 1 1 1 1 2 2 2 2 2 2 2 2 2 2 3 3 3 3 3 3 3 4 4 4 4 5 5 5 5 5 6 6 6 6 7 8 8 9 16 21 21 43
00-0037594,run,11,-1 0 0 0 1 1 1 3 3 5 27
00-0037614,catch,33,-3 0 1 2 2 3 3 4 4 4 4 4 4 5 6 7 7 7 8 9 10 10 10 11 13 13 14 17 18 18 18 19 22
00-0037614,run,3,-7 -2 4
00-0037617,catch,4,0 2 2 9
00-0037617,run,17,0 0 0 1 1 2 2 2 2 3 3 3 3 3 5 7 10
00-0037654,catch,2,7 12
00-0037664,catch,47,5 6 6 7 8 8 9 9 10 10 11 11 13 14 15 16 16 16 16 17 17 17 17 17 18 18 19 19 19 19 20 22 22 26 26 26 26 29 33 36 36 37 44 48 50 53 66
00-0037666,catch,18,0 4 4 4 5 6 6 6 7 8 11 12 12 14 16 19 34 35
00-0037692,run,1,6
00-0037740,catch,36,2 2 4 4 4 5 5 5 6 7 7 7 8 8 8 8 8 9 9 9 9 11 11 11 12 14 14 16 17 17 18 18 21 23 25 33
00-0037741,catch,18,1 3 4 4 4 6 6 7 9 9 12 15 16 17 24 34 40 51
00-0037742,catch,10,5 6 6 6 8 11 13 14 24 37
00-0037744,catch,126,1 1 1 1 2 2 2 3 3 3 3 3 4 4 4 4 4 4 4 4 4 4 4 4 4 4 4 4 4 5 5 5 5 5 5 5 5 5 5 5 6 6 6 6 6 6 6 7 7 7 7 7 7 7 7 7 7 7 8 8 8 8 8 9 9 9 9 9 9 9 9 9 9 9 9 10 10 10 10 10 10 11 11 11 11 12 12 12 12 12 12 12 12 13 13 13 14 14 15 15 15 15 16 16 16 16 17 17 17 18 18 18 18 19 20 20 20 20 21 24 25 26 27 28 29 31
00-0037745,run,4,1 2 4 25
00-0037746,catch,8,-1 2 2 4 4 4 4 6
00-0037746,run,92,-3 -2 -1 -1 -1 -1 -1 -1 -1 0 0 0 0 1 1 1 1 1 1 1 1 1 1 1 2 2 2 2 2 2 2 2 2 2 3 3 3 3 3 3 3 4 4 4 4 4 4 4 4 4 4 4 4 4 4 4 4 5 5 5 5 5 5 5 5 5 6 6 6 6 6 7 7 7 7 7 7 8 9 9 9 9 10 10 11 11 12 13 15 16 18 19
00-0037755,catch,1,4
00-0037801,catch,26,-2 0 1 2 4 5 5 6 7 7 9 9 9 10 10 12 15 16 16 17 19 21 27 37 48 86
00-0037801,run,17,-1 0 1 2 3 4 4 4 4 4 4 5 7 7 7 9 25
00-0037805,catch,23,0 1 2 3 3 4 4 4 4 5 5 6 8 9 9 9 10 10 10 12 12 14 24
00-0037809,catch,56,-1 0 0 1 1 1 1 2 2 3 3 3 3 4 4 4 4 4 4 4 5 6 6 6 6 7 7 8 8 9 9 9 10 10 11 11 12 13 13 14 14 15 15 16 16 16 16 17 17 18 20 22 23 26 39 43
00-0037816,catch,55,-1 1 2 2 4 5 5 5 5 5 5 5 5 6 6 6 6 6 7 8 8 8 8 9 9 10 10 10 12 12 13 13 13 14 15 15 15 16 16 17 18 18 18 20 20 21 22 22 24 26 28 30 33 40 48
00-0037834,run,29,-7 1 2 2 2 2 2 2 3 3 3 3 3 3 3 4 4 4 5 5 7 9 9 9 10 10 11 11 26
00-0037837,catch,31,0 1 2 4 5 5 5 6 7 8 8 8 8 8 9 9 10 11 13 13 14 16 17 18 18 19 21 22 26 30 31
00-0037838,catch,27,1 3 4 5 5 5 6 6 6 7 7 7 7 8 8 9 10 10 10 11 11 12 15 26 30 35 43
00-0037840,catch,36,2 2 2 3 4 4 4 4 4 5 5 5 5 5 6 6 7 7 7 7 8 8 8 9 9 9 9 9 10 10 10 10 13 14 21 30
00-0037840,run,259,-10 -5 -5 -2 -2 -1 -1 -1 -1 -1 -1 -1 0 0 0 0 0 0 0 0 0 0 0 0 0 0 0 0 0 0 0 0 1 1 1 1 1 1 1 1 1 1 1 1 1 1 1 1 1 1 1 1 1 1 1 1 1 2 2 2 2 2 2 2 2 2 2 2 2 2 2 2 2 2 2 2 2 2 2 2 2 3 3 3 3 3 3 3 3 3 3 3 3 3 3 3 3 3 3 3 3 3 3 3 3 3 3 3 3 3 3 4 4 4 4 4 4 4 4 4 4 4 4 4 4 4 4 4 4 4 4 4 4 4 4 4 4 4 4 4 4 4 4 4 4 4 4 4 5 5 5 5 5 5 5 5 5 5 5 5 5 5 5 5 5 5 5 6 6 6 6 6 6 6 6 6 6 6 6 6 6 6 6 6 6 6 6 6 6 6 7 7 7 7 7 7 7 7 7 7 7 7 7 7 7 7 7 7 7 7 7 7 8 8 8 8 8 8 8 8 8 9 9 9 9 9 9 9 9 9 9 9 9 10 10 10 10 11 11 11 11 12 12 12 12 13 13 15 15 15 16 18 19 20 21 22 22 30 34
00-0038040,catch,4,4 5 6 9
00-0038040,run,12,-5 0 1 1 2 3 3 3 5 5 5 9
00-0038041,catch,82,-1 -1 -1 0 0 0 1 1 1 1 1 2 2 2 2 3 3 3 4 4 4 4 4 4 4 5 5 5 5 5 5 5 5 5 5 5 5 5 5 6 6 6 6 6 7 7 7 7 7 7 7 7 7 8 8 8 9 9 9 10 10 10 10 10 11 11 11 12 12 12 13 15 15 17 17 18 19 19 19 19 23 26
00-0038041,run,1,1
00-0038046,catch,10,3 7 10 10 15 17 18 19 20 23
00-0038090,catch,5,10 15 18 21 23
00-0038090,run,2,1 10
00-0038102,run,5,-1 0 6 8 9
00-0038104,catch,19,3 5 5 7 7 10 11 12 21 21 24 26 32 33 34 38 39 49 61
00-0038115,catch,19,4 6 7 8 8 9 10 12 12 13 13 14 14 15 18 21 29 29 44
00-0038117,catch,92,-2 0 0 1 2 2 2 2 2 3 3 3 3 3 3 3 4 4 4 5 5 5 5 5 5 5 5 5 6 6 6 6 6 6 6 6 6 6 7 7 7 7 7 7 7 7 8 8 8 8 8 8 9 9 9 9 9 9 11 11 11 11 11 12 12 12 13 13 14 14 15 15 15 16 17 17 18 19 20 20 23 25 26 26 26 32 34 35 36 39 40 50
00-0038117,run,3,0 2 3
00-0038120,catch,36,-5 -3 -2 -1 1 2 3 4 5 5 5 6 6 6 7 7 8 8 8 8 9 9 9 9 9 10 11 12 13 14 15 16 21 33 40 42
00-0038120,run,243,-9 -9 -6 -5 -4 -4 -4 -4 -3 -3 -3 -3 -3 -2 -2 -2 -2 -2 -2 -2 -2 -1 -1 -1 -1 -1 -1 -1 -1 -1 -1 -1 -1 0 0 0 0 0 0 0 0 0 0 0 0 0 1 1 1 1 1 1 1 1 1 1 1 1 1 1 1 1 1 1 1 1 1 1 1 1 1 1 1 1 1 2 2 2 2 2 2 2 2 2 2 2 2 2 2 2 2 2 2 2 2 2 3 3 3 3 3 3 3 3 3 3 3 3 3 3 3 3 3 3 3 3 3 3 3 3 3 3 3 3 3 3 3 3 3 3 3 4 4 4 4 4 4 4 4 4 4 4 4 4 4 4 4 4 4 4 4 4 4 4 4 4 5 5 5 5 5 5 5 5 5 5 5 5 5 5 5 5 5 5 5 5 5 5 5 5 5 6 6 6 6 6 6 6 6 6 6 6 6 6 7 7 7 7 7 7 7 7 7 8 8 8 8 8 8 8 8 9 9 9 9 9 9 10 10 10 11 11 12 12 12 13 16 16 16 17 17 17 17 18 19 21 22 22 23 27 30 35 59
00-0038124,catch,35,1 4 5 5 5 6 6 6 7 7 8 9 10 11 11 12 12 13 16 17 17 19 19 19 20 23 23 25 28 31 33 39 41 51 52
00-0038124,run,1,3
00-0038128,run,18,0 0 0 1 1 4 4 4 5 6 7 10 11 11 12 13 16 22
00-0038129,catch,59,1 1 2 3 3 3 3 3 4 4 4 5 5 5 5 5 6 6 6 6 6 6 6 7 7 7 7 8 8 8 8 8 9 9 9 9 10 11 11 11 11 12 12 12 13 13 13 13 16 17 18 19 20 20 21 22 23 25 27
00-0038134,catch,31,-4 -3 -1 0 0 0 1 2 2 2 3 3 3 4 5 5 5 5 6 12 13 13 13 14 14 18 20 23 29 29 46
00-0038134,run,221,-6 -5 -4 -4 -3 -3 -3 -3 -3 -3 -2 -2 -2 -2 -1 -1 -1 -1 -1 -1 -1 -1 -1 -1 -1 -1 0 0 0 0 0 0 0 0 0 0 0 0 0 0 0 0 1 1 1 1 1 1 1 1 1 1 1 1 1 1 1 1 1 1 1 1 1 1 1 1 1 1 1 1 1 1 2 2 2 2 2 2 2 2 2 2 2 2 2 2 2 2 2 2 2 2 2 2 3 3 3 3 3 3 3 3 3 3 3 3 3 3 3 3 3 3 3 3 3 3 3 3 3 3 3 3 3 4 4 4 4 4 4 4 4 4 4 4 4 4 4 4 4 4 4 4 4 4 4 4 4 4 4 4 5 5 5 5 5 5 5 5 5 5 5 5 6 6 6 6 6 6 6 7 7 7 7 7 7 7 7 8 8 8 8 8 8 8 9 9 9 9 10 10 10 10 10 10 11 11 11 11 11 12 13 13 14 15 15 16 16 17 19 19 19 20 20 20 21 22 24 24 25 31 55
00-0038359,catch,18,1 4 5 6 6 6 7 8 9 9 12 14 18 27 36 36 48 51
00-0038393,catch,30,1 4 4 4 5 5 6 6 6 6 6 7 7 9 9 10 11 13 14 14 14 15 16 16 16 18 18 20 22 30
00-0038393,run,1,6
00-0038394,catch,1,16
00-0038397,catch,1,6
00-0038397,run,19,-2 0 0 1 1 1 2 2 2 2 2 3 3 3 4 5 5 6 8
00-0038400,run,3,1 2 9
00-0038416,run,2,0 7
00-0038440,catch,14,-2 2 3 3 4 5 5 7 8 8 9 10 16 20
00-0038440,run,32,-4 -3 -1 -1 0 0 1 1 1 1 2 2 2 2 3 3 4 4 4 4 4 4 5 6 6 7 8 9 9 10 10 11
00-0038454,catch,9,0 0 5 6 7 7 9 12 17
00-0038454,run,59,-5 -2 -2 -1 -1 0 0 1 1 1 1 1 1 1 1 2 2 2 2 2 2 2 2 3 3 3 3 3 3 3 3 3 3 4 4 4 4 4 4 5 5 6 6 6 6 8 9 9 9 10 11 13 14 15 18 22 22 25 55
00-0038458,run,3,-1 3 4
00-0038465,catch,6,7 9 9 11 13 37
00-0038496,catch,2,3 3
00-0038519,catch,1,21
00-0038519,run,1,11
00-0038542,catch,79,-7 -4 -3 -3 -2 1 2 2 2 3 3 3 3 4 4 4 4 4 4 5 5 5 5 5 5 5 6 6 6 6 6 6 6 7 7 7 7 7 7 7 8 8 8 8 8 9 9 9 9 9 9 9 10 10 11 11 11 11 11 12 12 13 14 15 15 15 16 17 17 20 21 23 23 25 32 41 42 50 69
00-0038542,run,287,-6 -5 -5 -5 -4 -4 -3 -3 -3 -3 -3 -2 -2 -2 -2 -2 -1 -1 -1 -1 -1 -1 -1 -1 -1 -1 0 0 0 0 0 0 0 0 0 0 0 0 0 0 0 0 0 1 1 1 1 1 1 1 1 1 1 1 1 1 1 1 1 1 1 1 1 2 2 2 2 2 2 2 2 2 2 2 2 2 2 2 2 2 2 2 2 2 2 2 2 2 2 2 2 2 2 2 2 2 2 2 2 2 2 3 3 3 3 3 3 3 3 3 3 3 3 3 3 3 3 3 3 3 3 3 3 3 3 3 3 3 3 3 3 3 3 3 3 3 3 3 3 3 3 3 3 3 3 3 3 4 4 4 4 4 4 4 4 4 4 4 4 4 4 4 4 4 4 4 4 4 4 4 4 4 4 4 4 4 5 5 5 5 5 5 5 5 5 5 5 5 5 5 5 5 5 5 5 5 5 5 5 5 5 5 6 6 6 6 6 6 6 6 6 6 6 6 6 6 6 6 7 7 7 7 7 7 7 7 7 7 8 8 8 8 8 8 8 8 8 8 8 8 9 9 9 9 9 9 9 9 9 9 9 10 10 10 10 10 11 11 11 11 11 11 11 12 12 12 12 13 13 14 14 15 15 16 16 17 17 18 19 22 25 26 29 31 32 81 93
00-0038543,catch,119,-8 -1 0 1 2 2 2 2 3 4 4 4 4 4 4 4 4 4 4 5 5 5 6 6 6 7 7 7 7 7 7 7 7 8 8 8 8 8 8 8 9 9 9 10 10 10 10 10 11 11 11 11 11 11 11 11 11 12 12 12 12 12 12 12 13 13 13 13 13 13 13 13 14 14 14 15 15 16 17 17 17 17 17 18 18 18 18 18 18 19 19 19 20 20 20 21 22 22 22 22 26 26 27 28 28 29 29 30 32 36 39 40 43 43 45 53 56 61 63
00-0038543,run,7,-1 -1 2 4 10 11 11
00-0038544,catch,51,0 2 3 3 3 3 4 4 4 4 5 5 5 6 6 6 7 7 7 8 8 8 8 8 9 10 10 10 10 11 11 11 12 14 15 16 16 19 22 22 23 23 23 23 25 33 36 37 50 60 60
00-0038544,run,2,-2 9
00-0038547,catch,14,1 3 3 5 5 5 8 10 11 12 12 14 14 29
00-0038551,catch,5,2 4 5 8 11
00-0038551,run,47,-2 -1 -1 0 0 0 0 1 1 1 1 2 2 2 2 2 2 2 2 2 2 3 3 3 3 3 3 4 4 4 4 6 6 6 6 6 6 7 7 8 8 8 10 11 13 13 18
00-0038555,catch,3,-1 2 31
00-0038555,run,63,-3 -2 -1 -1 0 0 0 0 1 1 1 1 1 1 2 2 2 2 2 2 3 3 3 3 3 3 3 3 4 4 4 4 4 4 4 5 5 5 5 5 5 6 6 7 7 7 7 8 8 9 10 11 11 12 12 13 13 13 17 17 18 22 29
00-0038558,catch,31,-8 2 2 4 4 5 5 7 7 8 8 9 10 11 11 12 12 12 13 13 13 13 14 15 15 17 18 19 26 31 36
00-0038559,catch,78,-2 2 2 3 3 4 4 4 4 4 4 5 5 5 5 5 5 6 6 6 6 6 6 7 7 7 7 7 8 8 8 8 9 9 9 10 10 10 10 11 11 11 11 11 11 12 12 13 13 14 14 14 14 14 15 15 15 15 16 16 17 17 18 19 20 20 20 23 25 25 30 31 32 34 34 38 43 50
00-0038563,catch,57,-5 0 0 2 3 3 3 4 4 4 4 4 5 5 5 5 6 6 7 7 7 8 8 8 9 9 10 10 10 10 11 11 11 12 13 13 13 13 13 14 14 14 14 15 16 17 18 19 22 25 26 26 26 28 33 37 61
00-0038563,run,11,-10 3 4 4 4 5 7 7 8 9 10
00-0038573,catch,2,3 7
00-0038573,run,2,2 3
00-0038579,run,1,7
00-0038582,run,4,0 1 7 16
00-0038589,catch,5,1 2 4 8 21
00-0038597,catch,69,-6 -2 -2 -1 0 0 0 1 1 1 2 2 2 2 2 2 2 2 2 2 2 3 3 3 3 3 4 4 4 4 4 4 4 4 5 5 5 5 6 6 6 6 6 7 7 7 7 8 8 9 9 9 9 9 9 9 10 10 10 12 13 13 15 15 17 18 19 21 23
00-0038597,run,232,-5 -5 -3 -3 -3 -2 -2 -2 -2 -2 -2 -1 -1 -1 -1 -1 0 0 0 0 0 0 0 0 0 0 0 1 1 1 1 1 1 1 1 1 1 1 1 1 1 1 1 1 1 1 1 1 1 1 1 1 1 1 1 1 1 2 2 2 2 2 2 2 2 2 2 2 2 2 2 2 2 2 2 2 2 2 2 2 2 2 2 2 2 2 2 2 3 3 3 3 3 3 3 3 3 3 3 3 3 3 3 3 3 3 3 3 3 3 3 3 3 3 3 3 3 3 3 3 3 3 3 3 4 4 4 4 4 4 4 4 4 4 4 4 4 4 4 4 4 4 4 4 4 4 4 4 4 5 5 5 5 5 5 5 5 5 5 5 5 5 5 5 5 5 5 5 5 6 6 6 6 6 6 6 6 6 6 6 6 6 6 6 6 6 6 6 6 6 7 7 7 7 7 7 7 7 7 7 8 8 8 8 8 8 8 9 10 10 11 11 11 12 12 12 12 12 12 12 12 13 13 15 18 19 21 22 25 27 35 37
00-0038606,catch,58,1 2 2 3 4 4 5 5 5 5 5 6 6 6 6 7 7 8 8 9 9 9 9 9 9 11 11 11 12 12 12 13 13 15 15 16 16 17 17 17 18 20 20 20 21 21 22 23 23 24 25 25 26 29 33 37 40 63
00-0038606,run,7,-8 -5 -1 2 3 4 5
00-0038608,catch,33,3 6 7 8 8 9 9 10 10 11 11 13 13 14 14 15 16 16 16 16 18 19 19 20 21 21 22 24 25 29 30 39 39
00-0038611,catch,3,6 6 18
00-0038611,run,112,-3 -3 -2 -2 -2 -1 -1 -1 -1 -1 0 0 0 0 0 1 1 1 1 1 1 1 1 1 1 1 1 1 1 1 2 2 2 2 2 2 2 2 2 2 2 2 2 2 2 3 3 3 3 3 3 3 3 3 3 3 3 4 4 4 4 4 4 4 4 4 4 4 4 4 4 4 4 5 5 5 5 5 5 5 5 5 5 6 6 6 6 6 7 7 7 7 7 8 8 9 9 9 9 10 11 11 11 12 12 12 12 14 15 17 20 48
00-0038614,catch,4,1 2 4 5
00-0038618,catch,35,3 4 4 4 5 5 6 6 6 6 6 6 7 8 8 9 9 9 10 10 11 13 14 15 16 17 18 19 20 22 22 23 24 30 33
00-0038618,run,3,5 8 9
00-0038619,catch,33,2 2 3 4 5 6 6 6 6 7 7 7 9 10 10 11 11 11 12 12 12 14 15 17 19 19 21 22 25 28 29 30 37
00-0038619,run,3,4 5 5
00-0038621,catch,31,-4 -1 0 2 3 5 6 6 7 7 8 8 8 9 9 9 10 10 10 12 12 15 15 17 20 26 26 37 44 53 58
00-0038621,run,7,-5 -5 0 4 5 8 14
00-0038640,catch,3,12 19 20
00-0038645,catch,1,4
00-0038647,catch,2,7 16
00-0038679,catch,15,4 6 7 7 8 9 10 16 17 20 21 21 24 32 43
00-0038685,catch,13,1 1 2 4 5 5 6 6 8 10 11 16 16
00-0038685,run,27,-4 -3 0 0 1 1 2 2 2 2 2 3 4 4 4 4 4 5 5 5 7 7 8 9 10 10 12
00-0038705,catch,13,-5 -1 2 2 3 4 5 6 7 7 9 28 34
00-0038705,run,44,-5 -4 -3 -1 0 0 1 1 1 1 1 1 1 1 2 2 2 2 2 2 2 4 4 4 4 4 5 5 5 6 6 7 8 9 9 10 11 11 12 16 18 19 55 71
00-0038710,catch,2,0 4
00-0038720,catch,15,1 2 4 5 5 7 7 8 8 10 14 14 16 19 20
00-0038728,catch,2,3 17
00-0038738,catch,13,3 3 3 4 4 7 9 10 11 12 14 14 15
00-0038738,run,16,0 1 2 2 3 3 3 4 5 5 5 6 7 8 8 9
00-0038752,catch,2,3 17
00-0038783,catch,6,-2 5 7 7 15 16
00-0038794,catch,4,-5 6 9 17
00-0038794,run,37,-1 -1 0 0 1 1 1 2 2 2 3 3 3 3 4 4 4 4 4 4 4 5 6 6 6 6 6 7 7 8 8 9 10 11 14 15 16
00-0038797,catch,15,-4 -2 -1 1 2 4 4 7 8 8 9 11 13 14 25
00-0038797,run,125,-18 -5 -2 -2 -1 -1 -1 -1 -1 0 0 0 0 0 1 1 1 1 1 1 1 1 1 1 2 2 2 2 2 2 2 2 2 2 2 2 2 2 2 2 2 3 3 3 3 3 3 3 3 3 3 3 3 3 3 3 3 3 3 3 4 4 4 4 4 4 4 4 4 4 4 4 4 4 4 4 4 4 4 5 5 5 5 5 5 5 5 5 5 5 5 5 5 5 5 6 6 6 6 6 6 6 6 6 7 7 7 8 8 8 9 9 9 10 11 11 11 12 12 12 12 12 13 14 15
00-0038809,catch,3,3 9 18
00-0038824,catch,2,14 20
00-0038839,catch,8,8 9 12 13 14 16 17 27
00-0038840,catch,14,3 6 7 7 7 8 8 9 9 11 15 20 24 26
00-0038891,catch,4,9 11 11 25
00-0038891,run,1,3
00-0038896,run,2,2 9
00-0038911,run,1,1
00-0038933,catch,39,0 3 4 4 4 4 5 5 5 6 6 9 9 11 12 12 12 12 13 15 15 17 17 18 18 19 20 20 20 20 20 22 23 23 23 24 26 28 47
00-0038935,catch,46,-2 1 2 3 4 4 5 6 6 6 6 7 7 7 7 7 7 8 9 9 10 10 10 10 10 11 11 11 12 12 13 15 16 16 16 16 19 20 21 22 23 23 24 24 26 30
00-0038938,catch,5,4 5 6 6 14
00-0038951,catch,8,-4 -3 -2 2 3 4 6 28
00-0038951,run,86,-4 -3 -2 -2 -2 -2 -1 -1 -1 0 0 0 0 0 0 0 0 0 0 0 1 1 1 1 1 1 1 1 1 1 1 2 2 2 2 2 2 2 2 2 2 2 2 2 3 3 3 3 3 3 3 3 3 3 4 4 4 4 4 4 4 4 4 5 5 6 6 6 6 6 6 6 7 7 7 8 9 9 9 12 12 13 14 15 18 43
00-0038953,catch,7,3 3 3 4 5 9 15
00-0038976,catch,37,-3 -3 -1 0 1 2 3 3 4 4 4 4 5 5 5 5 5 6 6 6 6 7 7 7 7 8 9 11 11 12 13 23 26 26 28 29 31
00-0038976,run,12,-2 2 2 2 3 7 8 9 9 9 13 16
00-0038979,catch,21,2 2 4 5 5 5 6 7 7 8 9 9 10 13 18 21 23 23 25 26 42
00-0038994,catch,42,4 4 4 5 5 5 5 5 5 5 5 6 6 6 7 7 7 8 8 8 8 9 9 11 12 12 14 15 15 15 17 20 20 20 21 22 25 26 31 34 58 81
00-0038994,run,2,16 65
00-0038996,catch,32,1 2 2 4 6 6 7 7 7 8 8 8 8 10 10 12 14 15 15 15 16 16 17 18 19 19 22 24 24 33 57 59
00-0038996,run,1,3
00-0038997,catch,58,2 2 3 3 3 3 4 4 4 4 4 4 5 5 5 5 5 5 5 5 6 6 6 6 6 7 8 8 8 8 8 9 9 9 9 9 10 10 10 10 10 11 11 12 12 12 13 14 16 17 18 18 18 19 23 29 30 34
00-0038997,run,2,-5 3
00-0039021,run,2,6 11
00-0039032,catch,45,-6 -5 -3 -1 -1 -1 0 0 0 1 1 1 1 1 1 2 2 4 4 4 4 5 5 5 5 5 5 6 6 7 7 7 8 8 9 9 9 10 11 12 15 17 24 26 34
00-0039032,run,72,-3 -2 -2 -1 -1 -1 0 0 0 0 0 0 0 0 1 1 1 1 1 1 1 1 1 1 1 1 2 2 2 2 2 2 2 2 3 3 3 3 3 3 3 3 3 3 3 3 4 4 4 4 4 4 5 5 5 5 6 6 7 7 7 8 8 9 9 9 10 11 12 15 20 41
00-0039040,catch,67,-6 -4 -2 -2 -2 -1 0 0 0 1 1 2 2 2 2 2 3 3 3 3 4 4 4 4 4 4 4 4 4 5 5 5 5 6 6 6 7 7 7 8 8 8 9 9 9 9 9 10 10 10 10 11 11 12 13 13 14 15 15 16 18 18 19 20 22 24 29
00-0039040,run,238,-5 -4 -4 -3 -3 -3 -3 -3 -3 -2 -2 -2 -2 -2 -2 -2 -2 -1 -1 -1 -1 -1 -1 0 0 0 0 0 0 0 0 0 0 0 0 0 0 0 0 0 0 0 0 0 0 0 0 0 0 1 1 1 1 1 1 1 1 1 1 1 1 1 1 1 1 1 1 1 1 1 1 1 1 1 1 2 2 2 2 2 2 2 2 2 2 2 2 2 2 2 2 2 2 2 2 2 2 2 2 3 3 3 3 3 3 3 3 3 3 3 3 3 3 3 3 3 3 3 3 3 3 3 3 4 4 4 4 4 4 4 4 4 4 4 4 4 4 4 4 4 4 4 4 4 4 5 5 5 5 5 5 5 5 5 5 5 5 6 6 6 6 6 6 6 6 6 6 6 6 7 7 7 7 7 7 7 7 7 7 7 7 7 7 7 8 8 8 8 9 9 9 9 9 9 9 9 9 9 10 10 10 11 11 11 11 11 12 12 12 13 13 13 14 14 15 15 15 15 15 15 15 16 16 18 18 21 22 23 23 26 29 29 35 39 46 48 49 59
00-0039041,catch,30,-1 0 3 3 3 3 5 5 5 6 7 7 7 7 7 7 8 9 10 10 11 12 16 17 18 19 21 24 25 27
00-0039050,catch,1,11
00-0039062,catch,1,25
00-0039064,catch,86,-3 -1 0 0 0 1 1 1 1 3 3 4 4 5 5 5 5 5 5 6 6 6 6 6 6 7 7 7 7 7 7 7 7 7 8 9 9 9 9 9 9 9 9 10 10 10 10 12 13 14 14 14 14 14 15 15 15 15 16 16 17 17 18 18 18 19 19 20 20 20 21 22 23 26 27 28 31 33 35 36 39 39 45 50 56 64
00-0039064,run,10,0 0 2 4 5 6 8 8 11 18
00-0039065,catch,40,2 3 3 4 4 5 5 5 7 7 7 7 7 8 8 9 9 9 9 9 9 10 10 10 11 11 11 14 14 14 14 15 16 17 22 26 27 32 39 40
00-0039066,catch,35,0 1 2 3 3 3 4 4 4 4 5 6 7 8 8 8 9 9 10 10 11 11 11 11 11 12 12 13 13 14 16 19 21 22 23
00-0039067,catch,53,-4 2 2 2 2 3 3 3 3 3 3 3 4 4 4 5 5 5 6 6 6 6 7 7 7 7 7 7 8 9 9 9 10 10 10 11 11 11 12 13 15 15 18 19 20 21 24 25 27 28 29 42 47
00-0039067,run,5,2 3 3 5 7
00-0039074,catch,24,0 3 4 4 4 4 4 4 5 6 7 7 7 8 8 8 9 12 13 13 15 16 20 27
00-0039075,catch,129,-3 1 1 1 2 2 3 3 4 4 4 4 4 4 4 4 5 5 5 5 5 5 5 5 5 5 5 6 6 6 6 7 7 7 7 7 7 7 7 7 8 8 8 8 8 8 9 9 9 9 9 9 9 9 9 9 9 9 9 10 10 10 10 10 10 10 10 10 10 10 10 10 11 11 11 11 11 11 11 12 12 12 12 13 13 13 13 14 14 14 15 15 15 15 16 17 17 17 18 18 19 19 20 20 22 22 22 23 23 24 24 24 24 25 27 28 28 31 31 31 31 32 36 37 39 39 41 54 58
00-0039075,run,10,0 1 2 3 6 6 11 13 18 45
00-0039139,catch,77,-5 -3 -3 -2 -2 -2 -1 -1 0 1 1 2 2 2 2 2 2 2 3 3 4 4 4 4 4 4 4 4 4 4 4 4 5 5 5 5 5 5 5 6 6 6 6 7 7 7 7 8 8 8 8 8 8 9 10 10 11 12 12 13 13 13 13 13 14 15 15 16 17 18 20 24 26 28 30 33 42
00-0039139,run,243,-11 -6 -5 -4 -4 -4 -3 -3 -3 -3 -3 -3 -3 -3 -3 -2 -2 -2 -2 -2 -2 -2 -2 -1 -1 -1 -1 0 0 0 0 0 0 0 0 0 0 0 0 0 0 0 0 0 0 0 1 1 1 1 1 1 1 1 1 1 1 1 1 1 1 1 1 1 1 1 1 1 1 1 1 1 2 2 2 2 2 2 2 2 2 2 2 2 2 2 2 2 2 2 2 2 2 2 2 2 2 2 2 2 2 2 2 2 2 2 3 3 3 3 3 3 3 3 3 3 3 3 3 3 3 3 3 3 3 3 3 3 3 3 3 3 4 4 4 4 4 4 4 4 4 4 4 4 4 4 4 4 4 4 4 4 4 4 4 4 4 4 4 4 5 5 5 5 5 5 5 5 5 5 5 5 5 5 5 5 5 6 6 6 6 6 6 6 6 6 6 6 6 6 6 7 7 7 7 7 7 7 7 7 7 8 8 8 8 8 8 8 9 9 9 9 9 9 9 9 10 10 10 10 11 11 12 13 13 14 14 14 14 15 15 18 19 22 24 26 28 42 43 49 49 69 78
00-0039144,catch,24,-1 3 4 5 5 5 6 6 7 7 7 7 8 8 9 9 10 12 16 21 23 23 26 26
00-0039146,catch,19,1 1 1 2 2 2 2 2 5 6 8 11 13 17 18 26 29 30 31
00-0039146,run,3,6 7 15
00-0039150,run,39,-3 0 0 1 1 2 2 2 2 3 3 3 3 3 4 4 4 4 4 4 5 5 6 6 7 7 7 8 8 8 9 9 10 10 11 11 15 22 24
00-0039163,run,38,0 0 0 1 1 2 2 2 2 2 2 2 2 2 2 3 3 3 3 4 4 5 5 5 6 6 6 6 6 6 8 10 12 13 14 15 19 30
00-0039164,catch,1,9
00-0039164,run,1,2
00-0039165,catch,20,-4 0 0 2 2 4 5 5 6 6 6 7 9 10 12 12 13 13 15 21
00-0039165,run,184,-7 -5 -4 -4 -2 -2 -2 -2 -2 -2 -2 -2 -2 -1 -1 -1 -1 -1 -1 -1 0 0 0 0 0 0 0 0 0 0 0 0 0 0 0 0 0 0 0 0 0 1 1 1 1 1 1 1 1 1 1 1 1 1 1 1 1 1 1 1 2 2 2 2 2 2 2 2 2 2 2 2 2 2 2 2 2 2 2 2 2 2 3 3 3 3 3 3 3 3 3 3 3 3 3 3 4 4 4 4 4 4 4 4 4 4 4 4 4 4 4 4 4 4 4 4 4 4 4 5 5 5 5 5 5 5 5 5 5 5 5 5 5 5 6 6 6 6 6 6 6 6 6 6 6 6 6 6 6 6 6 6 6 6 7 7 7 7 7 8 8 8 8 8 8 9 9 9 9 9 9 9 11 13 13 15 15 15 17 25 27 27 29 30
00-0039266,run,2,0 2
00-0039299,catch,2,4 11
00-0039299,run,22,-4 -1 0 0 1 1 1 2 2 3 4 4 4 4 5 5 5 6 7 7 8 9
00-0039305,catch,1,0
00-0039337,catch,18,-2 4 5 7 7 9 9 11 12 13 14 15 16 21 25 28 29 48
00-0039338,catch,64,-2 -1 0 1 2 3 3 4 4 4 5 5 5 5 5 6 6 6 6 6 6 7 7 7 7 7 7 7 7 8 8 8 8 8 9 9 9 9 9 9 10 10 10 11 13 13 14 15 15 15 16 16 17 18 18 19 21 23 24 27 27 30 31 38
00-0039338,run,2,-4 6
00-0039342,catch,35,-4 -2 -1 1 2 3 3 3 4 5 5 5 5 5 6 6 6 6 7 7 9 11 12 12 12 14 15 15 20 22 22 24 33 34 36
00-0039342,run,1,0
00-0039355,catch,11,-2 5 6 7 9 16 17 19 33 43 50
00-0039356,catch,29,-1 -1 2 3 3 4 4 5 5 5 5 6 6 6 7 7 7 7 7 7 7 7 9 9 10 11 12 13 18
00-0039359,catch,12,1 2 5 5 5 6 7 7 8 9 10 11
00-0039359,run,4,0 0 1 2
00-0039361,catch,30,-2 0 0 0 0 0 1 1 1 2 2 3 3 4 4 5 5 7 7 8 9 11 12 13 18 20 22 24 25 72
00-0039361,run,173,-7 -6 -5 -4 -4 -4 -3 -3 -2 -2 -2 -2 -1 -1 -1 -1 -1 -1 -1 -1 -1 0 0 0 0 0 0 0 0 0 0 0 0 0 0 0 0 1 1 1 1 1 1 1 1 1 1 1 1 1 1 2 2 2 2 2 2 2 2 2 2 2 2 2 2 2 2 2 2 2 2 2 2 2 2 2 3 3 3 3 3 3 3 3 3 3 3 3 3 3 3 3 3 3 3 3 3 3 3 3 3 3 4 4 4 4 4 4 4 4 4 4 4 4 4 4 4 4 4 5 5 5 5 5 5 5 5 5 5 5 5 5 5 5 6 6 6 6 6 6 6 6 6 6 6 6 7 7 7 7 7 7 7 7 8 8 8 8 9 9 9 9 10 11 11 12 12 12 13 15 16 16 32
00-0039364,run,1,4
00-0039373,catch,12,0 3 4 5 5 8 8 9 11 12 19 19
00-0039373,run,46,-3 -1 0 0 0 0 0 1 1 1 1 1 2 2 2 2 2 2 2 3 3 3 3 3 4 4 4 4 4 4 5 5 5 5 5 6 7 8 9 9 9 9 9 9 12 32
00-0039376,catch,1,0
00-0039376,run,30,-3 0 1 2 2 2 2 2 2 3 3 3 3 5 5 5 6 7 7 8 8 9 9 9 9 10 11 11 12 15
00-0039379,catch,10,3 4 4 5 6 9 10 21 22 23
00-0039384,catch,36,-5 -3 -1 0 1 2 2 3 3 3 4 4 4 4 5 5 6 6 6 6 7 7 9 9 9 10 10 11 13 14 14 18 20 20 20 42
00-0039384,run,176,-3 -3 -2 -2 -2 -2 -1 -1 -1 -1 -1 -1 0 0 0 0 0 0 0 0 0 0 0 0 1 1 1 1 1 1 1 1 1 1 1 1 1 1 1 1 1 1 1 1 2 2 2 2 2 2 2 2 2 2 2 2 2 2 2 2 2 2 2 2 2 2 2 2 2 2 2 3 3 3 3 3 3 3 3 3 3 3 3 3 3 3 3 3 3 3 3 3 3 3 3 3 4 4 4 4 4 4 4 4 4 4 4 4 4 4 4 4 4 4 4 4 4 5 5 5 5 5 5 5 5 5 5 5 5 5 5 5 5 6 6 6 6 6 6 6 6 6 6 6 7 7 7 7 8 8 8 8 9 9 9 9 9 10 10 10 11 11 11 11 12 12 12 13 13 15 16 17 18 20 23 31
00-0039391,catch,16,-5 -2 1 1 1 2 4 4 6 7 8 10 11 13 15 60
00-0039391,run,155,-4 -4 -3 -3 -3 -2 -2 -2 -2 -2 -2 -2 -2 -1 -1 -1 -1 -1 -1 -1 -1 -1 -1 0 0 0 0 0 0 0 0 0 0 0 0 0 0 0 0 1 1 1 1 1 1 1 1 1 1 1 1 1 1 1 1 1 1 2 2 2 2 2 2 2 2 2 2 2 2 2 2 2 3 3 3 3 3 3 3 3 3 3 3 3 3 3 3 3 3 4 4 4 4 4 4 4 4 4 4 4 4 5 5 5 5 5 5 5 5 5 6 6 6 6 6 6 6 6 6 6 6 7 7 7 7 7 7 7 7 8 8 8 8 8 8 8 8 8 8 9 9 9 11 11 11 11 12 13 14 18 19 21 27 38 59
00-0039394,catch,6,7 7 17 19 19 25
00-0039398,run,5,3 5 7 12 23
00-0039405,catch,7,-4 -2 3 6 8 9 14
00-0039405,run,43,-3 -2 -1 0 0 0 0 0 0 0 1 1 1 1 2 2 2 2 2 2 2 2 3 3 3 3 3 3 4 4 5 5 5 5 8 9 10 10 11 11 12 12 50
00-0039407,catch,3,1 4 13
00-0039407,run,7,0 0 1 1 2 2 3
00-0039410,catch,40,0 1 2 3 3 4 5 5 5 5 5 5 6 6 7 7 8 8 10 10 10 10 10 10 11 11 11 11 11 13 13 14 17 18 19 20 33 40 42 46
00-0039410,run,4,0 3 10 12
00-0039424,catch,25,3 4 6 7 8 9 10 10 11 11 12 12 13 13 14 14 14 14 14 15 15 15 16 16 17
00-0039451,catch,26,-4 -4 1 2 3 3 4 4 4 4 5 5 6 8 8 9 9 10 11 11 12 13 14 15 15 25
00-0039451,run,3,4 5 25
00-0039458,catch,4,4 6 19 19
00-0039491,catch,33,-11 1 3 4 5 5 5 5 6 6 8 8 8 8 8 9 9 10 10 11 13 15 15 15 16 18 18 21 22 24 32 33 34
00-0039521,catch,7,1 6 6 9 9 13 23
00-0039530,catch,9,2 3 4 4 7 7 9 23 31
00-0039589,catch,4,0 13 17 34
00-0039589,run,2,2 11
00-0039603,run,17,0 0 0 0 1 2 2 3 3 4 5 6 7 8 8 9 20
00-0039623,catch,11,2 5 5 5 6 6 7 9 9 10 12
00-0039623,run,4,-4 -1 11 12
00-0039631,catch,2,1 6
00-0039648,catch,4,1 6 9 14
00-0039650,catch,1,8
00-0039686,catch,2,4 14
00-0039732,run,66,-5 -4 -2 -2 -1 -1 0 0 1 1 1 1 1 1 1 1 1 2 2 2 2 2 2 2 2 2 3 3 3 3 3 4 4 4 4 5 6 6 6 6 6 6 7 7 7 8 8 8 8 9 9 9 9 11 11 11 11 12 12 14 14 18 18 21 22 25
00-0039737,catch,3,2 6 10
00-0039738,catch,8,-6 -5 1 3 6 10 13 14
00-0039738,run,145,-6 -5 -5 -3 -2 -1 -1 -1 -1 -1 0 0 0 0 0 0 0 0 0 1 1 1 1 1 1 1 1 1 1 1 1 1 1 1 1 1 1 1 2 2 2 2 2 2 2 2 2 2 2 2 2 2 2 2 2 2 2 3 3 3 3 3 3 3 3 3 3 3 4 4 4 4 4 4 4 4 4 4 4 4 4 4 4 4 4 5 5 5 5 5 5 5 5 5 5 5 5 5 6 6 6 6 6 6 6 6 6 6 6 7 7 7 7 7 8 8 8 9 9 9 9 9 10 10 10 10 10 11 12 12 12 13 13 14 14 15 15 15 17 18 21 21 24 34 48
00-0039739,catch,12,3 4 4 5 7 8 12 13 17 21 27 45
00-0039746,catch,9,-1 3 3 4 6 7 11 11 12
00-0039746,run,14,-2 -1 0 0 1 2 2 3 4 4 4 5 7 20
00-0039751,catch,18,-2 0 1 2 3 4 5 6 7 9 9 9 11 13 13 19 22 40
00-0039751,run,3,1 5 6
00-0039754,catch,1,6
00-0039757,catch,1,9
00-0039757,run,23,0 0 0 0 1 1 2 2 2 2 2 2 2 3 3 3 3 4 4 6 9 11 11
00-0039792,catch,6,2 8 24 30 34 38
00-0039793,catch,52,0 2 2 3 4 4 4 5 5 5 5 5 5 5 6 6 6 6 7 7 7 7 7 7 8 8 9 9 9 9 9 9 10 10 10 10 10 10 11 11 13 13 13 15 15 16 16 17 19 23 26 61
00-0039793,run,10,0 1 1 1 1 2 2 2 2 2
00-0039794,catch,2,5 12
00-0039794,run,18,-2 -1 0 0 0 1 2 2 3 4 4 6 8 8 8 9 9 15
00-0039796,catch,9,-5 2 3 5 5 6 7 15 30
00-0039796,run,7,0 0 2 3 5 5 9
00-0039798,catch,21,-1 0 1 2 4 4 5 6 7 8 9 9 9 9 10 10 12 14 17 25 26
00-0039798,run,43,-3 -1 -1 -1 0 1 1 1 1 2 2 2 2 2 2 2 2 2 3 3 3 4 4 4 4 4 5 5 5 5 5 5 5 6 6 7 7 10 12 15 19 24 50
00-0039816,catch,2,3 3
00-0039824,catch,1,4
00-0039847,catch,45,-2 -1 -1 1 1 1 3 3 3 4 4 5 5 5 5 6 6 6 6 7 9 10 10 10 11 11 12 13 13 14 14 14 15 15 15 18 19 21 22 24 24 25 39 41 42
00-0039849,catch,41,1 2 3 4 5 6 6 6 7 7 7 8 9 10 11 11 11 12 12 14 14 15 15 16 16 16 16 16 17 18 18 19 20 20 21 21 23 32 35 43 45
00-0039851,catch,1,2
00-0039851,run,82,0 0 0 0 0 0 0 1 1 1 1 1 1 1 2 2 2 2 2 2 2 2 2 2 2 3 3 3 3 3 3 3 3 3 3 3 3 3 3 4 4 4 4 4 5 5 5 6 6 6 6 6 6 6 6 6 7 7 7 7 8 8 8 8 9 9 9 11 11 11 12 12 13 14 15 15 16 16 17 19 20 28
00-0039855,catch,12,5 7 7 8 10 11 13 18 19 19 28 33
00-0039855,run,1,1
00-0039868,catch,65,-3 0 1 2 2 2 3 3 3 3 3 3 4 4 4 4 5 5 5 5 5 6 6 6 6 6 7 7 7 7 7 7 8 8 8 9 9 9 9 10 10 10 11 12 13 13 13 15 15 15 16 16 17 18 18 18 20 23 23 25 26 32 35 42 48
00-0039868,run,5,-6 2 2 3 11
00-0039874,catch,5,0 4 9 13 18
00-0039874,run,70,-7 -6 -6 -4 -1 -1 -1 -1 -1 -1 0 0 1 1 1 1 1 1 1 2 2 2 2 2 2 2 3 3 3 3 3 3 3 3 3 3 3 3 4 4 4 4 5 5 5 6 6 6 6 6 6 7 7 7 7 7 7 7 7 8 8 9 9 9 10 11 11 12 18 32
00-0039875,catch,10,-1 0 2 3 6 12 13 14 16 21
00-0039875,run,58,-4 -2 -2 -1 -1 -1 0 0 0 0 1 1 1 2 2 2 2 2 2 2 3 3 3 3 3 3 3 4 4 4 4 4 4 4 4 4 4 5 5 5 6 6 6 6 7 7 8 8 9 10 12 12 13 14 14 15 17 23
00-0039880,catch,46,-5 -2 -2 -1 -1 -1 0 0 1 2 2 3 3 4 4 4 4 4 4 5 5 6 6 6 6 7 7 8 8 9 9 9 9 9 9 10 11 11 12 13 14 17 18 19 23 28
00-0039880,run,17,0 0 1 1 3 3 4 5 6 7 8 8 9 9 14 14 18
00-0039884,catch,3,7 11 19
00-0039890,catch,33,3 5 5 5 6 6 6 6 7 7 8 8 8 8 8 8 9 9 9 9 10 10 11 12 12 16 18 21 24 26 26 52 75
00-0039890,run,1,-4
00-0039893,catch,48,1 2 3 4 4 5 6 6 7 7 7 7 7 9 9 9 9 9 10 11 11 11 11 11 11 12 13 13 14 14 16 17 17 17 18 18 19 21 22 22 22 24 30 33 34 39 39 46
00-0039893,run,3,5 7 9
00-0039894,catch,42,-6 -2 2 4 4 4 4 5 5 6 6 7 7 8 8 8 9 9 9 9 9 9 10 10 11 11 11 12 13 14 15 18 19 22 23 26 27 28 28 31 37 42
00-0039894,run,11,-4 0 0 1 3 6 7 9 13 17 35
00-0039901,catch,38,0 1 2 2 4 4 5 6 6 6 7 7 7 7 8 8 8 8 8 8 8 8 8 9 10 11 12 12 13 14 15 17 17 20 21 25 35 37
00-0039910,run,53,-3 -2 -1 0 0 0 1 1 1 1 1 1 1 2 2 2 3 3 3 3 3 4 4 4 5 5 5 5 5 5 6 6 6 7 7 7 7 7 8 8 8 8 8 9 9 11 12 12 12 14 14 15 18
00-0039912,catch,11,1 2 4 5 7 8 8 9 12 22 36
00-0039915,catch,66,0 0 2 3 3 3 4 4 4 5 5 5 5 5 6 6 6 6 6 7 7 7 7 8 8 8 9 9 9 9 9 9 9 10 11 11 11 11 12 12 12 12 13 13 14 14 15 15 15 15 15 16 16 16 16 16 18 19 21 21 23 25 27 31 42 58
00-0039916,catch,36,0 0 1 3 4 5 5 6 7 8 8 8 10 10 12 13 13 13 13 14 14 14 14 14 15 18 18 20 20 24 26 30 31 34 38 45
00-0039916,run,2,-4 2
00-0039917,run,14,0 2 3 3 3 4 4 4 5 6 7 9 12 15
00-0039918,catch,2,2 20
00-0039918,run,66,-6 -4 0 0 0 0 0 0 0 0 0 1 1 1 2 2 2 2 2 2 2 2 3 3 3 3 4 4 4 4 5 5 5 5 5 5 6 6 6 6 7 7 7 8 8 8 9 9 9 9 9 9 10 12 12 12 13 13 13 13 14 14 16 17 22 29
00-0039919,catch,44,-4 1 2 3 3 5 6 7 8 9 9 10 10 11 11 12 12 13 13 14 14 15 15 15 15 16 17 17 17 17 18 20 20 21 21 21 22 24 27 27 27 28 35 37
00-0039920,catch,11,0 0 1 2 4 7 8 10 11 17 19
00-0039920,run,13,-6 2 4 4 6 8 9 11 12 14 16 16 31
00-0039921,catch,13,-1 1 3 3 3 4 5 6 6 6 6 10 12
00-0039921,run,29,-2 -1 -1 0 0 0 0 1 1 1 1 2 2 2 3 3 3 3 4 4 4 5 6 7 8 11 12 29 52
00-0039923,run,28,-3 0 0 0 1 1 1 2 2 3 4 6 6 7 7 7 7 8 8 9 10 10 11 12 14 16 16 26
00-0040009,catch,10,0 1 2 2 4 6 6 8 16 33
00-0040009,run,11,-3 0 0 1 1 2 3 3 6 8 16
00-0040021,catch,2,1 10
00-0040021,run,5,1 1 3 5 8
00-0040024,catch,9,3 4 4 6 10 13 16 17 19
00-0040039,run,2,2 6
00-0040067,run,5,0 1 3 6 10
00-0040078,catch,25,-3 -2 -2 2 2 4 4 4 5 5 5 5 6 6 6 8 9 9 10 12 13 15 15 17 17
00-0040078,run,44,-1 -1 -1 -1 0 0 0 0 0 1 1 1 1 1 2 2 2 2 2 2 3 3 3 3 4 4 4 4 4 4 4 5 5 5 5 6 7 8 8 8 8 9 10 14
00-0040122,catch,55,-7 -6 -5 -4 -3 -2 -2 -1 0 1 1 2 2 2 2 3 3 3 4 4 4 4 4 4 4 4 5 5 5 5 5 5 6 6 6 6 7 7 8 8 8 8 8 9 9 10 11 11 12 13 13 15 25 29 60
00-0040122,run,266,-11 -5 -5 -4 -3 -3 -3 -3 -2 -2 -2 -2 -2 -2 -2 -2 -1 -1 -1 -1 -1 -1 -1 -1 -1 -1 -1 -1 -1 -1 -1 -1 -1 -1 -1 -1 -1 -1 -1 -1 -1 -1 -1 -1 -1 0 0 0 0 0 0 0 0 0 0 0 0 0 0 0 0 0 0 0 0 0 0 0 0 0 0 1 1 1 1 1 1 1 1 1 1 1 1 1 1 1 1 1 1 1 1 1 1 1 1 1 1 1 1 1 2 2 2 2 2 2 2 2 2 2 2 2 2 2 2 2 2 2 2 2 2 2 3 3 3 3 3 3 3 3 3 3 3 3 3 3 3 3 3 3 3 3 3 3 3 3 3 3 3 3 3 3 3 3 3 3 3 3 3 4 4 4 4 4 4 4 4 4 4 4 4 4 4 4 4 4 4 4 4 4 5 5 5 5 5 5 5 5 5 5 5 5 5 5 5 5 5 5 5 5 6 6 6 6 6 6 6 6 6 6 6 6 6 6 6 6 6 6 7 7 7 7 7 7 7 7 7 7 7 8 8 8 8 8 8 8 8 8 9 9 9 9 10 10 10 11 11 11 11 11 12 12 12 12 12 12 13 13 13 13 14 16 18 24 51 64
00-0040124,catch,70,1 2 3 4 4 4 4 5 5 5 5 6 6 7 7 7 8 8 8 9 9 9 9 10 10 10 11 11 11 11 11 11 11 11 12 12 12 12 12 14 15 15 15 16 16 16 16 17 17 18 19 19 19 20 21 21 21 21 22 22 22 23 26 29 29 29 39 40 40 43
00-0040126,catch,58,1 1 2 2 3 4 5 5 5 5 5 6 6 7 7 7 7 7 7 8 8 8 8 9 9 9 9 9 9 9 10 10 10 10 11 11 11 11 11 11 11 12 13 13 14 17 18 19 20 20 24 24 27 31 31 32 36 58
00-0040126,run,1,-2
00-0040128,catch,76,-1 0 1 1 1 2 3 3 3 4 4 4 4 5 5 5 5 5 5 5 6 6 6 6 6 6 6 6 6 7 7 8 8 8 8 8 8 9 9 9 9 9 9 10 11 11 12 12 12 12 12 13 14 14 14 14 15 15 15 15 16 17 17 17 19 19 20 21 23 23 23 24 24 29 29 41
00-0040128,run,6,0 0 1 2 2 3
00-0040129,catch,63,-3 -3 1 2 3 3 3 4 4 4 5 6 6 6 6 7 7 7 7 7 7 8 8 8 8 8 8 9 9 9 9 9 9 10 11 11 11 12 15 17 18 18 19 20 20 21 21 23 23 24 24 24 25 25 28 30 30 30 31 32 40 57 77
00-0040129,run,2,0 9
00-0040130,catch,41,4 4 4 5 5 6 6 6 6 6 7 7 8 8 8 9 9 9 10 10 10 11 11 12 12 12 12 12 13 13 14 14 16 17 17 19 23 23 24 28 75
00-0040131,catch,10,4 5 8 9 11 12 18 33 37 72
00-0040131,run,2,-2 5
00-0040134,catch,31,2 3 4 5 5 5 6 6 6 6 7 8 8 9 9 11 11 11 11 11 12 13 13 13 15 16 16 21 24 43 48
00-0040138,catch,26,-2 -1 0 4 4 4 4 4 4 5 5 5 7 7 7 7 8 9 12 13 21 22 27 29 43 44
00-0040138,run,6,-3 1 2 2 5 5
00-0040142,catch,1,9
00-0040142,run,28,-2 -2 -2 -1 0 1 1 1 1 1 1 1 2 2 2 3 3 3 3 3 3 4 5 5 6 7 9 9
00-0040154,catch,3,6 9 10
00-0040162,catch,33,-7 -3 -1 0 1 2 3 3 4 4 4 4 5 5 6 6 6 7 7 7 8 8 8 8 9 9 9 11 12 14 15 31 66
00-0040162,run,65,-7 -4 -4 -3 -3 -2 -2 -2 -1 -1 -1 -1 0 0 0 0 0 0 1 1 1 1 1 1 1 2 2 2 2 2 2 2 2 3 3 3 3 3 3 3 3 3 3 3 3 3 4 4 4 4 4 5 5 5 5 5 6 6 7 7 8 9 11 19 26
00-0040164,catch,16,-2 0 2 7 7 7 7 11 11 13 15 16 18 35 37 41
00-0040164,run,1,7
00-0040165,catch,1,3
00-0040170,catch,41,1 3 4 5 5 5 6 6 6 6 7 7 8 8 9 9 9 9 9 10 10 10 11 11 11 11 12 13 14 14 14 16 17 20 23 24 25 26 29 33 39
00-0040172,catch,2,7 19
00-0040179,run,26,-3 0 0 0 1 1 1 1 1 2 2 2 3 3 3 3 5 5 6 6 6 8 9 9 10 12
00-0040184,catch,5,1 6 10 16 18
00-0040187,catch,19,2 3 4 5 5 5 5 6 7 7 8 9 9 10 11 13 16 21 25
00-0040187,run,1,1
00-0040189,catch,49,1 2 4 5 5 5 6 6 6 6 6 6 7 7 7 7 7 7 7 8 8 8 9 9 9 10 11 11 12 13 13 14 14 14 14 15 17 17 21 22 24 25 27 27 28 30 34 40 53
00-0040194,catch,16,0 3 3 5 5 8 8 9 10 12 15 18 18 18 26 29
00-0040198,catch,7,-1 1 2 2 3 5 20
00-0040198,run,70,-9 -4 -3 -3 -3 -2 -2 -2 -2 -2 -1 -1 -1 -1 -1 -1 0 0 0 0 1 1 1 1 1 1 1 1 1 1 2 2 2 2 2 2 2 3 3 3 3 3 3 3 3 3 3 3 4 4 4 4 4 5 5 6 7 7 8 8 8 8 8 9 9 11 12 13 16 20
00-0040202,catch,17,-5 -2 1 1 1 2 3 4 5 7 8 9 10 10 14 18 18
00-0040202,run,57,-2 -2 -1 -1 0 0 0 0 0 1 1 1 1 1 1 1 2 2 2 2 2 2 3 3 3 3 3 3 3 4 4 4 4 4 4 4 4 4 4 4 4 4 4 5 5 5 5 6 6 6 6 6 8 8 14 15 21
00-0040205,run,3,0 3 4
00-0040206,run,5,1 1 6 9 11
00-0040208,catch,1,9
00-0040208,run,16,0 1 1 1 1 2 2 2 2 3 3 4 5 5 6 7
00-0040218,catch,11,1 2 2 4 7 7 8 11 15 17 34
00-0040218,run,8,2 5 5 7 7 7 11 25
00-0040234,catch,1,-6
00-0040234,run,6,0 0 0 5 7 9
00-0040236,catch,18,-3 0 0 1 3 4 6 6 7 8 11 11 11 11 14 15 25 34
00-0040236,run,169,-8 -4 -4 -4 -3 -3 -2 -2 -2 -2 -1 -1 -1 -1 -1 -1 -1 0 0 0 0 0 0 0 1 1 1 1 1 1 1 1 1 1 1 1 1 1 1 1 2 2 2 2 2 2 2 2 2 2 2 2 2 2 2 2 2 2 2 2 2 3 3 3 3 3 3 3 3 3 3 3 3 3 3 3 3 3 3 3 3 3 4 4 4 4 4 4 4 4 4 4 4 4 4 4 4 5 5 5 5 5 5 5 5 5 5 5 5 5 5 5 5 6 6 6 6 6 6 6 6 6 6 6 6 6 7 7 7 7 7 7 7 7 8 8 8 8 8 8 9 9 9 9 9 9 9 9 9 9 9 9 9 9 10 10 10 11 12 13 13 14 15 17 18 18 24 31 39
00-0040237,catch,28,-1 0 1 2 3 4 5 6 6 8 9 9 10 11 11 12 12 12 13 14 14 16 17 17 17 22 27 45
00-0040237,run,7,-4 -2 5 5 6 6 6
00-0040238,catch,10,1 3 4 4 5 5 6 7 9 10
00-0040238,run,23,0 0 1 1 2 2 2 2 2 3 3 4 4 4 4 4 5 6 7 7 9 10 12
00-0040242,catch,9,-1 3 4 5 5 6 7 11 28
00-0040242,run,175,-7 -4 -3 -2 -2 -2 -2 -2 -2 -2 -1 -1 -1 -1 -1 -1 -1 0 0 0 0 0 0 0 0 0 0 0 0 0 0 0 1 1 1 1 1 1 1 1 1 1 1 1 1 1 1 1 1 1 1 1 1 1 1 2 2 2 2 2 2 2 2 2 2 2 2 2 2 2 2 2 2 3 3 3 3 3 3 3 3 3 3 3 3 3 3 3 4 4 4 4 4 4 4 4 4 4 4 4 4 4 4 4 4 4 4 4 4 4 5 5 5 5 5 5 5 5 5 5 5 5 5 6 6 6 6 6 6 6 6 6 6 6 6 6 7 7 7 7 7 8 8 8 8 8 8 8 9 9 9 9 9 9 10 10 10 10 10 11 11 11 11 12 12 13 13 13 15 15 16 16 27 42 72
00-0040244,catch,2,4 6
00-0040245,catch,1,-1
00-0040259,catch,7,4 8 8 10 13 14 14
00-0040259,run,1,3
00-0040277,catch,6,6 11 11 15 19 25
00-0040311,catch,6,8 14 16 18 20 63
00-0040317,catch,1,25
00-0040363,catch,4,4 7 10 14
00-0040388,catch,2,7 8
00-0040398,run,13,0 0 0 1 2 2 2 2 5 6 6 11 12
00-0040406,catch,1,10
00-0040429,run,4,1 2 4 4
00-0040432,catch,2,7 18
00-0040466,catch,3,4 7 10
00-0040466,run,27,-1 0 0 0 0 0 1 2 2 2 2 3 3 3 3 3 3 4 4 5 5 5 6 6 8 9 14
00-0040476,run,1,0
00-0040488,catch,1,3
00-0040494,run,2,5 11
00-0040509,catch,2,5 9
00-0040522,catch,3,12 14 15
00-0040534,catch,1,5
00-0040534,run,2,1 9
00-0040547,run,9,2 2 3 4 9 9 9 10 12
00-0040556,catch,2,4 11
00-0040556,run,12,2 3 3 3 4 4 4 6 6 7 7 9
00-0040563,catch,3,10 30 35
00-0040581,catch,10,4 5 7 9 9 11 14 20 20 36
00-0040582,catch,7,-4 0 5 6 8 14 23
00-0040582,run,4,-10 2 8 13
00-0040583,catch,24,-5 -5 -3 -1 2 2 3 3 4 4 6 7 7 8 9 9 9 9 9 12 12 20 37 50
00-0040583,run,196,-4 -4 -3 -3 -3 -2 -2 -2 -2 -2 -2 -2 -2 -2 -2 -2 -1 -1 -1 -1 -1 -1 -1 -1 -1 -1 -1 -1 0 0 0 0 0 0 0 0 0 0 0 0 0 0 0 0 0 1 1 1 1 1 1 1 1 1 1 1 1 1 1 1 1 1 1 1 1 1 1 1 1 2 2 2 2 2 2 2 2 2 2 2 2 2 2 2 2 2 2 2 2 2 2 2 3 3 3 3 3 3 3 3 3 3 3 3 3 3 3 3 3 3 3 3 3 4 4 4 4 4 4 4 4 4 4 4 4 4 4 4 4 4 4 4 5 5 5 5 5 5 5 5 5 5 5 5 5 6 6 6 6 6 6 6 6 6 6 6 6 6 6 6 7 7 7 7 7 7 7 8 8 8 8 8 8 8 9 9 9 9 9 9 9 10 10 11 11 11 12 12 14 15 16 18 19 19 21 23
00-0040584,catch,44,-1 1 1 1 2 2 2 3 4 4 4 4 4 4 5 5 5 6 6 6 6 6 6 7 7 8 8 8 9 9 10 11 11 11 11 12 13 15 15 15 16 19 22 34
00-0040586,catch,1,5
00-0040586,run,38,-3 -3 -3 -3 -3 -2 -1 0 0 0 0 0 0 0 0 1 1 1 2 2 2 2 2 3 3 4 4 5 6 7 7 9 9 11 11 14 14 27
00-0040590,catch,10,4 5 5 6 7 10 11 11 14 19
00-0040628,catch,1,3
00-0040644,catch,3,2 4 7
00-0040644,run,20,-1 -1 0 1 2 2 2 2 3 3 3 4 5 5 5 6 8 11 12 22
00-0040646,catch,2,2 2
00-0040648,catch,13,4 6 7 9 9 10 11 11 13 14 21 21 25
00-0040663,catch,72,-7 -1 0 1 1 1 2 2 2 2 3 4 4 4 4 4 4 4 5 5 5 5 5 5 6 6 6 6 6 6 6 7 7 7 7 7 7 8 8 8 9 9 11 11 12 12 12 13 13 13 13 13 15 15 16 17 17 17 17 18 18 18 19 19 20 22 24 24 25 28 34 35
00-0040663,run,7,0 1 1 2 2 3 4
00-0040666,catch,32,-7 -5 -4 -1 1 1 1 2 2 4 4 4 4 4 4 5 6 6 7 7 7 7 8 8 10 12 12 12 13 17 19 22
00-0040666,run,124,-4 -4 -3 -3 -3 -1 -1 -1 -1 -1 -1 -1 -1 -1 -1 0 0 0 0 0 0 0 0 0 0 0 0 0 0 0 1 1 1 1 1 1 1 1 1 1 2 2 2 2 2 2 2 2 2 3 3 3 3 3 3 3 3 3 3 3 3 3 3 3 3 3 3 3 3 4 4 4 4 4 4 4 4 4 4 4 4 5 5 5 5 5 5 5 5 5 5 5 5 5 5 6 6 6 6 6 7 7 7 8 8 8 8 8 8 8 10 11 11 11 11 12 15 15 18 18 18 26 29 54
00-0040667,catch,29,-7 -3 -1 1 2 3 3 4 5 6 7 8 8 8 8 10 10 11 12 14 17 18 20 24 27 31 34 35 46
00-0040667,run,10,1 2 3 3 4 5 6 8 8 9
00-0040668,run,19,4 4 5 5 6 6 6 6 7 8 9 9 11 13 13 14 14 15 16
00-0040669,catch,16,4 7 8 11 11 12 12 13 14 17 17 18 18 20 28 29
00-0040673,run,3,0 1 3
00-0040676,run,33,-3 0 0 1 1 2 2 2 2 2 2 2 3 3 3 3 4 4 5 5 6 6 7 7 7 7 9 10 10 11 12 14 20
00-0040691,run,79,-3 -2 -1 0 0 0 0 1 1 1 1 1 1 1 1 1 2 2 2 2 2 2 2 2 3 3 3 3 3 4 4 4 4 4 4 4 4 4 4 5 5 5 5 6 6 6 6 6 6 6 7 7 7 7 7 8 8 8 9 9 9 10 10 10 10 10 11 11 12 12 13 15 17 18 18 20 20 24 29
00-0040704,run,13,-3 1 1 3 4 4 6 8 8 8 13 15 19
00-0040705,catch,48,-6 -5 -1 0 0 0 0 1 1 1 2 2 3 3 3 4 4 5 5 5 5 5 5 6 7 7 8 8 8 8 8 9 9 9 11 11 14 14 16 18 18 19 21 21 25 30 38 38
00-0040705,run,11,-7 -4 -1 1 1 1 2 4 5 7 9
00-0040715,catch,24,-1 1 3 4 4 4 5 5 6 6 7 7 8 8 9 9 12 13 13 14 15 16 18 21
00-0040715,run,101,-3 -3 -2 -2 -2 -1 -1 -1 0 0 0 0 0 0 0 0 0 1 1 1 1 1 1 1 1 1 1 2 2 2 2 2 2 2 2 2 2 2 2 2 2 3 3 3 3 3 3 3 3 3 3 3 3 3 3 4 4 4 4 4 4 4 4 4 4 4 4 4 5 5 5 5 5 5 5 5 5 6 6 6 6 7 7 7 7 8 8 9 9 9 9 10 11 11 11 12 13 16 18 18 24
00-0040718,catch,28,-3 -2 -1 0 0 4 4 5 5 6 6 7 8 8 9 10 10 10 11 11 12 14 16 21 21 28 34 44
00-0040718,run,1,0
00-0040719,catch,10,-3 2 5 5 6 8 8 8 16 24
00-0040719,run,83,-5 -3 -2 -1 -1 -1 -1 -1 0 0 0 0 1 1 1 1 1 1 1 1 1 1 1 2 2 2 2 2 2 2 2 2 2 3 3 3 3 3 3 3 4 4 4 4 4 4 4 4 4 4 4 4 4 4 4 5 5 5 5 5 6 6 6 6 6 6 6 6 7 7 7 7 7 8 8 8 8 9 11 11 12 12 15
00-0040727,catch,30,-1 2 3 3 4 5 5 6 6 8 8 8 8 8 9 9 10 11 11 12 12 14 14 15 16 16 18 23 24 37
00-0040727,run,2,3 7
00-0040729,catch,20,2 4 5 5 6 6 6 6 7 7 10 10 10 11 16 17 17 19 23 37
00-0040730,catch,47,-1 0 0 1 1 2 2 2 2 3 3 3 4 4 4 4 4 4 5 5 5 5 6 6 7 7 7 8 8 8 9 9 9 9 10 11 11 12 12 12 13 14 15 16 16 27 32
00-0040730,run,146,-5 -4 -4 -3 -3 -3 -3 -2 -2 -2 -2 -1 -1 -1 -1 -1 -1 0 0 0 0 0 0 0 0 0 0 0 0 0 0 1 1 1 1 1 1 1 1 1 1 1 1 1 1 1 1 1 1 1 2 2 2 2 2 2 2 2 2 2 2 2 2 2 2 2 2 2 2 2 2 2 3 3 3 3 3 3 3 3 3 3 3 3 3 3 3 3 3 3 4 4 4 4 4 4 4 4 4 4 4 4 4 5 5 5 5 5 5 5 5 5 5 6 6 6 6 6 6 6 6 6 6 6 7 7 7 7 7 7 8 8 8 8 8 8 8 9 11 11 11 11 15 38 40 50
00-0040734,catch,35,-1 -1 0 1 1 1 2 2 3 4 4 4 5 5 5 5 5 6 6 6 6 7 7 8 8 9 9 9 10 11 12 13 15 15 19
00-0040734,run,180,-8 -5 -4 -3 -3 -3 -2 -2 -2 -2 -2 -2 -2 -2 -1 -1 -1 -1 -1 0 0 0 0 0 0 0 0 0 0 0 0 1 1 1 1 1 1 1 1 1 1 1 1 1 1 1 1 1 1 1 1 1 2 2 2 2 2 2 2 2 2 2 2 2 2 2 2 2 2 2 2 2 2 2 2 2 2 2 2 2 3 3 3 3 3 3 3 3 3 3 3 3 3 3 3 3 3 3 3 3 4 4 4 4 4 4 4 4 4 4 4 4 4 5 5 5 5 5 5 5 5 5 5 5 5 5 5 5 5 6 6 6 6 6 6 6 6 6 6 6 6 6 6 7 7 7 7 7 7 7 7 7 7 7 8 8 8 8 9 9 9 9 11 11 12 12 13 13 13 14 16 16 17 18 26 27 52 55 65 69
00-0040735,catch,47,-4 -3 -3 -2 -1 0 1 4 5 5 5 6 6 7 7 7 9 9 9 10 10 10 10 11 12 12 12 13 14 14 14 15 16 17 18 19 22 24 25 27 27 27 29 35 37 40 65
00-0040735,run,6,-1 3 3 7 10 15
00-0040736,catch,44,-5 2 2 3 3 4 4 4 4 5 5 5 6 6 6 6 6 6 7 7 7 8 8 8 9 9 9 10 10 10 11 11 11 11 11 11 11 13 13 15 15 15 20 27
00-0040737,catch,11,3 3 6 18 21 27 27 27 31 32 36
00-0040737,run,1,0
00-0040739,catch,15,1 3 5 5 6 6 7 7 8 10 12 24 26 27 32
00-0040743,run,38,-2 -2 0 0 0 0 1 1 1 2 2 2 2 2 2 2 3 3 3 3 4 4 4 4 4 4 4 6 6 6 7 8 11 11 13 13 29 34
00-0040782,catch,18,-1 2 5 6 6 7 7 7 13 16 16 17 18 22 35 42 47 52
00-0040782,run,5,-1 4 8 9 9
00-0040784,catch,26,-6 -4 -4 -2 -2 -2 0 1 1 2 2 2 3 3 4 5 6 9 9 11 12 13 16 16 18 58
00-0040784,run,230,-6 -4 -4 -3 -3 -3 -2 -2 -2 -2 -2 -2 -2 -2 -2 -1 -1 -1 -1 -1 -1 -1 -1 -1 0 0 0 0 0 0 0 0 0 0 0 0 0 0 0 0 0 0 0 0 0 0 0 0 0 0 0 1 1 1 1 1 1 1 1 1 1 1 1 1 1 1 1 1 1 1 1 1 1 1 1 1 1 1 1 1 2 2 2 2 2 2 2 2 2 2 2 2 2 2 2 2 2 2 2 2 2 2 2 2 2 2 2 2 2 2 2 2 2 2 2 2 2 2 3 3 3 3 3 3 3 3 3 3 3 3 3 3 3 3 3 3 3 3 3 3 3 3 3 3 3 3 3 3 3 3 3 3 3 3 3 4 4 4 4 4 4 4 4 4 4 4 4 4 4 4 4 4 5 5 5 5 5 5 5 5 5 5 5 6 6 6 6 6 6 6 6 6 6 6 7 7 7 7 7 7 7 7 8 8 8 8 8 9 9 9 9 9 10 10 11 11 11 12 13 14 14 14 14 16 17 17 31 32 38 46
