team,posgrp,metric,n,value,league,var_play,k_eb,between_var
ARI,ALL,ypt,541,7.630314232902033,7.319899395173364,80.95567193811193,423.2498391543696,0.00391817122363068
ARI,ALL,catch_rate,541,0.6931608133086876,0.6717168692736092,,320.9784577564491,0.0015226021030540439
ARI,OTHER,ypt,51,7.196078431372549,7.014322916666667,59.92078431372546,71.82482665639307,0.021704806539040153
ARI,OTHER,catch_rate,51,0.6666666666666666,0.6796875,,111.42454609768586,0.004229448396432637
ARI,RB,ypt,87,6.195402298850575,5.776709401709402,52.554397219994655,155.33379421101966,0.01217468644255527
ARI,RB,catch_rate,87,0.7816091954022989,0.7795584045584045,,269.6993396752406,0.0010484917179406582
ARI,TE,ypt,120,8.183333333333334,7.402552926525529,55.71400560224087,477.88573528846166,0.002517228048063173
ARI,TE,catch_rate,120,0.7583333333333333,0.7238480697384807,,3197.323600121806,0.00011932022655747202
ARI,WR,ypt,283,7.915194346289753,7.8248111244935945,103.9785981003935,512.9979346061339,0.003362458988259805
ARI,WR,catch_rate,283,0.6431095406360424,0.6188547027263769,,592.4406304935924,0.0010395778909722611
ATL,ALL,ypt,513,7.333333333333333,7.319899395173364,88.24218749999999,423.2498391543696,0.00391817122363068
ATL,ALL,catch_rate,513,0.645224171539961,0.6717168692736092,,320.9784577564491,0.0015226021030540439
ATL,OTHER,ypt,54,7.944444444444445,7.014322916666667,71.56289308176103,71.82482665639307,0.021704806539040153
ATL,OTHER,catch_rate,54,0.7037037037037037,0.6796875,,111.42454609768586,0.004229448396432637
ATL,RB,ypt,92,5.326086956521739,5.776709401709402,47.013377926421384,155.33379421101966,0.01217468644255527
ATL,RB,catch_rate,92,0.717391304347826,0.7795584045584045,,269.6993396752406,0.0010484917179406582
ATL,TE,ypt,77,7.064935064935065,7.402552926525529,73.11414900888586,477.88573528846166,0.002517228048063173
ATL,TE,catch_rate,77,0.6623376623376623,0.7238480697384807,,3197.323600121806,0.00011932022655747202
ATL,WR,ypt,290,7.927586206896552,7.8248111244935945,107.45148550292332,512.9979346061339,0.003362458988259805
ATL,WR,catch_rate,290,0.6068965517241379,0.6188547027263769,,592.4406304935924,0.0010395778909722611
BAL,ALL,ypt,598,7.362876254180602,7.319899395173364,89.5381170064368,423.2498391543696,0.00391817122363068
BAL,ALL,catch_rate,598,0.6672240802675585,0.6717168692736092,,320.9784577564491,0.0015226021030540439
BAL,OTHER,ypt,60,5.55,7.014322916666667,58.35338983050846,71.82482665639307,0.021704806539040153
BAL,OTHER,catch_rate,60,0.5666666666666667,0.6796875,,111.42454609768586,0.004229448396432637
BAL,RB,ypt,112,6.232142857142857,5.776709401709402,70.9546332046332,155.33379421101966,0.01217468644255527
BAL,RB,catch_rate,112,0.8035714285714286,0.7795584045584045,,269.6993396752406,0.0010484917179406582
BAL,TE,ypt,85,7.152941176470589,7.402552926525529,48.34537815126051,477.88573528846166,0.002517228048063173
BAL,TE,catch_rate,85,0.7529411764705882,0.7238480697384807,,3197.323600121806,0.00011932022655747202
BAL,WR,ypt,340,8.155882352941177,7.8248111244935945,109.87828387992369,512.9979346061339,0.003362458988259805
BAL,WR,catch_rate,340,0.6176470588235294,0.6188547027263769,,592.4406304935924,0.0010395778909722611
BUF,ALL,ypt,439,6.528473804100228,7.319899395173364,72.14930154668667,423.2498391543696,0.00391817122363068
BUF,ALL,catch_rate,439,0.6309794988610479,0.6717168692736092,,320.9784577564491,0.0015226021030540439
BUF,OTHER,ypt,28,3.857142857142857,7.014322916666667,46.79365079365079,71.82482665639307,0.021704806539040153
BUF,OTHER,catch_rate,28,0.5357142857142857,0.6796875,,111.42454609768586,0.004229448396432637
BUF,RB,ypt,82,4.548780487804878,5.776709401709402,38.52228244504668,155.33379421101966,0.01217468644255527
BUF,RB,catch_rate,82,0.7439024390243902,0.7795584045584045,,269.6993396752406,0.0010484917179406582
BUF,TE,ypt,68,6.911764705882353,7.402552926525529,73.06672519754171,477.88573528846166,0.002517228048063173
BUF,TE,catch_rate,68,0.6176470588235294,0.7238480697384807,,3197.323600121806,0.00011932022655747202
BUF,WR,ypt,260,7.365384615384615,7.8248111244935945,83.26752301752302,512.9979346061339,0.003362458988259805
BUF,WR,catch_rate,260,0.6115384615384616,0.6188547027263769,,592.4406304935924,0.0010395778909722611
CAR,ALL,ypt,487,7.509240246406571,7.319899395173364,91.76071691129863,423.2498391543696,0.00391817122363068
CAR,ALL,catch_rate,487,0.6899383983572895,0.6717168692736092,,320.9784577564491,0.0015226021030540439
CAR,OTHER,ypt,43,5.465116279069767,7.014322916666667,50.3499446290144,71.82482665639307,0.021704806539040153
CAR,OTHER,catch_rate,43,0.6046511627906976,0.6796875,,111.42454609768586,0.004229448396432637
CAR,RB,ypt,90,5.288888888888889,5.776709401709402,37.17403245942572,155.33379421101966,0.01217468644255527
CAR,RB,catch_rate,90,0.8,0.7795584045584045,,269.6993396752406,0.0010484917179406582
CAR,TE,ypt,90,9.533333333333333,7.402552926525529,86.90337078651686,477.88573528846166,0.002517228048063173
CAR,TE,catch_rate,90,0.7888888888888889,0.7238480697384807,,3197.323600121806,0.00011932022655747202
CAR,WR,ypt,264,7.909090909090909,7.8248111244935945,115.60387141375742,512.9979346061339,0.003362458988259805
CAR,WR,catch_rate,264,0.6325757575757576,0.6188547027263769,,592.4406304935924,0.0010395778909722611
CHI,ALL,ypt,511,7.958904109589041,7.319899395173364,101.53360193392427,423.2498391543696,0.00391817122363068
CHI,ALL,catch_rate,511,0.6947162426614482,0.6717168692736092,,320.9784577564491,0.0015226021030540439
CHI,OTHER,ypt,30,9.533333333333333,7.014322916666667,151.98160919540229,71.82482665639307,0.021704806539040153
CHI,OTHER,catch_rate,30,0.7666666666666667,0.6796875,,111.42454609768586,0.004229448396432637
CHI,RB,ypt,85,5.317647058823529,5.776709401709402,48.219327731092434,155.33379421101966,0.01217468644255527
CHI,RB,catch_rate,85,0.7647058823529411,0.7795584045584045,,269.6993396752406,0.0010484917179406582
CHI,TE,ypt,112,6.857142857142857,7.402552926525529,47.20463320463322,477.88573528846166,0.002517228048063173
CHI,TE,catch_rate,112,0.7678571428571429,0.7238480697384807,,3197.323600121806,0.00011932022655747202
CHI,WR,ypt,284,9.017605633802816,7.8248111244935945,130.61099636689397,512.9979346061339,0.003362458988259805
CHI,WR,catch_rate,284,0.6373239436619719,0.6188547027263769,,592.4406304935924,0.0010395778909722611
CIN,ALL,ypt,514,8.122568093385214,7.319899395173364,93.73348578970115,423.2498391543696,0.00391817122363068
CIN,ALL,catch_rate,514,0.6770428015564203,0.6717168692736092,,320.9784577564491,0.0015226021030540439
CIN,OTHER,ypt,47,8.382978723404255,7.014322916666667,111.93709528214619,71.82482665639307,0.021704806539040153
CIN,OTHER,catch_rate,47,0.6382978723404256,0.6796875,,111.42454609768586,0.004229448396432637
CIN,RB,ypt,98,7.122448979591836,5.776709401709402,69.0982537344835,155.33379421101966,0.01217468644255527
CIN,RB,catch_rate,98,0.7959183673469388,0.7795584045584045,,269.6993396752406,0.0010484917179406582
CIN,TE,ypt,135,8.459259259259259,7.402552926525529,114.44422332780543,477.88573528846166,0.002517228048063173
CIN,TE,catch_rate,135,0.6962962962962963,0.7238480697384807,,3197.323600121806,0.00011932022655747202
CIN,WR,ypt,232,8.27155172413793,7.8248111244935945,89.16836468129574,512.9979346061339,0.003362458988259805
CIN,WR,catch_rate,232,0.6206896551724138,0.6188547027263769,,592.4406304935924,0.0010395778909722611
CLE,ALL,ypt,465,6.903225806451613,7.319899395173364,79.59190767519476,423.2498391543696,0.00391817122363068
CLE,ALL,catch_rate,465,0.6623655913978495,0.6717168692736092,,320.9784577564491,0.0015226021030540439
CLE,OTHER,ypt,36,9.61111111111111,7.014322916666667,109.84444444444445,71.82482665639307,0.021704806539040153
CLE,OTHER,catch_rate,36,0.75,0.6796875,,111.42454609768586,0.004229448396432637
CLE,RB,ypt,89,4.921348314606742,5.776709401709402,60.323289070480044,155.33379421101966,0.01217468644255527
CLE,RB,catch_rate,89,0.7640449438202247,0.7795584045584045,,269.6993396752406,0.0010484917179406582
CLE,TE,ypt,94,7.0638297872340425,7.402552926525529,61.35072065888812,477.88573528846166,0.002517228048063173
CLE,TE,catch_rate,94,0.7127659574468085,0.7238480697384807,,3197.323600121806,0.00011932022655747202
CLE,WR,ypt,246,7.162601626016261,7.8248111244935945,87.50814667330349,512.9979346061339,0.003362458988259805
CLE,WR,catch_rate,246,0.5934959349593496,0.6188547027263769,,592.4406304935924,0.0010395778909722611
DAL,ALL,ypt,523,8.64435946462715,7.319899395173364,109.0188713801162,423.2498391543696,0.00391817122363068
DAL,ALL,catch_rate,523,0.7284894837476099,0.6717168692736092,,320.9784577564491,0.0015226021030540439
DAL,OTHER,ypt,35,9.2,7.014322916666667,73.45882352941176,71.82482665639307,0.021704806539040153
DAL,OTHER,catch_rate,35,0.8857142857142857,0.6796875,,111.42454609768586,0.004229448396432637
DAL,RB,ypt,99,7.414141414141414,5.776709401709402,64.63285920428778,155.33379421101966,0.01217468644255527
DAL,RB,catch_rate,99,0.8484848484848485,0.7795584045584045,,269.6993396752406,0.0010484917179406582
DAL,TE,ypt,104,7.0673076923076925,7.402552926525529,43.46144510828978,477.88573528846166,0.002517228048063173
DAL,TE,catch_rate,104,0.75,0.7238480697384807,,3197.323600121806,0.00011932022655747202
DAL,WR,ypt,285,9.578947368421053,7.8248111244935945,151.16716085989617,512.9979346061339,0.003362458988259805
DAL,WR,catch_rate,285,0.6596491228070176,0.6188547027263769,,592.4406304935924,0.0010395778909722611
DEN,ALL,ypt,557,6.473967684021544,7.319899395173364,83.82890743060845,423.2498391543696,0.00391817122363068
DEN,ALL,catch_rate,557,0.6157989228007181,0.6717168692736092,,320.9784577564491,0.0015226021030540439
DEN,OTHER,ypt,60,5.583333333333333,7.014322916666667,68.75564971751413,71.82482665639307,0.021704806539040153
DEN,OTHER,catch_rate,60,0.6,0.6796875,,111.42454609768586,0.004229448396432637
DEN,RB,ypt,64,5.40625,5.776709401709402,87.26091269841268,155.33379421101966,0.01217468644255527
DEN,RB,catch_rate,64,0.65625,0.7795584045584045,,269.6993396752406,0.0010484917179406582
DEN,TE,ypt,117,6.931623931623932,7.402552926525529,79.85735337459474,477.88573528846166,0.002517228048063173
DEN,TE,catch_rate,117,0.6495726495726496,0.7238480697384807,,3197.323600121806,0.00011932022655747202
DEN,WR,ypt,316,6.689873417721519,7.8248111244935945,87.7193891902753,512.9979346061339,0.003362458988259805
DEN,WR,catch_rate,316,0.5981012658227848,0.6188547027263769,,592.4406304935924,0.0010395778909722611
DET,ALL,ypt,541,7.44362292051756,7.319899395173364,100.33616759088109,423.2498391543696,0.00391817122363068
DET,ALL,catch_rate,541,0.6321626617375231,0.6717168692736092,,320.9784577564491,0.0015226021030540439
DET,OTHER,ypt,46,6.173913043478261,7.014322916666667,76.23574879227051,71.82482665639307,0.021704806539040153
DET,OTHER,catch_rate,46,0.5652173913043478,0.6796875,,111.42454609768586,0.004229448396432637
DET,RB,ypt,75,5.293333333333333,5.776709401709402,79.50738738738741,155.33379421101966,0.01217468644255527
DET,RB,catch_rate,75,0.76,0.7795584045584045,,269.6993396752406,0.0010484917179406582
DET,TE,ypt,110,7.545454545454546,7.402552926525529,70.94745621351126,477.88573528846166,0.002517228048063173
DET,TE,catch_rate,110,0.6727272727272727,0.7238480697384807,,3197.323600121806,0.00011932022655747202
DET,WR,ypt,310,8.116129032258064,7.8248111244935945,118.35540244284375,512.9979346061339,0.003362458988259805
DET,WR,catch_rate,310,0.5967741935483871,0.6188547027263769,,592.4406304935924,0.0010395778909722611
GB,ALL,ypt,513,6.853801169590644,7.319899395173364,67.89850603070181,423.2498391543696,0.00391817122363068
GB,ALL,catch_rate,513,0.7017543859649122,0.6717168692736092,,320.9784577564491,0.0015226021030540439
GB,OTHER,ypt,52,5.230769230769231,7.014322916666667,46.25942684766213,71.82482665639307,0.021704806539040153
GB,OTHER,catch_rate,52,0.6923076923076923,0.6796875,,111.42454609768586,0.004229448396432637
GB,RB,ypt,91,4.835164835164835,5.776709401709402,45.361416361416374,155.33379421101966,0.01217468644255527
GB,RB,catch_rate,91,0.8131868131868132,0.7795584045584045,,269.6993396752406,0.0010484917179406582
GB,TE,ypt,101,6.415841584158416,7.402552926525529,34.54534653465346,477.88573528846166,0.002517228048063173
GB,TE,catch_rate,101,0.7524752475247525,0.7238480697384807,,3197.323600121806,0.00011932022655747202
GB,WR,ypt,269,8.014869888475836,7.8248111244935945,89.46992731509732,512.9979346061339,0.003362458988259805
GB,WR,catch_rate,269,0.6468401486988847,0.6188547027263769,,592.4406304935924,0.0010395778909722611
HOU,ALL,ypt,512,6.767578125,7.319899395173364,98.04567866316056,423.2498391543696,0.00391817122363068
HOU,ALL,catch_rate,512,0.623046875,0.6717168692736092,,320.9784577564491,0.0015226021030540439
HOU,OTHER,ypt,57,5.859649122807017,7.014322916666667,48.94423558897241,71.82482665639307,0.021704806539040153
HOU,OTHER,catch_rate,57,0.6666666666666666,0.6796875,,111.42454609768586,0.004229448396432637
HOU,RB,ypt,87,5.977011494252873,5.776709401709402,89.37155840684308,155.33379421101966,0.01217468644255527
HOU,RB,catch_rate,87,0.7816091954022989,0.7795584045584045,,269.6993396752406,0.0010484917179406582
HOU,TE,ypt,92,6.293478260869565,7.402552926525529,55.41841853798374,477.88573528846166,0.002517228048063173
HOU,TE,catch_rate,92,0.6956521739130435,0.7238480697384807,,3197.323600121806,0.00011932022655747202
HOU,WR,ypt,275,7.425454545454546,7.8248111244935945,124.48621101526209,512.9979346061339,0.003362458988259805
HOU,WR,catch_rate,275,0.5381818181818182,0.6188547027263769,,592.4406304935924,0.0010395778909722611
IND,ALL,ypt,601,7.424292845257903,7.319899395173364,87.98800887409871,423.2498391543696,0.00391817122363068
IND,ALL,catch_rate,601,0.6605657237936772,0.6717168692736092,,320.9784577564491,0.0015226021030540439
IND,OTHER,ypt,59,6.88135593220339,7.014322916666667,56.62361192285214,71.82482665639307,0.021704806539040153
IND,OTHER,catch_rate,59,0.7627118644067796,0.6796875,,111.42454609768586,0.004229448396432637
IND,RB,ypt,82,4.390243902439025,5.776709401709402,40.438422161999405,155.33379421101966,0.01217468644255527
IND,RB,catch_rate,82,0.7073170731707317,0.7795584045584045,,269.6993396752406,0.0010484917179406582
IND,TE,ypt,114,8.710526315789474,7.402552926525529,81.44643688868184,477.88573528846166,0.002517228048063173
IND,TE,catch_rate,114,0.6842105263157895,0.7238480697384807,,3197.323600121806,0.00011932022655747202
IND,WR,ypt,346,7.812138728323699,7.8248111244935945,104.39648990533631,512.9979346061339,0.003362458988259805
IND,WR,catch_rate,346,0.6242774566473989,0.6188547027263769,,592.4406304935924,0.0010395778909722611
JAX,ALL,ypt,615,6.36260162601626,7.319899395173364,77.71032546807555,423.2498391543696,0.00391817122363068
JAX,ALL,catch_rate,615,0.6439024390243903,0.6717168692736092,,320.9784577564491,0.0015226021030540439
JAX,OTHER,ypt,42,6.5,7.014322916666667,55.52439024390244,71.82482665639307,0.021704806539040153
JAX,OTHER,catch_rate,42,0.6904761904761905,0.6796875,,111.42454609768586,0.004229448396432637
JAX,RB,ypt,98,5.122448979591836,5.776709401709402,43.30443930149378,155.33379421101966,0.01217468644255527
JAX,RB,catch_rate,98,0.7653061224489796,0.7795584045584045,,269.6993396752406,0.0010484917179406582
JAX,TE,ypt,126,6.9603174603174605,7.402552926525529,72.11841269841267,477.88573528846166,0.002517228048063173
JAX,TE,catch_rate,126,0.7222222222222222,0.7238480697384807,,3197.323600121806,0.00011932022655747202
JAX,WR,ypt,349,6.478510028653295,7.8248111244935945,92.01462306096235,512.9979346061339,0.003362458988259805
JAX,WR,catch_rate,349,0.5759312320916905,0.6188547027263769,,592.4406304935924,0.0010395778909722611
KC,ALL,ypt,487,7.15400410677618,7.319899395173364,83.62026685595018,423.2498391543696,0.00391817122363068
KC,ALL,catch_rate,487,0.6981519507186859,0.6717168692736092,,320.9784577564491,0.0015226021030540439
KC,OTHER,ypt,45,9.688888888888888,7.014322916666667,116.40101010101013,71.82482665639307,0.021704806539040153
KC,OTHER,catch_rate,45,0.8,0.6796875,,111.42454609768586,0.004229448396432637
KC,RB,ypt,80,5.85,5.776709401709402,46.98987341772151,155.33379421101966,0.01217468644255527
KC,RB,catch_rate,80,0.8125,0.7795584045584045,,269.6993396752406,0.0010484917179406582
KC,TE,ypt,83,7.63855421686747,7.402552926525529,67.57508081104906,477.88573528846166,0.002517228048063173
KC,TE,catch_rate,83,0.7951807228915663,0.7238480697384807,,3197.323600121806,0.00011932022655747202
KC,WR,ypt,278,7.0,7.8248111244935945,93.00361010830322,512.9979346061339,0.003362458988259805
KC,WR,catch_rate,278,0.6223021582733813,0.6188547027263769,,592.4406304935924,0.0010395778909722611
LA,ALL,ypt,568,7.007042253521127,7.319899395173364,79.0652060511215,423.2498391543696,0.00391817122363068
LA,ALL,catch_rate,568,0.6637323943661971,0.6717168692736092,,320.9784577564491,0.0015226021030540439
LA,OTHER,ypt,45,5.511111111111111,7.014322916666667,30.573737373737377,71.82482665639307,0.021704806539040153
LA,OTHER,catch_rate,45,0.7333333333333333,0.6796875,,111.42454609768586,0.004229448396432637
LA,RB,ypt,98,5.928571428571429,5.776709401709402,61.304123711340196,155.33379421101966,0.01217468644255527
LA,RB,catch_rate,98,0.7346938775510204,0.7795584045584045,,269.6993396752406,0.0010484917179406582
LA,TE,ypt,108,6.333333333333333,7.402552926525529,46.97196261682244,477.88573528846166,0.002517228048063173
LA,TE,catch_rate,108,0.7129629629629629,0.7238480697384807,,3197.323600121806,0.00011932022655747202
LA,WR,ypt,317,7.782334384858044,7.8248111244935945,101.44930719163038,512.9979346061339,0.003362458988259805
LA,WR,catch_rate,317,0.6151419558359621,0.6188547027263769,,592.4406304935924,0.0010395778909722611
LAC,ALL,ypt,483,6.86128364389234,7.319899395173364,86.61764731149538,423.2498391543696,0.00391817122363068
LAC,ALL,catch_rate,483,0.6356107660455487,0.6717168692736092,,320.9784577564491,0.0015226021030540439
LAC,OTHER,ypt,38,6.526315789473684,7.014322916666667,71.06685633001423,71.82482665639307,0.021704806539040153
LAC,OTHER,catch_rate,38,0.631578947368421,0.6796875,,111.42454609768586,0.004229448396432637
LAC,RB,ypt,80,4.7125,5.776709401709402,38.05553797468355,155.33379421101966,0.01217468644255527
LAC,RB,catch_rate,80,0.6875,0.7795584045584045,,269.6993396752406,0.0010484917179406582
LAC,TE,ypt,82,7.975609756097561,7.402552926525529,66.64137308039747,477.88573528846166,0.002517228048063173
LAC,TE,catch_rate,82,0.7560975609756098,0.7238480697384807,,3197.323600121806,0.00011932022655747202
LAC,WR,ypt,283,7.190812720848056,7.8248111244935945,107.12658196125606,512.9979346061339,0.003362458988259805
LAC,WR,catch_rate,283,0.5865724381625441,0.6188547027263769,,592.4406304935924,0.0010395778909722611
LV,ALL,ypt,507,7.187376725838265,7.319899395173364,90.0972316423821,423.2498391543696,0.00391817122363068
LV,ALL,catch_rate,507,0.7080867850098619,0.6717168692736092,,320.9784577564491,0.0015226021030540439
LV,OTHER,ypt,61,6.639344262295082,7.014322916666667,59.56775956284153,71.82482665639307,0.021704806539040153
LV,OTHER,catch_rate,61,0.7377049180327869,0.6796875,,111.42454609768586,0.004229448396432637
LV,RB,ypt,77,4.766233766233766,5.776709401709402,69.70779220779221,155.33379421101966,0.01217468644255527
LV,RB,catch_rate,77,0.8181818181818182,0.7795584045584045,,269.6993396752406,0.0010484917179406582
LV,TE,ypt,79,6.860759493670886,7.402552926525529,75.07010710808179,477.88573528846166,0.002517228048063173
LV,TE,catch_rate,79,0.6835443037974683,0.7238480697384807,,3197.323600121806,0.00011932022655747202
LV,WR,ypt,289,8.055363321799309,7.8248111244935945,104.64970203767783,512.9979346061339,0.003362458988259805
LV,WR,catch_rate,289,0.6782006920415224,0.6188547027263769,,592.4406304935924,0.0010395778909722611
MIA,ALL,ypt,500,7.818,7.319899395173364,75.22733066132263,423.2498391543696,0.00391817122363068
MIA,ALL,catch_rate,500,0.742,0.6717168692736092,,320.9784577564491,0.0015226021030540439
MIA,OTHER,ypt,75,8.746666666666666,7.014322916666667,93.29981981981982,71.82482665639307,0.021704806539040153
MIA,OTHER,catch_rate,75,0.76,0.6796875,,111.42454609768586,0.004229448396432637
MIA,RB,ypt,90,6.622222222222222,5.776709401709402,50.50736579275907,155.33379421101966,0.01217468644255527
MIA,RB,catch_rate,90,0.8888888888888888,0.7795584045584045,,269.6993396752406,0.0010484917179406582
MIA,TE,ypt,110,7.5636363636363635,7.402552926525529,49.2390325271059,477.88573528846166,0.002517228048063173
MIA,TE,catch_rate,110,0.7454545454545455,0.7238480697384807,,3197.323600121806,0.00011932022655747202
MIA,WR,ypt,225,8.11111111111111,7.8248111244935945,91.75099206349212,512.9979346061339,0.003362458988259805
MIA,WR,catch_rate,225,0.6755555555555556,0.6188547027263769,,592.4406304935924,0.0010395778909722611
MIN,ALL,ypt,426,7.065727699530516,7.319899395173364,92.29214029273689,423.2498391543696,0.00391817122363068
MIN,ALL,catch_rate,426,0.6549295774647887,0.6717168692736092,,320.9784577564491,0.0015226021030540439
MIN,OTHER,ypt,35,5.828571428571428,7.014322916666667,63.734453781512606,71.82482665639307,0.021704806539040153
MIN,OTHER,catch_rate,35,0.6,0.6796875,,111.42454609768586,0.004229448396432637
MIN,RB,ypt,69,4.594202898550725,5.776709401709402,27.215260017050298,155.33379421101966,0.01217468644255527
MIN,RB,catch_rate,69,0.7681159420289855,0.7795584045584045,,269.6993396752406,0.0010484917179406582
MIN,TE,ypt,87,6.988505747126437,7.402552926525529,59.89521518310611,477.88573528846166,0.002517228048063173
MIN,TE,catch_rate,87,0.735632183908046,0.7238480697384807,,3197.323600121806,0.00011932022655747202
MIN,WR,ypt,235,8.004255319148935,7.8248111244935945,125.52562284051653,512.9979346061339,0.003362458988259805
MIN,WR,catch_rate,235,0.6,0.6188547027263769,,592.4406304935924,0.0010395778909722611
NE,ALL,ypt,505,6.920792079207921,7.319899395173364,67.52942794279427,423.2498391543696,0.00391817122363068
NE,ALL,catch_rate,505,0.693069306930693,0.6717168692736092,,320.9784577564491,0.0015226021030540439
NE,OTHER,ypt,52,6.673076923076923,7.014322916666667,47.20475113122173,71.82482665639307,0.021704806539040153
NE,OTHER,catch_rate,52,0.6730769230769231,0.6796875,,111.42454609768586,0.004229448396432637
NE,RB,ypt,97,5.061855670103093,5.776709401709402,37.57946735395189,155.33379421101966,0.01217468644255527
NE,RB,catch_rate,97,0.8350515463917526,0.7795584045584045,,269.6993396752406,0.0010484917179406582
NE,TE,ypt,113,7.185840707964601,7.402552926525529,58.81336915297093,477.88573528846166,0.002517228048063173
NE,TE,catch_rate,113,0.6991150442477876,0.7238480697384807,,3197.323600121806,0.00011932022655747202
NE,WR,ypt,242,7.62396694214876,7.8248111244935945,86.79992112753341,512.9979346061339,0.003362458988259805
NE,WR,catch_rate,242,0.640495867768595,0.6188547027263769,,592.4406304935924,0.0010395778909722611
NO,ALL,ypt,462,7.220779220779221,7.319899395173364,86.93162802490352,423.2498391543696,0.00391817122363068
NO,ALL,catch_rate,462,0.6753246753246753,0.6717168692736092,,320.9784577564491,0.0015226021030540439
NO,OTHER,ypt,44,8.068181818181818,7.014322916666667,69.18128964059197,71.82482665639307,0.021704806539040153
NO,OTHER,catch_rate,44,0.75,0.6796875,,111.42454609768586,0.004229448396432637
NO,RB,ypt,67,5.686567164179104,5.776709401709402,49.18815015829941,155.33379421101966,0.01217468644255527
NO,RB,catch_rate,67,0.8059701492537313,0.7795584045584045,,269.6993396752406,0.0010484917179406582
NO,TE,ypt,93,6.602150537634409,7.402552926525529,66.58999532491819,477.88573528846166,0.002517228048063173
NO,TE,catch_rate,93,0.7096774193548387,0.7238480697384807,,3197.323600121806,0.00011932022655747202
NO,WR,ypt,258,7.6976744186046515,7.8248111244935945,106.78762102977103,512.9979346061339,0.003362458988259805
NO,WR,catch_rate,258,0.6162790697674418,0.6188547027263769,,592.4406304935924,0.0010395778909722611
NYG,ALL,ypt,531,7.3596986817325805,7.319899395173364,86.99301424865864,423.2498391543696,0.00391817122363068
NYG,ALL,catch_rate,531,0.6741996233521658,0.6717168692736092,,320.9784577564491,0.0015226021030540439
NYG,OTHER,ypt,44,6.181818181818182,7.014322916666667,60.338266384778,71.82482665639307,0.021704806539040153
NYG,OTHER,catch_rate,44,0.6136363636363636,0.6796875,,111.42454609768586,0.004229448396432637
NYG,RB,ypt,92,5.478260869565218,5.776709401709402,48.494027711418994,155.33379421101966,0.01217468644255527
NYG,RB,catch_rate,92,0.8152173913043478,0.7795584045584045,,269.6993396752406,0.0010484917179406582
NYG,TE,ypt,92,7.619565217391305,7.402552926525529,72.15038222646919,477.88573528846166,0.002517228048063173
NYG,TE,catch_rate,92,0.75,0.7238480697384807,,3197.323600121806,0.00011932022655747202
NYG,WR,ypt,302,8.049668874172186,7.8248111244935945,106.12044839497482,512.9979346061339,0.003362458988259805
NYG,WR,catch_rate,302,0.6158940397350994,0.6188547027263769,,592.4406304935924,0.0010395778909722611
NYJ,ALL,ypt,493,7.807302231237323,7.319899395173364,86.94449941456821,423.2498391543696,0.00391817122363068
NYJ,ALL,catch_rate,493,0.6815415821501014,0.6717168692736092,,320.9784577564491,0.0015226021030540439
NYJ,OTHER,ypt,54,7.333333333333333,7.014322916666667,65.24528301886791,71.82482665639307,0.021704806539040153
NYJ,OTHER,catch_rate,54,0.6851851851851852,0.6796875,,111.42454609768586,0.004229448396432637
NYJ,RB,ypt,78,7.051282051282051,5.776709401709402,92.25707625707628,155.33379421101966,0.01217468644255527
NYJ,RB,catch_rate,78,0.7564102564102564,0.7795584045584045,,269.6993396752406,0.0010484917179406582
NYJ,TE,ypt,92,7.880434782608695,7.402552926525529,65.8646679407549,477.88573528846166,0.002517228048063173
NYJ,TE,catch_rate,92,0.75,0.7238480697384807,,3197.323600121806,0.00011932022655747202
NYJ,WR,ypt,269,8.096654275092936,7.8248111244935945,97.54286189868506,512.9979346061339,0.003362458988259805
NYJ,WR,catch_rate,269,0.6356877323420075,0.6188547027263769,,592.4406304935924,0.0010395778909722611
PHI,ALL,ypt,516,6.695736434108527,7.319899395173364,108.20044780612625,423.2498391543696,0.00391817122363068
PHI,ALL,catch_rate,516,0.5988372093023255,0.6717168692736092,,320.9784577564491,0.0015226021030540439
PHI,OTHER,ypt,38,6.342105263157895,7.014322916666667,94.98790896159316,71.82482665639307,0.021704806539040153
PHI,OTHER,catch_rate,38,0.6052631578947368,0.6796875,,111.42454609768586,0.004229448396432637
PHI,RB,ypt,84,7.214285714285714,5.776709401709402,143.71256454388984,155.33379421101966,0.01217468644255527
PHI,RB,catch_rate,84,0.7261904761904762,0.7795584045584045,,269.6993396752406,0.0010484917179406582
PHI,TE,ypt,86,4.976744186046512,7.402552926525529,39.62298221614226,477.88573528846166,0.002517228048063173
PHI,TE,catch_rate,86,0.6511627906976745,0.7238480697384807,,3197.323600121806,0.00011932022655747202
PHI,WR,ypt,308,7.077922077922078,7.8248111244935945,119.17306146622111,512.9979346061339,0.003362458988259805
PHI,WR,catch_rate,308,0.5487012987012987,0.6188547027263769,,592.4406304935924,0.0010395778909722611
PIT,ALL,ypt,589,7.5212224108658745,7.319899395173364,93.3009944215377,423.2498391543696,0.00391817122363068
PIT,ALL,catch_rate,589,0.6723259762308998,0.6717168692736092,,320.9784577564491,0.0015226021030540439
PIT,OTHER,ypt,52,7.230769230769231,7.014322916666667,59.78883861236801,71.82482665639307,0.021704806539040153
PIT,OTHER,catch_rate,52,0.75,0.6796875,,111.42454609768586,0.004229448396432637
PIT,RB,ypt,96,5.4375,5.776709401709402,43.19605263157895,155.33379421101966,0.01217468644255527
PIT,RB,catch_rate,96,0.78125,0.7795584045584045,,269.6993396752406,0.0010484917179406582
PIT,TE,ypt,111,7.864864864864865,7.402552926525529,80.2997542997543,477.88573528846166,0.002517228048063173
PIT,TE,catch_rate,111,0.7297297297297297,0.7238480697384807,,3197.323600121806,0.00011932022655747202
PIT,WR,ypt,330,8.057575757575757,7.8248111244935945,116.552905959289,512.9979346061339,0.003362458988259805
PIT,WR,catch_rate,330,0.6090909090909091,0.6188547027263769,,592.4406304935924,0.0010395778909722611
SEA,ALL,ypt,579,6.2504317789291886,7.319899395173364,76.06693320424787,423.2498391543696,0.00391817122363068
SEA,ALL,catch_rate,579,0.6476683937823834,0.6717168692736092,,320.9784577564491,0.0015226021030540439
SEA,OTHER,ypt,51,6.411764705882353,7.014322916666667,76.68705882352944,71.82482665639307,0.021704806539040153
SEA,OTHER,catch_rate,51,0.5686274509803921,0.6796875,,111.42454609768586,0.004229448396432637
SEA,RB,ypt,120,4.941666666666666,5.776709401709402,62.37471988795521,155.33379421101966,0.01217468644255527
SEA,RB,catch_rate,120,0.775,0.7795584045584045,,269.6993396752406,0.0010484917179406582
SEA,TE,ypt,128,7.515625,7.402552926525529,61.9210137795276,477.88573528846166,0.002517228048063173
SEA,TE,catch_rate,128,0.734375,0.7238480697384807,,3197.323600121806,0.00011932022655747202
SEA,WR,ypt,280,6.203571428571428,7.8248111244935945,87.57489759344597,512.9979346061339,0.003362458988259805
SEA,WR,catch_rate,280,0.5678571428571428,0.6188547027263769,,592.4406304935924,0.0010395778909722611
SF,ALL,ypt,566,7.245583038869258,7.319899395173364,78.77321054441968,423.2498391543696,0.00391817122363068
SF,ALL,catch_rate,566,0.7031802120141343,0.6717168692736092,,320.9784577564491,0.0015226021030540439
SF,OTHER,ypt,60,7.25,7.014322916666667,80.46186440677968,71.82482665639307,0.021704806539040153
SF,OTHER,catch_rate,60,0.7333333333333333,0.6796875,,111.42454609768586,0.004229448396432637
SF,RB,ypt,111,5.252252252252252,5.776709401709402,42.77215397215397,155.33379421101966,0.01217468644255527
SF,RB,catch_rate,111,0.8288288288288288,0.7795584045584045,,269.6993396752406,0.0010484917179406582
SF,TE,ypt,119,6.739495798319328,7.402552926525529,64.2112234724398,477.88573528846166,0.002517228048063173
SF,TE,catch_rate,119,0.680672268907563,0.7238480697384807,,3197.323600121806,0.00011932022655747202
SF,WR,ypt,276,8.264492753623188,7.8248111244935945,97.16251646903822,512.9979346061339,0.003362458988259805
SF,WR,catch_rate,276,0.6557971014492754,0.6188547027263769,,592.4406304935924,0.0010395778909722611
TB,ALL,ypt,550,7.874545454545455,7.319899395173364,96.31027984765691,423.2498391543696,0.00391817122363068
TB,ALL,catch_rate,550,0.6890909090909091,0.6717168692736092,,320.9784577564491,0.0015226021030540439
TB,OTHER,ypt,46,7.239130434782608,7.014322916666667,128.80821256038647,71.82482665639307,0.021704806539040153
TB,OTHER,catch_rate,46,0.5652173913043478,0.6796875,,111.42454609768586,0.004229448396432637
TB,RB,ypt,91,9.351648351648352,5.776709401709402,110.0527472527473,155.33379421101966,0.01217468644255527
TB,RB,catch_rate,91,0.8571428571428571,0.7795584045584045,,269.6993396752406,0.0010484917179406582
TB,TE,ypt,102,7.921568627450981,7.402552926525529,46.29081731702583,477.88573528846166,0.002517228048063173
TB,TE,catch_rate,102,0.8137254901960784,0.7238480697384807,,3197.323600121806,0.00011932022655747202
TB,WR,ypt,310,7.564516129032258,7.8248111244935945,103.74825138323406,512.9979346061339,0.003362458988259805
TB,WR,catch_rate,310,0.6161290322580645,0.6188547027263769,,592.4406304935924,0.0010395778909722611
TEN,ALL,ypt,493,8.561866125760648,7.319899395173364,110.18163228285432,423.2498391543696,0.00391817122363068
TEN,ALL,catch_rate,493,0.718052738336714,0.6717168692736092,,320.9784577564491,0.0015226021030540439
TEN,OTHER,ypt,42,4.095238095238095,7.014322916666667,23.8931475029036,71.82482665639307,0.021704806539040153
TEN,OTHER,catch_rate,42,0.6904761904761905,0.6796875,,111.42454609768586,0.004229448396432637
TEN,RB,ypt,69,6.2898550724637685,5.776709401709402,94.00298380221656,155.33379421101966,0.01217468644255527
TEN,RB,catch_rate,69,0.7536231884057971,0.7795584045584045,,269.6993396752406,0.0010484917179406582
TEN,TE,ypt,101,8.485148514851485,7.402552926525529,69.97227722772276,477.88573528846166,0.002517228048063173
TEN,TE,catch_rate,101,0.7722772277227723,0.7238480697384807,,3197.323600121806,0.00011932022655747202
TEN,WR,ypt,281,9.814946619217082,7.8248111244935945,136.44420437214043,512.9979346061339,0.003362458988259805
TEN,WR,catch_rate,281,0.693950177935943,0.6188547027263769,,592.4406304935924,0.0010395778909722611
WAS,ALL,ypt,514,8.503891050583658,7.319899395173364,122.93273336822381,423.2498391543696,0.00391817122363068
WAS,ALL,catch_rate,514,0.6809338521400778,0.6717168692736092,,320.9784577564491,0.0015226021030540439
WAS,OTHER,ypt,54,11.092592592592593,7.014322916666667,226.65164220824605,71.82482665639307,0.021704806539040153
WAS,OTHER,catch_rate,54,0.7037037037037037,0.6796875,,111.42454609768586,0.004229448396432637
WAS,RB,ypt,78,6.884615384615385,5.776709401709402,128.3111888111888,155.33379421101966,0.01217468644255527
WAS,RB,catch_rate,78,0.7051282051282052,0.7795584045584045,,269.6993396752406,0.0010484917179406582
WAS,TE,ypt,81,9.037037037037036,7.402552926525529,120.33611111111108,477.88573528846166,0.002517228048063173
WAS,TE,catch_rate,81,0.7530864197530864,0.7238480697384807,,3197.323600121806,0.00011932022655747202
WAS,WR,ypt,301,8.315614617940199,7.8248111244935945,103.1500553709856,512.9979346061339,0.003362458988259805
WAS,WR,catch_rate,301,0.6511627906976745,0.6188547027263769,,592.4406304935924,0.0010395778909722611
ARI,ALL,ypc,456,4.828947368421052,4.512253521126761,40.25199537304802,386.43706062460114,0.005028533184712114
ARI,OTHER,ypc,26,3.423076923076923,4.113737075332349,12.973846153846152,1000000000.0,0.0
ARI,QB,ypc,37,5.8108108108108105,5.650421179302046,42.824324324324316,108.67778512200414,0.01001320836895694
ARI,RB,ypc,383,4.804177545691906,4.362080944936599,42.11600344483478,494.5229570280688,0.004312059249410345
ATL,ALL,ypc,457,4.715536105032823,4.512253521126761,42.67328880187337,386.43706062460114,0.005028533184712114
ATL,OTHER,ypc,36,3.9722222222222223,4.113737075332349,30.37063492063492,1000000000.0,0.0
ATL,QB,ypc,56,6.321428571428571,5.650421179302046,44.003896103896096,108.67778512200414,0.01001320836895694
ATL,RB,ypc,357,4.546218487394958,4.362080944936599,43.771032008308914,494.5229570280688,0.004312059249410345
BAL,ALL,ypc,419,4.37708830548926,4.512253521126761,39.5464594443366,386.43706062460114,0.005028533184712114
BAL,OTHER,ypc,24,4.583333333333333,4.113737075332349,28.340579710144926,1000000000.0,0.0
BAL,QB,ypc,55,4.781818181818182,5.650421179302046,42.06262626262627,108.67778512200414,0.01001320836895694
BAL,RB,ypc,328,4.182926829268292,4.362080944936599,38.37010516894162,494.5229570280688,0.004312059249410345
BUF,ALL,ypc,445,5.213483146067416,4.512253521126761,72.47909707460268,386.43706062460114,0.005028533184712114
BUF,OTHER,ypc,36,3.9444444444444446,4.113737075332349,14.568253968253972,1000000000.0,0.0
BUF,QB,ypc,47,7.808510638297872,5.650421179302046,35.810360777058285,108.67778512200414,0.01001320836895694
BUF,RB,ypc,341,5.102639296187683,4.362080944936599,85.38061066068651,494.5229570280688,0.004312059249410345
BUF,WR,ypc,20,3.5,5.149659863945578,28.36842105263158,1000000000.0,0.0
CAR,ALL,ypc,463,4.568034557235421,4.512253521126761,44.45369461352179,386.43706062460114,0.005028533184712114
CAR,OTHER,ypc,25,4.12,4.113737075332349,22.193333333333328,1000000000.0,0.0
CAR,QB,ypc,50,5.3,5.650421179302046,39.31632653061225,108.67778512200414,0.01001320836895694
CAR,RB,ypc,380,4.5473684210526315,4.362080944936599,47.21410915150666,494.5229570280688,0.004312059249410345
CHI,ALL,ypc,452,5.070796460176991,4.512253521126761,45.55151776779231,386.43706062460114,0.005028533184712114
CHI,OTHER,ypc,31,4.290322580645161,4.113737075332349,40.812903225806444,1000000000.0,0.0
CHI,QB,ypc,40,7.375,5.650421179302046,44.240384615384606,108.67778512200414,0.01001320836895694
CHI,RB,ypc,361,4.886426592797784,4.362080944936599,47.56762080640199,494.5229570280688,0.004312059249410345
CIN,ALL,ypc,464,5.420258620689655,4.512253521126761,45.54870317271167,386.43706062460114,0.005028533184712114
CIN,OTHER,ypc,20,4.7,4.113737075332349,22.536842105263155,1000000000.0,0.0
CIN,QB,ypc,53,6.30188679245283,5.650421179302046,43.63788098693759,108.67778512200414,0.01001320836895694
CIN,RB,ypc,379,5.192612137203167,4.362080944936599,46.43105638620154,494.5229570280688,0.004312059249410345
CLE,ALL,ypc,454,4.400881057268722,4.512253521126761,51.097217765070894,386.43706062460114,0.005028533184712114
CLE,QB,ypc,42,5.095238095238095,5.650421179302046,33.94192799070848,108.67778512200414,0.01001320836895694
CLE,RB,ypc,382,4.219895287958115,4.362080944936599,50.89640103887539,494.5229570280688,0.004312059249410345
DAL,ALL,ypc,434,4.960829493087558,4.512253521126761,47.663589148689326,386.43706062460114,0.005028533184712114
DAL,QB,ypc,68,6.0,5.650421179302046,39.880597014925364,108.67778512200414,0.01001320836895694
DAL,RB,ypc,339,4.722713864306785,4.362080944936599,49.218742909008434,494.5229570280688,0.004312059249410345
DEN,ALL,ypc,397,3.906801007556675,4.512253521126761,31.796847568887873,386.43706062460114,0.005028533184712114
DEN,OTHER,ypc,22,4.2272727272727275,4.113737075332349,33.99350649350649,1000000000.0,0.0
DEN,QB,ypc,56,4.142857142857143,5.650421179302046,23.94285714285715,108.67778512200414,0.01001320836895694
DEN,RB,ypc,309,3.9093851132686086,4.362080944936599,33.64111293237509,494.5229570280688,0.004312059249410345
DET,ALL,ypc,431,4.556844547563805,4.512253521126761,37.21013327577833,386.43706062460114,0.005028533184712114
DET,QB,ypc,53,4.490566037735849,5.650421179302046,19.447024673439767,108.67778512200414,0.01001320836895694
DET,RB,ypc,347,4.296829971181556,4.362080944936599,30.579267378521095,494.5229570280688,0.004312059249410345
GB,ALL,ypc,473,4.241014799154334,4.512253521126761,24.437551510373734,386.43706062460114,0.005028533184712114
GB,OTHER,ypc,25,4.48,4.113737075332349,28.51,1000000000.0,0.0
GB,QB,ypc,38,4.7105263157894735,5.650421179302046,21.508534850640114,108.67778512200414,0.01001320836895694
GB,RB,ypc,400,4.1975,4.362080944936599,24.42956766917293,494.5229570280688,0.004312059249410345
HOU,ALL,ypc,394,4.058375634517766,4.512253521126761,29.703962749124912,386.43706062460114,0.005028533184712114
HOU,QB,ypc,46,7.391304347826087,5.650421179302046,48.199033816425114,108.67778512200414,0.01001320836895694
HOU,RB,ypc,331,3.716012084592145,4.362080944936599,25.694864048338367,494.5229570280688,0.004312059249410345
IND,ALL,ypc,437,3.9839816933638446,4.512253521126761,25.098366678563195,386.43706062460114,0.005028533184712114
IND,OTHER,ypc,30,4.166666666666667,4.113737075332349,23.31609195402299,1000000000.0,0.0
IND,QB,ypc,48,4.208333333333333,5.650421179302046,18.210992907801423,108.67778512200414,0.01001320836895694
IND,RB,ypc,346,3.9653179190751446,4.362080944936599,26.47415598559104,494.5229570280688,0.004312059249410345
JAX,ALL,ypc,359,4.086350974930362,4.512253521126761,22.553975194908254,386.43706062460114,0.005028533184712114
JAX,QB,ypc,44,6.2272727272727275,5.650421179302046,23.528541226215644,108.67778512200414,0.01001320836895694
JAX,RB,ypc,293,3.9044368600682593,4.362080944936599,21.888096685212023,494.5229570280688,0.004312059249410345
KC,ALL,ypc,433,4.184757505773672,4.512253521126761,32.118563424856745,386.43706062460114,0.005028533184712114
KC,QB,ypc,66,4.954545454545454,5.650421179302046,25.336363636363647,108.67778512200414,0.01001320836895694
KC,RB,ypc,346,4.057803468208093,4.362080944936599,33.602446175756064,494.5229570280688,0.004312059249410345
LA,ALL,ypc,432,4.375,4.512253521126761,43.640951276102086,386.43706062460114,0.005028533184712114
LA,OTHER,ypc,22,5.2727272727272725,4.113737075332349,49.922077922077925,1000000000.0,0.0
LA,QB,ypc,44,4.886363636363637,5.650421179302046,28.754228329809717,108.67778512200414,0.01001320836895694
LA,RB,ypc,346,4.254335260115607,4.362080944936599,45.20469129597051,494.5229570280688,0.004312059249410345
LAC,ALL,ypc,406,4.428571428571429,4.512253521126761,36.91710758377423,386.43706062460114,0.005028533184712114
LAC,QB,ypc,61,5.180327868852459,5.650421179302046,27.68360655737705,108.67778512200414,0.01001320836895694
LAC,RB,ypc,325,4.32,4.362080944936599,40.19358024691358,494.5229570280688,0.004312059249410345
LV,ALL,ypc,492,4.07520325203252,4.512253521126761,34.75400708691406,386.43706062460114,0.005028533184712114
LV,OTHER,ypc,37,3.918918918918919,4.113737075332349,21.798798798798803,1000000000.0,0.0
LV,QB,ypc,63,4.222222222222222,5.650421179302046,24.94982078853047,108.67778512200414,0.01001320836895694
LV,RB,ypc,383,4.049608355091384,4.362080944936599,38.178160840977114,494.5229570280688,0.004312059249410345
MIA,ALL,ypc,461,4.908893709327549,4.512253521126761,56.17429029519948,386.43706062460114,0.005028533184712114
MIA,OTHER,ypc,34,3.8529411764705883,4.113737075332349,17.583778966131902,1000000000.0,0.0
MIA,QB,ypc,61,5.983606557377049,5.650421179302046,69.2497267759563,108.67778512200414,0.01001320836895694
MIA,RB,ypc,359,4.844011142061281,4.362080944936599,58.24934252501522,494.5229570280688,0.004312059249410345
MIN,ALL,ypc,521,4.072936660268714,4.512253521126761,23.517746936364976,386.43706062460114,0.005028533184712114
MIN,OTHER,ypc,24,3.625,4.113737075332349,17.461956521739133,1000000000.0,0.0
MIN,QB,ypc,46,5.3478260869565215,5.650421179302046,26.187439613526568,108.67778512200414,0.01001320836895694
MIN,RB,ypc,442,3.9570135746606336,4.362080944936599,23.787263623398083,494.5229570280688,0.004312059249410345
NE,ALL,ypc,404,4.297029702970297,4.512253521126761,31.509569319214815,386.43706062460114,0.005028533184712114
NE,OTHER,ypc,22,5.318181818181818,4.113737075332349,79.27489177489176,1000000000.0,0.0
NE,QB,ypc,48,5.833333333333333,5.650421179302046,24.099290780141846,108.67778512200414,0.01001320836895694
NE,RB,ypc,319,3.8934169278996866,4.362080944936599,28.648981684115075,494.5229570280688,0.004312059249410345
NO,ALL,ypc,498,4.160642570281125,4.512253521126761,28.714584696936637,386.43706062460114,0.005028533184712114
NO,OTHER,ypc,23,2.9130434782608696,4.113737075332349,7.173913043478262,1000000000.0,0.0
NO,QB,ypc,52,5.865384615384615,5.650421179302046,38.86387631975867,108.67778512200414,0.01001320836895694
NO,RB,ypc,416,4.048076923076923,4.362080944936599,28.412140871177048,494.5229570280688,0.004312059249410345
NYG,ALL,ypc,443,5.6275395033860045,4.512253521126761,69.77724890963502,386.43706062460114,0.005028533184712114
NYG,OTHER,ypc,21,6.0476190476190474,4.113737075332349,45.74761904761905,1000000000.0,0.0
NYG,QB,ypc,62,6.145161290322581,5.650421179302046,38.9785827604442,108.67778512200414,0.01001320836895694
NYG,RB,ypc,355,5.509859154929577,4.362080944936599,76.13761438688637,494.5229570280688,0.004312059249410345
NYJ,ALL,ypc,511,4.688845401174168,4.512253521126761,41.4578949387974,386.43706062460114,0.005028533184712114
NYJ,OTHER,ypc,33,3.9393939393939394,4.113737075332349,16.433712121212125,1000000000.0,0.0
NYJ,QB,ypc,45,7.622222222222222,5.650421179302046,64.51313131313128,108.67778512200414,0.01001320836895694
NYJ,RB,ypc,416,4.4326923076923075,4.362080944936599,40.24124189063945,494.5229570280688,0.004312059249410345
PHI,ALL,ypc,484,4.390495867768595,4.512253521126761,24.0811517204798,386.43706062460114,0.005028533184712114
PHI,OTHER,ypc,25,4.44,4.113737075332349,22.923333333333332,1000000000.0,0.0
PHI,QB,ypc,56,5.875,5.650421179302046,24.29318181818182,108.67778512200414,0.01001320836895694
PHI,RB,ypc,390,4.174358974358975,4.362080944936599,24.283145474919273,494.5229570280688,0.004312059249410345
PIT,ALL,ypc,443,4.381489841986456,4.512253521126761,35.03286926856174,386.43706062460114,0.005028533184712114
PIT,QB,ypc,53,5.037735849056604,5.650421179302046,19.07547169811321,108.67778512200414,0.01001320836895694
PIT,RB,ypc,371,4.296495956873315,4.362080944936599,38.07401471552416,494.5229570280688,0.004312059249410345
SEA,ALL,ypc,411,3.8223844282238444,4.512253521126761,25.736668446976452,386.43706062460114,0.005028533184712114
SEA,QB,ypc,50,6.0,5.650421179302046,27.346938775510203,108.67778512200414,0.01001320836895694
SEA,RB,ypc,350,3.5342857142857143,4.362080944936599,24.6220302906263,494.5229570280688,0.004312059249410345
SF,ALL,ypc,416,4.4326923076923075,4.512253521126761,27.152085264133486,386.43706062460114,0.005028533184712114
SF,QB,ypc,51,4.588235294117647,5.650421179302046,16.08705882352941,108.67778512200414,0.01001320836895694
SF,RB,ypc,353,4.447592067988668,4.362080944936599,28.9525012876642,494.5229570280688,0.004312059249410345
TB,ALL,ypc,386,4.38860103626943,4.512253521126761,63.474571024830105,386.43706062460114,0.005028533184712114
TB,QB,ypc,63,5.714285714285714,5.650421179302046,38.304147465437794,108.67778512200414,0.01001320836895694
TB,RB,ypc,306,4.359477124183006,4.362080944936599,64.57199185685208,494.5229570280688,0.004312059249410345
TEN,ALL,ypc,434,4.543778801843318,4.512253521126761,58.091612477517224,386.43706062460114,0.005028533184712114
TEN,QB,ypc,60,5.633333333333334,5.650421179302046,36.778531073446324,108.67778512200414,0.01001320836895694
TEN,RB,ypc,355,4.323943661971831,4.362080944936599,59.54730643749504,494.5229570280688,0.004312059249410345
WAS,ALL,ypc,490,4.955102040816326,4.512253521126761,33.85074078711241,386.43706062460114,0.005028533184712114
WAS,OTHER,ypc,23,4.086956521739131,4.113737075332349,15.355731225296443,1000000000.0,0.0
WAS,QB,ypc,48,7.0625,5.650421179302046,60.740691489361694,108.67778512200414,0.01001320836895694
WAS,RB,ypc,406,4.704433497536946,4.362080944936599,32.02106671531957,494.5229570280688,0.004312059249410345
