season,week,team,player_id,slot
2025,1,ARI,00-0033553,RB1
2025,1,ARI,00-0033891,WR3
2025,1,ARI,00-0035228,QB1
2025,1,ARI,00-0037744,TE1
2025,1,ARI,00-0038559,WR2
2025,1,ARI,00-0039849,WR1
2025,1,ARI,00-0039921,RB2
2025,1,ATL,00-0034407,WR3
2025,1,ATL,00-0036309,WR2
2025,1,ATL,00-0036970,TE1
2025,1,ATL,00-0037238,WR1
2025,1,ATL,00-0037263,RB2
2025,1,ATL,00-0038542,RB1
2025,1,ATL,00-0039917,QB1
2025,1,BAL,00-0030564,WR3
2025,1,BAL,00-0032764,RB1
2025,1,BAL,00-0034753,TE1
2025,1,BAL,00-0034796,QB1
2025,1,BAL,00-0034975,RB2
2025,1,BAL,00-0036550,WR2
2025,1,BAL,00-0039064,WR1
2025,1,BUF,00-0034857,QB1
2025,1,BUF,00-0036988,WR3
2025,1,BUF,00-0037248,RB1
2025,1,BUF,00-0037261,WR1
2025,1,BUF,00-0038933,TE1
2025,1,BUF,00-0039875,RB2
2025,1,BUF,00-0039901,WR2
2025,1,CAR,00-0034983,WR3
2025,1,CAR,00-0036139,RB2
2025,1,CAR,00-0036555,RB1
2025,1,CAR,00-0039150,QB1
2025,1,CAR,00-0039342,WR2
2025,1,CAR,00-0039356,TE1
2025,1,CAR,00-0040124,WR1
2025,1,CHI,00-0034827,WR1
2025,1,CHI,00-0036275,RB1
2025,1,CHI,00-0039021,RB2
2025,1,CHI,00-0039918,QB1
2025,1,CHI,00-0039919,WR2
2025,1,CHI,00-0040126,TE1
2025,1,CHI,00-0040735,WR3
2025,1,CIN,00-0033526,RB2
2025,1,CIN,00-0034829,TE1
2025,1,CIN,00-0036410,WR2
2025,1,CIN,00-0036442,QB1
2025,1,CIN,00-0036900,WR1
2025,1,CIN,00-0038597,RB1
2025,1,CIN,00-0038619,WR3
2025,1,CLE,00-0026158,QB1
2025,1,CLE,00-0033885,TE1
2025,1,CLE,00-0036407,WR1
2025,1,CLE,00-0037267,RB1
2025,1,CLE,00-0038979,WR2
2025,1,CLE,00-0039379,WR3
2025,1,CLE,00-0040162,RB2
2025,1,DAL,00-0033077,QB1
2025,1,DAL,00-0035243,RB2
2025,1,DAL,00-0036358,WR1
2025,1,DAL,00-0036997,RB1
2025,1,DAL,00-0037247,WR2
2025,1,DAL,00-0037666,WR3
2025,1,DAL,00-0038041,TE1
2025,1,DEN,00-0033881,TE1
2025,1,DEN,00-0034348,WR1
2025,1,DEN,00-0036158,RB1
2025,1,DEN,00-0038976,WR2
2025,1,DEN,00-0039732,QB1
2025,1,DEN,00-0039868,WR3
2025,1,DEN,00-0040730,RB2
2025,1,DET,00-0032464,WR3
2025,1,DET,00-0033106,QB1
2025,1,DET,00-0035685,RB2
2025,1,DET,00-0036963,WR1
2025,1,DET,00-0037240,WR2
2025,1,DET,00-0039065,TE1
2025,1,DET,00-0039139,RB1
2025,1,GB,00-0035700,RB1
2025,1,GB,00-0036264,QB1
2025,1,GB,00-0037816,WR3
2025,1,GB,00-0038797,RB2
2025,1,GB,00-0038996,TE1
2025,1,GB,00-0039146,WR1
2025,1,GB,00-0040667,WR2
2025,1,HOU,00-0034383,TE1
2025,1,HOU,00-0034775,WR2
2025,1,HOU,00-0034791,RB1
2025,1,HOU,00-0036554,WR1
2025,1,HOU,00-0037258,RB2
2025,1,HOU,00-0039163,QB1
2025,1,HOU,00-0040130,WR3
2025,1,IND,00-0035710,QB1
2025,1,IND,00-0036223,RB1
2025,1,IND,00-0036252,WR1
2025,1,IND,00-0037120,RB2
2025,1,IND,00-0037664,WR3
2025,1,IND,00-0038997,WR2
2025,1,IND,00-0040128,TE1
2025,1,JAX,00-0036626,WR3
2025,1,JAX,00-0036971,QB1
2025,1,JAX,00-0036973,RB1
2025,1,JAX,00-0038555,RB2
2025,1,JAX,00-0038935,TE1
2025,1,JAX,00-0039893,WR1
2025,1,JAX,00-0040718,WR2
2025,1,KC,00-0030506,TE1
2025,1,KC,00-0033857,WR3
2025,1,KC,00-0033873,QB1
2025,1,KC,00-0033923,RB2
2025,1,KC,00-0035662,WR2
2025,1,KC,00-0037197,RB1
2025,1,KC,00-0039894,WR1
2025,1,LA,00-0026498,QB1
2025,1,LA,00-0031381,WR2
2025,1,LA,00-0033110,TE1
2025,1,LA,00-0036849,WR3
2025,1,LA,00-0037840,RB1
2025,1,LA,00-0039075,WR1
2025,1,LA,00-0039738,RB2
2025,1,LAC,00-0030279,WR3
2025,1,LAC,00-0034159,TE1
2025,1,LAC,00-0036355,QB1
2025,1,LAC,00-0036893,RB2
2025,1,LAC,00-0038544,WR2
2025,1,LAC,00-0039915,WR1
2025,1,LAC,00-0040666,RB1
2025,1,LV,00-0030565,QB1
2025,1,LV,00-0031687,RB2
2025,1,LV,00-0034960,WR1
2025,1,LV,00-0038563,WR2
2025,1,LV,00-0039338,TE1
2025,1,LV,00-0040122,RB1
2025,1,LV,00-0040581,WR3
2025,1,MIA,00-0031610,TE1
2025,1,MIA,00-0033040,WR1
2025,1,MIA,00-0036212,QB1
2025,1,MIA,00-0036613,WR2
2025,1,MIA,00-0039040,RB1
2025,1,MIA,00-0039874,RB2
2025,1,MIA,00-0039880,WR3
2025,1,MIN,00-0030035,WR2
2025,1,MIN,00-0033293,RB1
2025,1,MIN,00-0035229,TE1
2025,1,MIN,00-0036322,WR1
2025,1,MIN,00-0037291,WR3
2025,1,MIN,00-0037525,RB2
2025,1,MIN,00-0039923,QB1
2025,1,NE,00-0031588,WR1
2025,1,NE,00-0033090,TE1
2025,1,NE,00-0036875,RB1
2025,1,NE,00-0038608,WR3
2025,1,NE,00-0038621,WR2
2025,1,NE,00-0039851,QB1
2025,1,NE,00-0040734,RB2
2025,1,NO,00-0031236,WR3
2025,1,NO,00-0033906,RB1
2025,1,NO,00-0036040,TE1
2025,1,NO,00-0037239,WR1
2025,1,NO,00-0037545,WR2
2025,1,NO,00-0038551,RB2
2025,1,NO,00-0039376,QB1
2025,1,NYG,00-0029263,QB1
2025,1,NYG,00-0035250,RB2
2025,1,NYG,00-0035535,WR3
2025,1,NYG,00-0038117,WR2
2025,1,NYG,00-0039337,WR1
2025,1,NYG,00-0039384,RB1
2025,1,NYG,00-0039847,TE1
2025,1,NYJ,00-0033943,WR2
2025,1,NYJ,00-0034521,WR3
2025,1,NYJ,00-0036945,QB1
2025,1,NYJ,00-0037740,WR1
2025,1,NYJ,00-0038120,RB1
2025,1,NYJ,00-0039794,RB2
2025,1,NYJ,00-0040736,TE1
2025,1,PHI,00-0034351,TE1
2025,1,PHI,00-0034844,RB1
2025,1,PHI,00-0035676,WR1
2025,1,PHI,00-0036389,QB1
2025,1,PHI,00-0036912,WR2
2025,1,PHI,00-0037741,WR3
2025,1,PHI,00-0039746,RB2
2025,1,PIT,00-0023459,QB1
2025,1,PIT,00-0035640,WR1
2025,1,PIT,00-0036894,TE1
2025,1,PIT,00-0037228,RB1
2025,1,PIT,00-0037837,WR2
2025,1,PIT,00-0039739,WR3
2025,1,PIT,00-0040142,RB2
2025,1,SEA,00-0033908,WR2
2025,1,SEA,00-0034869,QB1
2025,1,SEA,00-0038134,RB1
2025,1,SEA,00-0038543,WR1
2025,1,SEA,00-0039165,RB2
2025,1,SEA,00-0039793,TE1
2025,1,SEA,00-0040648,WR3
2025,1,SF,00-0033280,RB1
2025,1,SF,00-0033288,TE1
2025,1,SF,00-0034272,WR3
2025,1,SF,00-0036259,WR1
2025,1,SF,00-0037746,RB2
2025,1,SF,00-0037834,QB1
2025,1,SF,00-0039916,WR2
2025,1,TB,00-0031408,WR1
2025,1,TB,00-0033921,WR2
2025,1,TB,00-0034855,QB1
2025,1,TB,00-0037256,RB2
2025,1,TB,00-0038129,TE1
2025,1,TB,00-0039361,RB1
2025,1,TB,00-0040129,WR3
2025,1,TEN,00-0032211,WR2
2025,1,TEN,00-0034837,WR1
2025,1,TEN,00-0035261,RB1
2025,1,TEN,00-0037594,RB2
2025,1,TEN,00-0037809,TE1
2025,1,TEN,00-0040170,WR3
2025,1,TEN,00-0040676,QB1
2025,1,WAS,00-0030061,TE1
2025,1,WAS,00-0033591,WR3
2025,1,WAS,00-0033699,RB1
2025,1,WAS,00-0035659,WR1
2025,1,WAS,00-0035719,WR2
2025,1,WAS,00-0039910,QB1
2025,1,WAS,00-0040242,RB2
2025,2,ARI,00-0033553,RB1
2025,2,ARI,00-0033891,WR3
2025,2,ARI,00-0035228,QB1
2025,2,ARI,00-0037744,TE1
2025,2,ARI,00-0038559,WR2
2025,2,ARI,00-0039849,WR1
2025,2,ARI,00-0039921,RB2
2025,2,ATL,00-0034407,WR3
2025,2,ATL,00-0036309,WR2
2025,2,ATL,00-0036970,TE1
2025,2,ATL,00-0037238,WR1
2025,2,ATL,00-0037263,RB2
2025,2,ATL,00-0038542,RB1
2025,2,ATL,00-0039917,QB1
2025,2,BAL,00-0030564,WR3
2025,2,BAL,00-0032764,RB1
2025,2,BAL,00-0034753,TE1
2025,2,BAL,00-0034796,QB1
2025,2,BAL,00-0034975,RB2
2025,2,BAL,00-0036550,WR2
2025,2,BAL,00-0039064,WR1
2025,2,BUF,00-0034857,QB1
2025,2,BUF,00-0036988,WR3
2025,2,BUF,00-0037248,RB1
2025,2,BUF,00-0037261,WR2
2025,2,BUF,00-0038933,TE1
2025,2,BUF,00-0039875,RB2
2025,2,BUF,00-0039901,WR1
2025,2,CAR,00-0034983,WR3
2025,2,CAR,00-0036139,RB2
2025,2,CAR,00-0036555,RB1
2025,2,CAR,00-0039150,QB1
2025,2,CAR,00-0039342,WR2
2025,2,CAR,00-0039356,TE1
2025,2,CAR,00-0040124,WR1
2025,2,CHI,00-0034827,WR1
2025,2,CHI,00-0035208,WR3
2025,2,CHI,00-0036275,RB1
2025,2,CHI,00-0036290,TE1
2025,2,CHI,00-0039918,QB1
2025,2,CHI,00-0039919,WR2
2025,2,CHI,00-0040236,RB2
2025,2,CIN,00-0033526,RB2
2025,2,CIN,00-0035644,TE1
2025,2,CIN,00-0036410,WR2
2025,2,CIN,00-0036442,QB1
2025,2,CIN,00-0036900,WR1
2025,2,CIN,00-0038597,RB1
2025,2,CIN,00-0038619,WR3
2025,2,CLE,00-0026158,QB1
2025,2,CLE,00-0033885,TE1
2025,2,CLE,00-0036407,WR1
2025,2,CLE,00-0037267,RB2
2025,2,CLE,00-0038979,WR2
2025,2,CLE,00-0039379,WR3
2025,2,CLE,00-0040162,RB1
2025,2,DAL,00-0033077,QB1
2025,2,DAL,00-0035243,RB2
2025,2,DAL,00-0036358,WR1
2025,2,DAL,00-0036997,RB1
2025,2,DAL,00-0037247,WR2
2025,2,DAL,00-0037666,WR3
2025,2,DAL,00-0038041,TE1
2025,2,DEN,00-0033881,TE1
2025,2,DEN,00-0034348,WR1
2025,2,DEN,00-0036158,RB1
2025,2,DEN,00-0038976,WR3
2025,2,DEN,00-0039732,QB1
2025,2,DEN,00-0039868,WR2
2025,2,DEN,00-0040730,RB2
2025,2,DET,00-0032464,WR3
2025,2,DET,00-0033106,QB1
2025,2,DET,00-0035685,RB2
2025,2,DET,00-0036963,WR1
2025,2,DET,00-0037240,WR2
2025,2,DET,00-0039065,TE1
2025,2,DET,00-0039139,RB1
2025,2,GB,00-0035700,RB1
2025,2,GB,00-0036264,QB1
2025,2,GB,00-0037816,WR3
2025,2,GB,00-0038685,RB2
2025,2,GB,00-0038996,TE1
2025,2,GB,00-0039146,WR1
2025,2,GB,00-0040667,WR2
2025,2,HOU,00-0034383,TE1
2025,2,HOU,00-0034775,WR2
2025,2,HOU,00-0034791,RB1
2025,2,HOU,00-0036554,WR1
2025,2,HOU,00-0037258,RB2
2025,2,HOU,00-0039163,QB1
2025,2,HOU,00-0040130,WR3
2025,2,IND,00-0035710,QB1
2025,2,IND,00-0036223,RB1
2025,2,IND,00-0036252,WR1
2025,2,IND,00-0037664,WR2
2025,2,IND,00-0038997,WR3
2025,2,IND,00-0040128,TE1
2025,2,IND,00-0040179,RB2
2025,2,JAX,00-0036626,WR3
2025,2,JAX,00-0036971,QB1
2025,2,JAX,00-0036973,RB1
2025,2,JAX,00-0038935,TE1
2025,2,JAX,00-0039893,WR1
2025,2,JAX,00-0040718,WR2
2025,2,JAX,00-0040719,RB2
2025,2,KC,00-0030506,TE1
2025,2,KC,00-0033857,WR3
2025,2,KC,00-0033873,QB1
2025,2,KC,00-0033923,RB2
2025,2,KC,00-0035662,WR2
2025,2,KC,00-0037197,RB1
2025,2,KC,00-0039894,WR1
2025,2,LA,00-0026498,QB1
2025,2,LA,00-0031381,WR2
2025,2,LA,00-0033110,TE1
2025,2,LA,00-0036849,WR3
2025,2,LA,00-0037840,RB1
2025,2,LA,00-0039075,WR1
2025,2,LA,00-0039738,RB2
2025,2,LAC,00-0030279,WR3
2025,2,LAC,00-0034159,TE1
2025,2,LAC,00-0036355,QB1
2025,2,LAC,00-0036893,RB2
2025,2,LAC,00-0038544,WR2
2025,2,LAC,00-0039915,WR1
2025,2,LAC,00-0040666,RB1
2025,2,LV,00-0030565,QB1
2025,2,LV,00-0034960,WR1
2025,2,LV,00-0038040,RB2
2025,2,LV,00-0038563,WR2
2025,2,LV,00-0039338,TE1
2025,2,LV,00-0040122,RB1
2025,2,LV,00-0040581,WR3
2025,2,MIA,00-0031610,TE1
2025,2,MIA,00-0033040,WR1
2025,2,MIA,00-0036212,QB1
2025,2,MIA,00-0036613,WR2
2025,2,MIA,00-0039040,RB1
2025,2,MIA,00-0039874,RB2
2025,2,MIA,00-0039880,WR3
2025,2,MIN,00-0030035,WR3
2025,2,MIN,00-0033293,RB1
2025,2,MIN,00-0035229,TE1
2025,2,MIN,00-0036322,WR1
2025,2,MIN,00-0037291,WR2
2025,2,MIN,00-0037525,RB2
2025,2,MIN,00-0039923,QB1
2025,2,NE,00-0031588,WR1
2025,2,NE,00-0033090,TE1
2025,2,NE,00-0036875,RB1
2025,2,NE,00-0038608,WR2
2025,2,NE,00-0038621,WR3
2025,2,NE,00-0039851,QB1
2025,2,NE,00-0040734,RB2
2025,2,NO,00-0031236,WR3
2025,2,NO,00-0033906,RB1
2025,2,NO,00-0036040,TE1
2025,2,NO,00-0037239,WR1
2025,2,NO,00-0037545,WR2
2025,2,NO,00-0038551,RB2
2025,2,NO,00-0039376,QB1
2025,2,NYG,00-0029263,QB1
2025,2,NYG,00-0035250,RB2
2025,2,NYG,00-0035535,WR3
2025,2,NYG,00-0038117,WR2
2025,2,NYG,00-0039337,WR1
2025,2,NYG,00-0039384,RB1
2025,2,NYG,00-0039847,TE1
2025,2,NYJ,00-0033943,WR2
2025,2,NYJ,00-0036427,WR3
2025,2,NYJ,00-0036945,QB1
2025,2,NYJ,00-0037740,WR1
2025,2,NYJ,00-0038120,RB1
2025,2,NYJ,00-0039794,RB2
2025,2,NYJ,00-0040736,TE1
2025,2,PHI,00-0034351,TE1
2025,2,PHI,00-0034844,RB1
2025,2,PHI,00-0035676,WR1
2025,2,PHI,00-0036389,QB1
2025,2,PHI,00-0036912,WR2
2025,2,PHI,00-0037741,WR3
2025,2,PHI,00-0039746,RB2
2025,2,PIT,00-0023459,QB1
2025,2,PIT,00-0033858,TE1
2025,2,PIT,00-0035640,WR1
2025,2,PIT,00-0036919,RB2
2025,2,PIT,00-0037228,RB1
2025,2,PIT,00-0037837,WR2
2025,2,PIT,00-0039739,WR3
2025,2,SEA,00-0033908,WR2
2025,2,SEA,00-0034869,QB1
2025,2,SEA,00-0038134,RB1
2025,2,SEA,00-0038543,WR1
2025,2,SEA,00-0039165,RB2
2025,2,SEA,00-0039793,TE1
2025,2,SEA,00-0040648,WR3
2025,2,SF,00-0033280,RB1
2025,2,SF,00-0033307,WR3
2025,2,SF,00-0036259,WR1
2025,2,SF,00-0036887,TE1
2025,2,SF,00-0037746,RB2
2025,2,SF,00-0037834,QB1
2025,2,SF,00-0039916,WR2
2025,2,TB,00-0031408,WR1
2025,2,TB,00-0033921,WR2
2025,2,TB,00-0034855,QB1
2025,2,TB,00-0037256,RB2
2025,2,TB,00-0038129,TE1
2025,2,TB,00-0039361,RB1
2025,2,TB,00-0040129,WR3
2025,2,TEN,00-0032211,WR3
2025,2,TEN,00-0034837,WR1
2025,2,TEN,00-0035261,RB1
2025,2,TEN,00-0037594,RB2
2025,2,TEN,00-0037809,TE1
2025,2,TEN,00-0040170,WR2
2025,2,TEN,00-0040676,QB1
2025,2,WAS,00-0030061,TE1
2025,2,WAS,00-0033591,WR3
2025,2,WAS,00-0033699,RB1
2025,2,WAS,00-0035659,WR1
2025,2,WAS,00-0035719,WR2
2025,2,WAS,00-0039910,QB1
2025,2,WAS,00-0040242,RB2
2025,3,ARI,00-0033553,RB1
2025,3,ARI,00-0033891,WR3
2025,3,ARI,00-0035228,QB1
2025,3,ARI,00-0037744,TE1
2025,3,ARI,00-0038559,WR2
2025,3,ARI,00-0039849,WR1
2025,3,ARI,00-0039921,RB2
2025,3,ATL,00-0034407,WR3
2025,3,ATL,00-0036309,WR2
2025,3,ATL,00-0036970,TE1
2025,3,ATL,00-0037238,WR1
2025,3,ATL,00-0037263,RB2
2025,3,ATL,00-0038542,RB1
2025,3,ATL,00-0039917,QB1
2025,3,BAL,00-0030564,WR3
2025,3,BAL,00-0032764,RB1
2025,3,BAL,00-0034753,TE1
2025,3,BAL,00-0034796,QB1
2025,3,BAL,00-0034975,RB2
2025,3,BAL,00-0036550,WR2
2025,3,BAL,00-0039064,WR1
2025,3,BUF,00-0034857,QB1
2025,3,BUF,00-0036988,WR3
2025,3,BUF,00-0037248,RB1
2025,3,BUF,00-0037261,WR2
2025,3,BUF,00-0038933,TE1
2025,3,BUF,00-0039875,RB2
2025,3,BUF,00-0039901,WR1
2025,3,CAR,00-0034983,WR3
2025,3,CAR,00-0036139,RB2
2025,3,CAR,00-0036555,RB1
2025,3,CAR,00-0039150,QB1
2025,3,CAR,00-0039342,WR2
2025,3,CAR,00-0039356,TE1
2025,3,CAR,00-0040124,WR1
2025,3,CHI,00-0034827,WR1
2025,3,CHI,00-0035208,WR3
2025,3,CHI,00-0036275,RB1
2025,3,CHI,00-0036290,TE1
2025,3,CHI,00-0039918,QB1
2025,3,CHI,00-0039919,WR2
2025,3,CHI,00-0040236,RB2
2025,3,CIN,00-0033526,RB2
2025,3,CIN,00-0034829,TE1
2025,3,CIN,00-0035100,QB1
2025,3,CIN,00-0036410,WR2
2025,3,CIN,00-0036900,WR1
2025,3,CIN,00-0038597,RB1
2025,3,CIN,00-0038619,WR3
2025,3,CLE,00-0026158,QB1
2025,3,CLE,00-0033885,TE1
2025,3,CLE,00-0036407,WR1
2025,3,CLE,00-0037267,RB2
2025,3,CLE,00-0038979,WR2
2025,3,CLE,00-0040782,WR3
2025,3,CLE,00-0040784,RB1
2025,3,DAL,00-0033077,QB1
2025,3,DAL,00-0035243,RB2
2025,3,DAL,00-0036358,WR1
2025,3,DAL,00-0036997,RB1
2025,3,DAL,00-0037247,WR2
2025,3,DAL,00-0037666,WR3
2025,3,DAL,00-0038041,TE1
2025,3,DEN,00-0033881,TE1
2025,3,DEN,00-0034348,WR1
2025,3,DEN,00-0036158,RB1
2025,3,DEN,00-0038976,WR3
2025,3,DEN,00-0039732,QB1
2025,3,DEN,00-0039868,WR2
2025,3,DEN,00-0040730,RB2
2025,3,DET,00-0032464,WR3
2025,3,DET,00-0033106,QB1
2025,3,DET,00-0035685,RB2
2025,3,DET,00-0036963,WR1
2025,3,DET,00-0037240,WR2
2025,3,DET,00-0039065,TE1
2025,3,DET,00-0039139,RB1
2025,3,GB,00-0035700,RB1
2025,3,GB,00-0036264,QB1
2025,3,GB,00-0037816,WR2
2025,3,GB,00-0038393,WR3
2025,3,GB,00-0038685,RB2
2025,3,GB,00-0038996,TE1
2025,3,GB,00-0040667,WR1
2025,3,HOU,00-0034383,TE1
2025,3,HOU,00-0034775,WR2
2025,3,HOU,00-0034791,RB1
2025,3,HOU,00-0036554,WR1
2025,3,HOU,00-0039163,QB1
2025,3,HOU,00-0040130,WR3
2025,3,HOU,00-0040583,RB2
2025,3,IND,00-0035710,QB1
2025,3,IND,00-0036223,RB1
2025,3,IND,00-0036252,WR1
2025,3,IND,00-0037664,WR2
2025,3,IND,00-0038997,WR3
2025,3,IND,00-0040128,TE1
2025,3,IND,00-0040179,RB2
2025,3,JAX,00-0036626,WR3
2025,3,JAX,00-0036971,QB1
2025,3,JAX,00-0036973,RB1
2025,3,JAX,00-0038935,TE1
2025,3,JAX,00-0039893,WR1
2025,3,JAX,00-0040718,WR2
2025,3,JAX,00-0040719,RB2
2025,3,KC,00-0030506,TE1
2025,3,KC,00-0033873,QB1
2025,3,KC,00-0033923,RB2
2025,3,KC,00-0035662,WR2
2025,3,KC,00-0037197,RB1
2025,3,KC,00-0038104,WR3
2025,3,KC,00-0039894,WR1
2025,3,LA,00-0026498,QB1
2025,3,LA,00-0031381,WR2
2025,3,LA,00-0033110,TE1
2025,3,LA,00-0037840,RB1
2025,3,LA,00-0039075,WR1
2025,3,LA,00-0039738,RB2
2025,3,LA,00-0039751,WR3
2025,3,LAC,00-0030279,WR3
2025,3,LAC,00-0034159,TE1
2025,3,LAC,00-0036355,QB1
2025,3,LAC,00-0036893,RB2
2025,3,LAC,00-0038544,WR2
2025,3,LAC,00-0039915,WR1
2025,3,LAC,00-0040666,RB1
2025,3,LV,00-0030565,QB1
2025,3,LV,00-0034960,WR1
2025,3,LV,00-0038040,RB2
2025,3,LV,00-0038563,WR2
2025,3,LV,00-0039338,TE1
2025,3,LV,00-0040122,RB1
2025,3,LV,00-0040581,WR3
2025,3,MIA,00-0031610,TE1
2025,3,MIA,00-0033040,WR1
2025,3,MIA,00-0036212,QB1
2025,3,MIA,00-0036613,WR2
2025,3,MIA,00-0039040,RB1
2025,3,MIA,00-0039874,RB2
2025,3,MIA,00-0039880,WR3
2025,3,MIN,00-0030035,WR3
2025,3,MIN,00-0035229,TE1
2025,3,MIN,00-0036322,WR1
2025,3,MIN,00-0036414,RB2
2025,3,MIN,00-0037291,WR2
2025,3,MIN,00-0037525,RB1
2025,3,MIN,00-0039923,QB1
2025,3,NE,00-0031588,WR1
2025,3,NE,00-0033090,TE1
2025,3,NE,00-0033555,WR3
2025,3,NE,00-0036875,RB1
2025,3,NE,00-0038608,WR2
2025,3,NE,00-0039851,QB1
2025,3,NE,00-0040734,RB2
2025,3,NO,00-0031236,WR3
2025,3,NO,00-0033906,RB1
2025,3,NO,00-0036040,TE1
2025,3,NO,00-0037239,WR1
2025,3,NO,00-0037545,WR2
2025,3,NO,00-0038551,RB2
2025,3,NO,00-0039376,QB1
2025,3,NYG,00-0029263,QB1
2025,3,NYG,00-0035535,WR3
2025,3,NYG,00-0038117,WR2
2025,3,NYG,00-0039337,WR1
2025,3,NYG,00-0039384,RB2
2025,3,NYG,00-0039847,TE1
2025,3,NYG,00-0040715,RB1
2025,3,NYJ,00-0033943,WR2
2025,3,NYJ,00-0036427,WR3
2025,3,NYJ,00-0036945,QB1
2025,3,NYJ,00-0037740,WR1
2025,3,NYJ,00-0038120,RB1
2025,3,NYJ,00-0039794,RB2
2025,3,NYJ,00-0040736,TE1
2025,3,PHI,00-0034351,TE1
2025,3,PHI,00-0034844,RB1
2025,3,PHI,00-0035676,WR1
2025,3,PHI,00-0036389,QB1
2025,3,PHI,00-0036912,WR2
2025,3,PHI,00-0037741,WR3
2025,3,PHI,00-0039746,RB2
2025,3,PIT,00-0023459,QB1
2025,3,PIT,00-0033858,TE1
2025,3,PIT,00-0035640,WR1
2025,3,PIT,00-0036919,RB2
2025,3,PIT,00-0037228,RB1
2025,3,PIT,00-0037837,WR2
2025,3,PIT,00-0039739,WR3
2025,3,SEA,00-0033908,WR2
2025,3,SEA,00-0034869,QB1
2025,3,SEA,00-0038134,RB1
2025,3,SEA,00-0038543,WR1
2025,3,SEA,00-0039165,RB2
2025,3,SEA,00-0039793,TE1
2025,3,SEA,00-0040648,WR3
2025,3,SF,00-0033280,RB1
2025,3,SF,00-0033307,WR3
2025,3,SF,00-0036259,WR1
2025,3,SF,00-0037112,TE1
2025,3,SF,00-0037746,RB2
2025,3,SF,00-0037834,QB1
2025,3,SF,00-0039916,WR2
2025,3,TB,00-0031408,WR1
2025,3,TB,00-0033921,WR2
2025,3,TB,00-0034855,QB1
2025,3,TB,00-0037256,RB2
2025,3,TB,00-0038129,TE1
2025,3,TB,00-0039361,RB1
2025,3,TB,00-0040129,WR3
2025,3,TEN,00-0032211,WR3
2025,3,TEN,00-0034837,WR1
2025,3,TEN,00-0035261,RB1
2025,3,TEN,00-0037594,RB2
2025,3,TEN,00-0037809,TE1
2025,3,TEN,00-0040170,WR2
2025,3,TEN,00-0040676,QB1
2025,3,WAS,00-0030061,TE1
2025,3,WAS,00-0033591,WR3
2025,3,WAS,00-0033955,RB2
2025,3,WAS,00-0035659,WR1
2025,3,WAS,00-0035719,WR2
2025,3,WAS,00-0039910,QB1
2025,3,WAS,00-0040242,RB1
2025,4,ARI,00-0033891,WR3
2025,4,ARI,00-0035228,QB1
2025,4,ARI,00-0037744,TE1
2025,4,ARI,00-0038559,WR2
2025,4,ARI,00-0038705,RB2
2025,4,ARI,00-0039849,WR1
2025,4,ARI,00-0039921,RB1
2025,4,ATL,00-0034407,WR3
2025,4,ATL,00-0036309,WR2
2025,4,ATL,00-0036970,TE1
2025,4,ATL,00-0037238,WR1
2025,4,ATL,00-0037263,RB2
2025,4,ATL,00-0038542,RB1
2025,4,ATL,00-0039917,QB1
2025,4,BAL,00-0030564,WR3
2025,4,BAL,00-0032764,RB1
2025,4,BAL,00-0034753,TE1
2025,4,BAL,00-0034796,QB1
2025,4,BAL,00-0034975,RB2
2025,4,BAL,00-0036550,WR2
2025,4,BAL,00-0039064,WR1
2025,4,BUF,00-0034857,QB1
2025,4,BUF,00-0036988,WR3
2025,4,BUF,00-0037248,RB1
2025,4,BUF,00-0037261,WR2
2025,4,BUF,00-0038933,TE1
2025,4,BUF,00-0039875,RB2
2025,4,BUF,00-0039901,WR1
2025,4,CAR,00-0034983,WR2
2025,4,CAR,00-0036139,RB2
2025,4,CAR,00-0036555,RB1
2025,4,CAR,00-0039150,QB1
2025,4,CAR,00-0039342,WR3
2025,4,CAR,00-0039356,TE1
2025,4,CAR,00-0040124,WR1
2025,4,CHI,00-0034827,WR1
2025,4,CHI,00-0035208,WR3
2025,4,CHI,00-0036275,RB1
2025,4,CHI,00-0036290,TE1
2025,4,CHI,00-0039918,QB1
2025,4,CHI,00-0039919,WR2
2025,4,CHI,00-0040236,RB2
2025,4,CIN,00-0033526,RB2
2025,4,CIN,00-0035100,QB1
2025,4,CIN,00-0035644,TE1
2025,4,CIN,00-0036410,WR2
2025,4,CIN,00-0036900,WR1
2025,4,CIN,00-0038597,RB1
2025,4,CIN,00-0038619,WR3
2025,4,CLE,00-0026158,QB1
2025,4,CLE,00-0033885,TE1
2025,4,CLE,00-0036407,WR1
2025,4,CLE,00-0037267,RB2
2025,4,CLE,00-0038979,WR2
2025,4,CLE,00-0040782,WR3
2025,4,CLE,00-0040784,RB1
2025,4,DAL,00-0033077,QB1
2025,4,DAL,00-0035243,RB2
2025,4,DAL,00-0036358,WR1
2025,4,DAL,00-0036997,RB1
2025,4,DAL,00-0037247,WR2
2025,4,DAL,00-0037666,WR3
2025,4,DAL,00-0038041,TE1
2025,4,DEN,00-0033881,TE1
2025,4,DEN,00-0034348,WR1
2025,4,DEN,00-0036158,RB1
2025,4,DEN,00-0038976,WR3
2025,4,DEN,00-0039732,QB1
2025,4,DEN,00-0039868,WR2
2025,4,DEN,00-0040730,RB2
2025,4,DET,00-0032464,WR3
2025,4,DET,00-0033106,QB1
2025,4,DET,00-0035685,RB2
2025,4,DET,00-0036963,WR1
2025,4,DET,00-0037240,WR2
2025,4,DET,00-0039065,TE1
2025,4,DET,00-0039139,RB1
2025,4,GB,00-0035700,RB1
2025,4,GB,00-0036264,QB1
2025,4,GB,00-0037816,WR2
2025,4,GB,00-0038393,WR3
2025,4,GB,00-0038797,RB2
2025,4,GB,00-0038996,TE1
2025,4,GB,00-0040667,WR1
2025,4,HOU,00-0034383,TE1
2025,4,HOU,00-0034775,WR2
2025,4,HOU,00-0034791,RB1
2025,4,HOU,00-0036554,WR1
2025,4,HOU,00-0038618,WR3
2025,4,HOU,00-0039163,QB1
2025,4,HOU,00-0040583,RB2
2025,4,IND,00-0035710,QB1
2025,4,IND,00-0036223,RB1
2025,4,IND,00-0036252,WR1
2025,4,IND,00-0037664,WR2
2025,4,IND,00-0038997,WR3
2025,4,IND,00-0040128,TE1
2025,4,IND,00-0040179,RB2
2025,4,JAX,00-0036626,WR3
2025,4,JAX,00-0036971,QB1
2025,4,JAX,00-0036973,RB1
2025,4,JAX,00-0038935,TE1
2025,4,JAX,00-0039893,WR1
2025,4,JAX,00-0040718,WR2
2025,4,JAX,00-0040719,RB2
2025,4,KC,00-0030506,TE1
2025,4,KC,00-0033873,QB1
2025,4,KC,00-0033923,RB2
2025,4,KC,00-0035662,WR2
2025,4,KC,00-0037197,RB1
2025,4,KC,00-0038104,WR3
2025,4,KC,00-0039894,WR1
2025,4,LA,00-0026498,QB1
2025,4,LA,00-0031381,WR2
2025,4,LA,00-0033110,TE1
2025,4,LA,00-0037840,RB1
2025,4,LA,00-0039075,WR1
2025,4,LA,00-0039738,RB2
2025,4,LA,00-0039751,WR3
2025,4,LAC,00-0030279,WR3
2025,4,LAC,00-0034159,TE1
2025,4,LAC,00-0036355,QB1
2025,4,LAC,00-0037617,RB2
2025,4,LAC,00-0038544,WR2
2025,4,LAC,00-0039915,WR1
2025,4,LAC,00-0040666,RB1
2025,4,LV,00-0030565,QB1
2025,4,LV,00-0034960,WR1
2025,4,LV,00-0038040,RB2
2025,4,LV,00-0038563,WR2
2025,4,LV,00-0039338,TE1
2025,4,LV,00-0040122,RB1
2025,4,LV,00-0040581,WR3
2025,4,MIA,00-0031610,TE1
2025,4,MIA,00-0033040,WR1
2025,4,MIA,00-0036212,QB1
2025,4,MIA,00-0036613,WR2
2025,4,MIA,00-0039040,RB1
2025,4,MIA,00-0039880,WR3
2025,4,MIA,00-0040198,RB2
2025,4,MIN,00-0035229,TE1
2025,4,MIN,00-0036322,WR1
2025,4,MIN,00-0037291,WR3
2025,4,MIN,00-0037525,RB1
2025,4,MIN,00-0038440,RB2
2025,4,MIN,00-0038994,WR2
2025,4,MIN,00-0039923,QB1
2025,4,NE,00-0031588,WR1
2025,4,NE,00-0033090,TE1
2025,4,NE,00-0033555,WR3
2025,4,NE,00-0036875,RB1
2025,4,NE,00-0038608,WR2
2025,4,NE,00-0039851,QB1
2025,4,NE,00-0040734,RB2
2025,4,NO,00-0031236,WR3
2025,4,NO,00-0033906,RB1
2025,4,NO,00-0036040,TE1
2025,4,NO,00-0037239,WR1
2025,4,NO,00-0037545,WR2
2025,4,NO,00-0038551,RB2
2025,4,NO,00-0039376,QB1
2025,4,NYG,00-0035535,WR3
2025,4,NYG,00-0038117,WR2
2025,4,NYG,00-0039337,WR1
2025,4,NYG,00-0039384,RB2
2025,4,NYG,00-0039847,TE1
2025,4,NYG,00-0040691,QB1
2025,4,NYG,00-0040715,RB1
2025,4,NYJ,00-0033943,WR2
2025,4,NYJ,00-0036427,WR3
2025,4,NYJ,00-0036945,QB1
2025,4,NYJ,00-0037740,WR1
2025,4,NYJ,00-0038120,RB1
2025,4,NYJ,00-0039794,RB2
2025,4,NYJ,00-0040736,TE1
2025,4,PHI,00-0034351,TE1
2025,4,PHI,00-0034844,RB1
2025,4,PHI,00-0035676,WR1
2025,4,PHI,00-0036389,QB1
2025,4,PHI,00-0036912,WR2
2025,4,PHI,00-0037741,WR3
2025,4,PHI,00-0039746,RB2
2025,4,PIT,00-0023459,QB1
2025,4,PIT,00-0033858,TE1
2025,4,PIT,00-0035640,WR1
2025,4,PIT,00-0036919,RB2
2025,4,PIT,00-0037228,RB1
2025,4,PIT,00-0037837,WR2
2025,4,PIT,00-0039739,WR3
2025,4,SEA,00-0033908,WR2
2025,4,SEA,00-0034869,QB1
2025,4,SEA,00-0038134,RB1
2025,4,SEA,00-0038543,WR1
2025,4,SEA,00-0039165,RB2
2025,4,SEA,00-0039793,TE1
2025,4,SEA,00-0040648,WR3
2025,4,SF,00-0033280,RB1
2025,4,SF,00-0033307,WR3
2025,4,SF,00-0036259,WR1
2025,4,SF,00-0037112,TE1
2025,4,SF,00-0037746,RB2
2025,4,SF,00-0037834,QB1
2025,4,SF,00-0039916,WR2
2025,4,TB,00-0031408,WR1
2025,4,TB,00-0033921,WR2
2025,4,TB,00-0034855,QB1
2025,4,TB,00-0037256,RB2
2025,4,TB,00-0038129,TE1
2025,4,TB,00-0039361,RB1
2025,4,TB,00-0040129,WR3
2025,4,TEN,00-0032211,WR3
2025,4,TEN,00-0034837,WR1
2025,4,TEN,00-0035261,RB1
2025,4,TEN,00-0037594,RB2
2025,4,TEN,00-0037809,TE1
2025,4,TEN,00-0040170,WR2
2025,4,TEN,00-0040676,QB1
2025,4,WAS,00-0030061,TE1
2025,4,WAS,00-0033591,WR3
2025,4,WAS,00-0035659,WR1
2025,4,WAS,00-0035719,WR2
2025,4,WAS,00-0038611,RB2
2025,4,WAS,00-0039910,QB1
2025,4,WAS,00-0040242,RB1
2025,5,ARI,00-0033891,WR3
2025,5,ARI,00-0035228,QB1
2025,5,ARI,00-0036924,RB2
2025,5,ARI,00-0037744,TE1
2025,5,ARI,00-0038559,WR2
2025,5,ARI,00-0038705,RB1
2025,5,ARI,00-0039849,WR1
2025,5,BAL,00-0030564,WR3
2025,5,BAL,00-0032764,RB1
2025,5,BAL,00-0034753,TE1
2025,5,BAL,00-0034796,QB1
2025,5,BAL,00-0034975,RB2
2025,5,BAL,00-0036550,WR2
2025,5,BAL,00-0039064,WR1
2025,5,BUF,00-0034857,QB1
2025,5,BUF,00-0036988,WR3
2025,5,BUF,00-0037248,RB1
2025,5,BUF,00-0037261,WR2
2025,5,BUF,00-0038933,TE1
2025,5,BUF,00-0039875,RB2
2025,5,BUF,00-0039901,WR1
2025,5,CAR,00-0034983,WR3
2025,5,CAR,00-0036139,RB2
2025,5,CAR,00-0036555,RB1
2025,5,CAR,00-0039150,QB1
2025,5,CAR,00-0039342,WR2
2025,5,CAR,00-0039356,TE1
2025,5,CAR,00-0040124,WR1
2025,5,CIN,00-0033526,RB2
2025,5,CIN,00-0035100,QB1
2025,5,CIN,00-0035644,TE1
2025,5,CIN,00-0036410,WR2
2025,5,CIN,00-0036900,WR1
2025,5,CIN,00-0038597,RB1
2025,5,CIN,00-0038619,WR3
2025,5,CLE,00-0033885,TE1
2025,5,CLE,00-0036407,WR1
2025,5,CLE,00-0037267,RB2
2025,5,CLE,00-0039379,WR3
2025,5,CLE,00-0040704,QB1
2025,5,CLE,00-0040782,WR2
2025,5,CLE,00-0040784,RB1
2025,5,DAL,00-0033077,QB1
2025,5,DAL,00-0035243,RB2
2025,5,DAL,00-0036358,WR1
2025,5,DAL,00-0036997,RB1
2025,5,DAL,00-0037247,WR2
2025,5,DAL,00-0037666,WR3
2025,5,DAL,00-0038041,TE1
2025,5,DEN,00-0033881,TE1
2025,5,DEN,00-0034348,WR1
2025,5,DEN,00-0036158,RB1
2025,5,DEN,00-0038976,WR3
2025,5,DEN,00-0039732,QB1
2025,5,DEN,00-0039868,WR2
2025,5,DEN,00-0040730,RB2
2025,5,DET,00-0032464,WR3
2025,5,DET,00-0033106,QB1
2025,5,DET,00-0035685,RB2
2025,5,DET,00-0036963,WR1
2025,5,DET,00-0037240,WR2
2025,5,DET,00-0039065,TE1
2025,5,DET,00-0039139,RB1
2025,5,HOU,00-0034383,TE1
2025,5,HOU,00-0034775,WR2
2025,5,HOU,00-0034791,RB1
2025,5,HOU,00-0036554,WR1
2025,5,HOU,00-0038618,WR3
2025,5,HOU,00-0039163,QB1
2025,5,HOU,00-0040583,RB2
2025,5,IND,00-0035710,QB1
2025,5,IND,00-0036223,RB1
2025,5,IND,00-0036252,WR1
2025,5,IND,00-0037664,WR2
2025,5,IND,00-0038997,WR3
2025,5,IND,00-0040128,TE1
2025,5,IND,00-0040179,RB2
2025,5,JAX,00-0036626,WR3
2025,5,JAX,00-0036971,QB1
2025,5,JAX,00-0036973,RB1
2025,5,JAX,00-0038935,TE1
2025,5,JAX,00-0039893,WR1
2025,5,JAX,00-0040718,WR2
2025,5,JAX,00-0040719,RB2
2025,5,KC,00-0030506,TE1
2025,5,KC,00-0033857,WR3
2025,5,KC,00-0033873,QB1
2025,5,KC,00-0033923,RB2
2025,5,KC,00-0035662,WR2
2025,5,KC,00-0037197,RB1
2025,5,KC,00-0039894,WR1
2025,5,LA,00-0026498,QB1
2025,5,LA,00-0031381,WR2
2025,5,LA,00-0033110,TE1
2025,5,LA,00-0037840,RB1
2025,5,LA,00-0039075,WR1
2025,5,LA,00-0039738,RB2
2025,5,LA,00-0039751,WR3
2025,5,LAC,00-0030279,WR3
2025,5,LAC,00-0034159,TE1
2025,5,LAC,00-0036355,QB1
2025,5,LAC,00-0037617,RB2
2025,5,LAC,00-0038544,WR2
2025,5,LAC,00-0039915,WR1
2025,5,LAC,00-0040666,RB1
2025,5,LV,00-0030565,QB1
2025,5,LV,00-0031687,RB2
2025,5,LV,00-0034960,WR1
2025,5,LV,00-0038563,WR2
2025,5,LV,00-0039338,TE1
2025,5,LV,00-0040122,RB1
2025,5,LV,00-0040581,WR3
2025,5,MIA,00-0031610,TE1
2025,5,MIA,00-0036182,WR3
2025,5,MIA,00-0036212,QB1
2025,5,MIA,00-0036613,WR1
2025,5,MIA,00-0039040,RB1
2025,5,MIA,00-0039880,WR2
2025,5,MIA,00-0040198,RB2
2025,5,MIN,00-0035229,TE1
2025,5,MIN,00-0036322,WR1
2025,5,MIN,00-0037291,WR3
2025,5,MIN,00-0037525,RB1
2025,5,MIN,00-0038440,RB2
2025,5,MIN,00-0038994,WR2
2025,5,MIN,00-0039923,QB1
2025,5,NE,00-0031588,WR1
2025,5,NE,00-0033090,TE1
2025,5,NE,00-0033555,WR3
2025,5,NE,00-0036875,RB1
2025,5,NE,00-0038608,WR2
2025,5,NE,00-0039851,QB1
2025,5,NE,00-0040734,RB2
2025,5,NO,00-0031236,WR3
2025,5,NO,00-0033906,RB1
2025,5,NO,00-0036040,TE1
2025,5,NO,00-0037239,WR1
2025,5,NO,00-0037545,WR2
2025,5,NO,00-0038551,RB2
2025,5,NO,00-0039376,QB1
2025,5,NYG,00-0035535,WR2
2025,5,NYG,00-0038117,WR1
2025,5,NYG,00-0038938,WR3
2025,5,NYG,00-0039384,RB2
2025,5,NYG,00-0039847,TE1
2025,5,NYG,00-0040691,QB1
2025,5,NYG,00-0040715,RB1
2025,5,NYJ,00-0033943,WR2
2025,5,NYJ,00-0036945,QB1
2025,5,NYJ,00-0037740,WR1
2025,5,NYJ,00-0038120,RB1
2025,5,NYJ,00-0039798,RB2
2025,5,NYJ,00-0040582,WR3
2025,5,NYJ,00-0040736,TE1
2025,5,PHI,00-0034351,TE1
2025,5,PHI,00-0034844,RB1
2025,5,PHI,00-0035676,WR1
2025,5,PHI,00-0036265,RB2
2025,5,PHI,00-0036389,QB1
2025,5,PHI,00-0036912,WR2
2025,5,PHI,00-0037741,WR3
2025,5,SEA,00-0033908,WR2
2025,5,SEA,00-0034869,QB1
2025,5,SEA,00-0038134,RB1
2025,5,SEA,00-0038543,WR1
2025,5,SEA,00-0039165,RB2
2025,5,SEA,00-0039793,TE1
2025,5,SEA,00-0040648,WR3
2025,5,SF,00-0033280,RB1
2025,5,SF,00-0033307,WR3
2025,5,SF,00-0036259,WR1
2025,5,SF,00-0037112,TE1
2025,5,SF,00-0037746,RB2
2025,5,SF,00-0037834,QB1
2025,5,SF,00-0039916,WR2
2025,5,TB,00-0031408,WR1
2025,5,TB,00-0033921,WR2
2025,5,TB,00-0034855,QB1
2025,5,TB,00-0037256,RB2
2025,5,TB,00-0038129,TE1
2025,5,TB,00-0039361,RB1
2025,5,TB,00-0040129,WR3
2025,5,TEN,00-0032211,WR3
2025,5,TEN,00-0034837,WR1
2025,5,TEN,00-0035261,RB1
2025,5,TEN,00-0037809,TE1
2025,5,TEN,00-0039032,RB2
2025,5,TEN,00-0040170,WR2
2025,5,TEN,00-0040676,QB1
2025,5,WAS,00-0030061,TE1
2025,5,WAS,00-0033591,WR3
2025,5,WAS,00-0035659,WR1
2025,5,WAS,00-0035719,WR2
2025,5,WAS,00-0038611,RB2
2025,5,WAS,00-0039910,QB1
2025,5,WAS,00-0040242,RB1
2025,6,ARI,00-0033891,WR3
2025,6,ARI,00-0035228,QB1
2025,6,ARI,00-0036924,RB1
2025,6,ARI,00-0037744,TE1
2025,6,ARI,00-0038559,WR2
2025,6,ARI,00-0038705,RB2
2025,6,ARI,00-0039849,WR1
2025,6,ATL,00-0034407,WR3
2025,6,ATL,00-0036309,WR2
2025,6,ATL,00-0036970,TE1
2025,6,ATL,00-0037238,WR1
2025,6,ATL,00-0037263,RB2
2025,6,ATL,00-0038542,RB1
2025,6,ATL,00-0039917,QB1
2025,6,BAL,00-0030564,WR3
2025,6,BAL,00-0032764,RB1
2025,6,BAL,00-0034753,TE1
2025,6,BAL,00-0034796,QB1
2025,6,BAL,00-0034975,RB2
2025,6,BAL,00-0036550,WR2
2025,6,BAL,00-0039064,WR1
2025,6,BUF,00-0034857,QB1
2025,6,BUF,00-0036988,WR3
2025,6,BUF,00-0037248,RB1
2025,6,BUF,00-0037261,WR2
2025,6,BUF,00-0038933,TE1
2025,6,BUF,00-0039875,RB2
2025,6,BUF,00-0039901,WR1
2025,6,CAR,00-0034983,WR3
2025,6,CAR,00-0036139,RB2
2025,6,CAR,00-0036555,RB1
2025,6,CAR,00-0039150,QB1
2025,6,CAR,00-0039342,WR2
2025,6,CAR,00-0039356,TE1
2025,6,CAR,00-0040124,WR1
2025,6,CHI,00-0034827,WR1
2025,6,CHI,00-0035208,WR3
2025,6,CHI,00-0036275,RB1
2025,6,CHI,00-0036290,TE1
2025,6,CHI,00-0039918,QB1
2025,6,CHI,00-0039919,WR2
2025,6,CHI,00-0040236,RB2
2025,6,CIN,00-0026158,QB1
2025,6,CIN,00-0033526,RB2
2025,6,CIN,00-0034829,TE1
2025,6,CIN,00-0036410,WR2
2025,6,CIN,00-0036900,WR1
2025,6,CIN,00-0038597,RB1
2025,6,CIN,00-0038619,WR3
2025,6,CLE,00-0033885,TE1
2025,6,CLE,00-0036407,WR1
2025,6,CLE,00-0037267,RB2
2025,6,CLE,00-0039379,WR3
2025,6,CLE,00-0040704,QB1
2025,6,CLE,00-0040782,WR2
2025,6,CLE,00-0040784,RB1
2025,6,DAL,00-0033077,QB1
2025,6,DAL,00-0036358,WR1
2025,6,DAL,00-0036997,RB1
2025,6,DAL,00-0037247,WR2
2025,6,DAL,00-0037666,WR3
2025,6,DAL,00-0038041,TE1
2025,6,DAL,00-0040586,RB2
2025,6,DEN,00-0033881,TE1
2025,6,DEN,00-0034348,WR1
2025,6,DEN,00-0036158,RB1
2025,6,DEN,00-0038976,WR3
2025,6,DEN,00-0039732,QB1
2025,6,DEN,00-0039868,WR2
2025,6,DEN,00-0040730,RB2
2025,6,DET,00-0032464,WR3
2025,6,DET,00-0033106,QB1
2025,6,DET,00-0035685,RB2
2025,6,DET,00-0036963,WR1
2025,6,DET,00-0037240,WR2
2025,6,DET,00-0039065,TE1
2025,6,DET,00-0039139,RB1
2025,6,GB,00-0035700,RB1
2025,6,GB,00-0036264,QB1
2025,6,GB,00-0037816,WR2
2025,6,GB,00-0038393,WR3
2025,6,GB,00-0038797,RB2
2025,6,GB,00-0038996,TE1
2025,6,GB,00-0040667,WR1
2025,6,IND,00-0035710,QB1
2025,6,IND,00-0036223,RB1
2025,6,IND,00-0036252,WR1
2025,6,IND,00-0037664,WR3
2025,6,IND,00-0038997,WR2
2025,6,IND,00-0040128,TE1
2025,6,IND,00-0040179,RB2
2025,6,JAX,00-0033246,TE1
2025,6,JAX,00-0036626,WR3
2025,6,JAX,00-0036971,QB1
2025,6,JAX,00-0036973,RB1
2025,6,JAX,00-0039893,WR1
2025,6,JAX,00-0040718,WR2
2025,6,JAX,00-0040719,RB2
2025,6,KC,00-0030506,TE1
2025,6,KC,00-0033857,WR3
2025,6,KC,00-0033873,QB1
2025,6,KC,00-0033923,RB2
2025,6,KC,00-0035662,WR2
2025,6,KC,00-0037197,RB1
2025,6,KC,00-0039894,WR1
2025,6,LA,00-0026498,QB1
2025,6,LA,00-0031381,WR2
2025,6,LA,00-0033110,TE1
2025,6,LA,00-0037840,RB1
2025,6,LA,00-0039075,WR1
2025,6,LA,00-0039738,RB2
2025,6,LA,00-0039751,WR3
2025,6,LAC,00-0030279,WR3
2025,6,LAC,00-0034159,TE1
2025,6,LAC,00-0036355,QB1
2025,6,LAC,00-0037617,RB1
2025,6,LAC,00-0038544,WR2
2025,6,LAC,00-0039391,RB2
2025,6,LAC,00-0039915,WR1
2025,6,LV,00-0030565,QB1
2025,6,LV,00-0031687,RB2
2025,6,LV,00-0034960,WR1
2025,6,LV,00-0038563,WR2
2025,6,LV,00-0039338,TE1
2025,6,LV,00-0040122,RB1
2025,6,LV,00-0040729,WR3
2025,6,MIA,00-0031610,TE1
2025,6,MIA,00-0036182,WR3
2025,6,MIA,00-0036212,QB1
2025,6,MIA,00-0036613,WR1
2025,6,MIA,00-0039040,RB1
2025,6,MIA,00-0039880,WR2
2025,6,MIA,00-0040198,RB2
2025,6,NE,00-0031588,WR1
2025,6,NE,00-0033090,TE1
2025,6,NE,00-0033555,WR3
2025,6,NE,00-0036875,RB1
2025,6,NE,00-0038608,WR2
2025,6,NE,00-0039851,QB1
2025,6,NE,00-0040734,RB2
2025,6,NO,00-0031236,WR3
2025,6,NO,00-0033906,RB1
2025,6,NO,00-0036040,TE1
2025,6,NO,00-0037239,WR1
2025,6,NO,00-0037545,WR2
2025,6,NO,00-0038551,RB2
2025,6,NO,00-0039376,QB1
2025,6,NYG,00-0035535,WR2
2025,6,NYG,00-0038117,WR1
2025,6,NYG,00-0038938,WR3
2025,6,NYG,00-0039384,RB2
2025,6,NYG,00-0039847,TE1
2025,6,NYG,00-0040691,QB1
2025,6,NYG,00-0040715,RB1
2025,6,NYJ,00-0033943,WR2
2025,6,NYJ,00-0036945,QB1
2025,6,NYJ,00-0037740,WR1
2025,6,NYJ,00-0038120,RB1
2025,6,NYJ,00-0039798,RB2
2025,6,NYJ,00-0040582,WR3
2025,6,NYJ,00-0040736,TE1
2025,6,PHI,00-0034351,TE1
2025,6,PHI,00-0034844,RB1
2025,6,PHI,00-0035676,WR1
2025,6,PHI,00-0036265,RB2
2025,6,PHI,00-0036389,QB1
2025,6,PHI,00-0036912,WR2
2025,6,PHI,00-0037741,WR3
2025,6,PIT,00-0023459,QB1
2025,6,PIT,00-0033858,TE1
2025,6,PIT,00-0035640,WR1
2025,6,PIT,00-0036862,WR3
2025,6,PIT,00-0036919,RB2
2025,6,PIT,00-0037228,RB1
2025,6,PIT,00-0037837,WR2
2025,6,SEA,00-0033908,WR2
2025,6,SEA,00-0034869,QB1
2025,6,SEA,00-0038134,RB1
2025,6,SEA,00-0038543,WR1
2025,6,SEA,00-0039165,RB2
2025,6,SEA,00-0039793,TE1
2025,6,SEA,00-0040648,WR3
2025,6,SF,00-0033280,RB1
2025,6,SF,00-0033307,WR3
2025,6,SF,00-0036259,WR1
2025,6,SF,00-0037112,TE1
2025,6,SF,00-0037746,RB2
2025,6,SF,00-0037834,QB1
2025,6,SF,00-0039916,WR2
2025,6,TB,00-0031408,WR1
2025,6,TB,00-0033921,WR2
2025,6,TB,00-0034855,QB1
2025,6,TB,00-0037256,RB2
2025,6,TB,00-0038129,TE1
2025,6,TB,00-0039361,RB1
2025,6,TB,00-0040129,WR3
2025,6,TEN,00-0034837,WR1
2025,6,TEN,00-0035261,RB1
2025,6,TEN,00-0037809,TE1
2025,6,TEN,00-0039032,RB2
2025,6,TEN,00-0040170,WR2
2025,6,TEN,00-0040676,QB1
2025,6,TEN,00-0040705,WR3
2025,6,WAS,00-0030061,TE1
2025,6,WAS,00-0033591,WR3
2025,6,WAS,00-0035659,WR1
2025,6,WAS,00-0035719,WR2
2025,6,WAS,00-0038611,RB2
2025,6,WAS,00-0039910,QB1
2025,6,WAS,00-0040242,RB1
2025,7,ARI,00-0035228,QB1
2025,7,ATL,00-0036309,WR2
2025,7,ATL,00-0036970,TE1
2025,7,ATL,00-0037238,WR1
2025,7,ATL,00-0037263,RB2
2025,7,ATL,00-0038542,RB1
2025,7,ATL,00-0039394,WR3
2025,7,ATL,00-0039917,QB1
2025,7,CAR,00-0036139,RB2
2025,7,CAR,00-0036555,RB1
2025,7,CAR,00-0039150,QB1
2025,7,CAR,00-0039342,WR2
2025,7,CAR,00-0039356,TE1
2025,7,CAR,00-0039491,WR3
2025,7,CAR,00-0040124,WR1
2025,7,CHI,00-0034827,WR2
2025,7,CHI,00-0035208,WR3
2025,7,CHI,00-0036275,RB1
2025,7,CHI,00-0036290,TE1
2025,7,CHI,00-0039918,QB1
2025,7,CHI,00-0039919,WR1
2025,7,CHI,00-0040236,RB2
2025,7,CIN,00-0026158,QB1
2025,7,CIN,00-0033526,RB2
2025,7,CIN,00-0035644,TE1
2025,7,CIN,00-0036410,WR2
2025,7,CIN,00-0036900,WR1
2025,7,CIN,00-0038597,RB1
2025,7,CIN,00-0038619,WR3
2025,7,CLE,00-0033885,TE1
2025,7,CLE,00-0036407,WR1
2025,7,CLE,00-0037267,RB2
2025,7,CLE,00-0039379,WR3
2025,7,CLE,00-0040704,QB1
2025,7,CLE,00-0040782,WR2
2025,7,CLE,00-0040784,RB1
2025,7,DAL,00-0033077,QB1
2025,7,DAL,00-0036358,WR1
2025,7,DAL,00-0036997,RB1
2025,7,DAL,00-0037247,WR2
2025,7,DAL,00-0038041,TE1
2025,7,DAL,00-0039410,WR3
2025,7,DAL,00-0040586,RB2
2025,7,DEN,00-0033881,TE1
2025,7,DEN,00-0034348,WR1
2025,7,DEN,00-0036158,RB1
2025,7,DEN,00-0038976,WR3
2025,7,DEN,00-0039732,QB1
2025,7,DEN,00-0039868,WR2
2025,7,DEN,00-0040730,RB2
2025,7,DET,00-0033106,QB1
2025,7,DET,00-0035685,RB2
2025,7,DET,00-0036963,WR1
2025,7,DET,00-0037240,WR2
2025,7,DET,00-0039065,TE1
2025,7,DET,00-0039139,RB1
2025,7,DET,00-0040669,WR3
2025,7,GB,00-0035700,RB1
2025,7,GB,00-0036264,QB1
2025,7,GB,00-0037816,WR2
2025,7,GB,00-0038393,WR3
2025,7,GB,00-0038797,RB2
2025,7,GB,00-0038996,TE1
2025,7,GB,00-0040667,WR1
2025,7,HOU,00-0034383,TE1
2025,7,HOU,00-0034775,WR2
2025,7,HOU,00-0034791,RB1
2025,7,HOU,00-0036554,WR1
2025,7,HOU,00-0038618,WR3
2025,7,HOU,00-0039163,QB1
2025,7,HOU,00-0040583,RB2
2025,7,IND,00-0035710,QB1
2025,7,IND,00-0036223,RB1
2025,7,IND,00-0036252,WR1
2025,7,IND,00-0037664,WR3
2025,7,IND,00-0038997,WR2
2025,7,IND,00-0040128,TE1
2025,7,IND,00-0040179,RB2
2025,7,JAX,00-0036626,WR3
2025,7,JAX,00-0036971,QB1
2025,7,JAX,00-0036973,RB1
2025,7,JAX,00-0037004,TE1
2025,7,JAX,00-0039893,WR1
2025,7,JAX,00-0040718,WR2
2025,7,JAX,00-0040719,RB2
2025,7,KC,00-0030506,TE1
2025,7,KC,00-0033873,QB1
2025,7,KC,00-0033923,RB2
2025,7,KC,00-0035662,WR3
2025,7,KC,00-0037197,RB1
2025,7,KC,00-0039067,WR1
2025,7,KC,00-0039894,WR2
2025,7,LA,00-0026498,QB1
2025,7,LA,00-0031381,WR2
2025,7,LA,00-0033110,TE1
2025,7,LA,00-0037840,RB1
2025,7,LA,00-0039075,WR1
2025,7,LA,00-0039738,RB2
2025,7,LA,00-0039751,WR3
2025,7,LAC,00-0030279,WR3
2025,7,LAC,00-0036355,QB1
2025,7,LAC,00-0037617,RB2
2025,7,LAC,00-0038544,WR2
2025,7,LAC,00-0039391,RB1
2025,7,LAC,00-0039915,WR1
2025,7,LAC,00-0040189,TE1
2025,7,LV,00-0030565,QB1
2025,7,LV,00-0031687,RB2
2025,7,LV,00-0034960,WR1
2025,7,LV,00-0038563,WR2
2025,7,LV,00-0039338,TE1
2025,7,LV,00-0040122,RB1
2025,7,LV,00-0040729,WR3
2025,7,MIA,00-0031610,TE1
2025,7,MIA,00-0036182,WR3
2025,7,MIA,00-0036212,QB1
2025,7,MIA,00-0036613,WR1
2025,7,MIA,00-0039040,RB1
2025,7,MIA,00-0039880,WR2
2025,7,MIA,00-0040198,RB2
2025,7,MIN,00-0035229,TE1
2025,7,MIN,00-0036322,WR1
2025,7,MIN,00-0037291,WR3
2025,7,MIN,00-0037525,RB1
2025,7,MIN,00-0038440,RB2
2025,7,MIN,00-0038994,WR2
2025,7,MIN,00-0039923,QB1
2025,7,NE,00-0031588,WR1
2025,7,NE,00-0033090,TE1
2025,7,NE,00-0033555,WR3
2025,7,NE,00-0036875,RB1
2025,7,NE,00-0038608,WR2
2025,7,NE,00-0039851,QB1
2025,7,NE,00-0040734,RB2
2025,7,NO,00-0031236,WR3
2025,7,NO,00-0033906,RB1
2025,7,NO,00-0036040,TE1
2025,7,NO,00-0037239,WR1
2025,7,NO,00-0037545,WR2
2025,7,NO,00-0038551,RB2
2025,7,NO,00-0039376,QB1
2025,7,NYG,00-0035406,WR3
2025,7,NYG,00-0035535,WR2
2025,7,NYG,00-0038117,WR1
2025,7,NYG,00-0039384,RB2
2025,7,NYG,00-0039847,TE1
2025,7,NYG,00-0040691,QB1
2025,7,NYG,00-0040715,RB1
2025,7,NYJ,00-0033943,WR2
2025,7,NYJ,00-0036945,QB1
2025,7,NYJ,00-0037740,WR1
2025,7,NYJ,00-0038120,RB1
2025,7,NYJ,00-0039798,RB2
2025,7,NYJ,00-0040582,WR3
2025,7,NYJ,00-0040736,TE1
2025,7,PHI,00-0034351,TE1
2025,7,PHI,00-0034844,RB1
2025,7,PHI,00-0035676,WR1
2025,7,PHI,00-0036265,RB2
2025,7,PHI,00-0036389,QB1
2025,7,PHI,00-0036912,WR2
2025,7,PHI,00-0037741,WR3
2025,7,PIT,00-0023459,QB1
2025,7,PIT,00-0035298,WR3
2025,7,PIT,00-0035640,WR1
2025,7,PIT,00-0036919,RB2
2025,7,PIT,00-0037228,RB1
2025,7,PIT,00-0037837,WR2
2025,7,PIT,00-0038558,TE1
2025,7,SEA,00-0033908,WR2
2025,7,SEA,00-0034869,QB1
2025,7,SEA,00-0038134,RB1
2025,7,SEA,00-0038543,WR1
2025,7,SEA,00-0039165,RB2
2025,7,SEA,00-0039793,TE1
2025,7,SEA,00-0040648,WR3
2025,7,SF,00-0033280,RB1
2025,7,SF,00-0033288,TE1
2025,7,SF,00-0033307,WR3
2025,7,SF,00-0036259,WR1
2025,7,SF,00-0037746,RB2
2025,7,SF,00-0037834,QB1
2025,7,SF,00-0039916,WR2
2025,7,TB,00-0031408,WR1
2025,7,TB,00-0033921,WR3
2025,7,TB,00-0034855,QB1
2025,7,TB,00-0037256,RB2
2025,7,TB,00-0038129,TE1
2025,7,TB,00-0039361,RB1
2025,7,TB,00-0040129,WR2
2025,7,TEN,00-0034837,WR1
2025,7,TEN,00-0035261,RB1
2025,7,TEN,00-0036415,WR3
2025,7,TEN,00-0037809,TE1
2025,7,TEN,00-0039032,RB2
2025,7,TEN,00-0040170,WR2
2025,7,TEN,00-0040676,QB1
2025,7,WAS,00-0030061,TE1
2025,7,WAS,00-0035659,WR1
2025,7,WAS,00-0035719,WR2
2025,7,WAS,00-0038611,RB2
2025,7,WAS,00-0039355,WR3
2025,7,WAS,00-0039910,QB1
2025,7,WAS,00-0040242,RB1
2025,8,ATL,00-0035359,WR3
2025,8,ATL,00-0036309,WR2
2025,8,ATL,00-0036970,TE1
2025,8,ATL,00-0037238,WR1
2025,8,ATL,00-0037263,RB2
2025,8,ATL,00-0038542,RB1
2025,8,ATL,00-0039917,QB1
2025,8,BAL,00-0030564,WR3
2025,8,BAL,00-0032764,RB1
2025,8,BAL,00-0034753,TE1
2025,8,BAL,00-0034796,QB1
2025,8,BAL,00-0034975,RB2
2025,8,BAL,00-0036550,WR2
2025,8,BAL,00-0039064,WR1
2025,8,BUF,00-0034857,QB1
2025,8,BUF,00-0035537,RB2
2025,8,BUF,00-0036988,WR3
2025,8,BUF,00-0037248,RB1
2025,8,BUF,00-0037261,WR2
2025,8,BUF,00-0038933,TE1
2025,8,BUF,00-0039901,WR1
2025,8,CAR,00-0036139,RB2
2025,8,CAR,00-0036555,RB1
2025,8,CAR,00-0039150,QB1
2025,8,CAR,00-0039342,WR2
2025,8,CAR,00-0039356,TE1
2025,8,CAR,00-0039491,WR3
2025,8,CAR,00-0040124,WR1
2025,8,CHI,00-0034827,WR2
2025,8,CHI,00-0035208,WR3
2025,8,CHI,00-0036275,RB1
2025,8,CHI,00-0036290,TE1
2025,8,CHI,00-0039918,QB1
2025,8,CHI,00-0039919,WR1
2025,8,CHI,00-0040236,RB2
2025,8,CIN,00-0026158,QB1
2025,8,CIN,00-0033526,RB2
2025,8,CIN,00-0035644,TE1
2025,8,CIN,00-0036410,WR2
2025,8,CIN,00-0036900,WR1
2025,8,CIN,00-0038597,RB1
2025,8,CIN,00-0038619,WR3
2025,8,CLE,00-0033885,TE1
2025,8,CLE,00-0036407,WR1
2025,8,CLE,00-0037267,RB2
2025,8,CLE,00-0039379,WR3
2025,8,CLE,00-0040704,QB1
2025,8,CLE,00-0040782,WR2
2025,8,CLE,00-0040784,RB1
2025,8,DAL,00-0033077,QB1
2025,8,DAL,00-0036358,WR1
2025,8,DAL,00-0036997,RB1
2025,8,DAL,00-0037247,WR2
2025,8,DAL,00-0037666,WR3
2025,8,DAL,00-0038041,TE1
2025,8,DAL,00-0040586,RB2
2025,8,DEN,00-0033881,TE1
2025,8,DEN,00-0034348,WR1
2025,8,DEN,00-0036158,RB1
2025,8,DEN,00-0038976,WR3
2025,8,DEN,00-0039732,QB1
2025,8,DEN,00-0039868,WR2
2025,8,DEN,00-0040730,RB2
2025,8,GB,00-0035700,RB1
2025,8,GB,00-0036264,QB1
2025,8,GB,00-0037816,WR2
2025,8,GB,00-0038124,WR3
2025,8,GB,00-0038797,RB2
2025,8,GB,00-0038996,TE1
2025,8,GB,00-0040667,WR1
2025,8,HOU,00-0034383,TE1
2025,8,HOU,00-0034775,WR2
2025,8,HOU,00-0034791,RB1
2025,8,HOU,00-0036554,WR1
2025,8,HOU,00-0038618,WR3
2025,8,HOU,00-0039163,QB1
2025,8,HOU,00-0040583,RB2
2025,8,IND,00-0032104,RB2
2025,8,IND,00-0035710,QB1
2025,8,IND,00-0036223,RB1
2025,8,IND,00-0036252,WR1
2025,8,IND,00-0037664,WR3
2025,8,IND,00-0038997,WR2
2025,8,IND,00-0040128,TE1
2025,8,KC,00-0030506,TE1
2025,8,KC,00-0033873,QB1
2025,8,KC,00-0033923,RB2
2025,8,KC,00-0035662,WR3
2025,8,KC,00-0037197,RB1
2025,8,KC,00-0039067,WR1
2025,8,KC,00-0039894,WR2
2025,8,LAC,00-0030279,WR2
2025,8,LAC,00-0036355,QB1
2025,8,LAC,00-0037617,RB2
2025,8,LAC,00-0038544,WR3
2025,8,LAC,00-0039391,RB1
2025,8,LAC,00-0039915,WR1
2025,8,LAC,00-0040189,TE1
2025,8,MIA,00-0036182,WR3
2025,8,MIA,00-0036212,QB1
2025,8,MIA,00-0036613,WR1
2025,8,MIA,00-0038720,TE1
2025,8,MIA,00-0039040,RB1
2025,8,MIA,00-0039880,WR2
2025,8,MIA,00-0040198,RB2
2025,8,MIN,00-0035229,TE1
2025,8,MIN,00-0036322,WR1
2025,8,MIN,00-0037291,WR3
2025,8,MIN,00-0037525,RB1
2025,8,MIN,00-0038440,RB2
2025,8,MIN,00-0038994,WR2
2025,8,MIN,00-0039923,QB1
2025,8,NE,00-0031588,WR1
2025,8,NE,00-0033090,TE1
2025,8,NE,00-0033555,WR3
2025,8,NE,00-0036875,RB1
2025,8,NE,00-0038608,WR2
2025,8,NE,00-0039851,QB1
2025,8,NE,00-0040734,RB2
2025,8,NO,00-0031236,WR3
2025,8,NO,00-0033906,RB1
2025,8,NO,00-0036040,TE1
2025,8,NO,00-0037239,WR1
2025,8,NO,00-0037545,WR2
2025,8,NO,00-0039376,QB1
2025,8,NO,00-0040202,RB2
2025,8,NYG,00-0035406,WR3
2025,8,NYG,00-0035535,WR2
2025,8,NYG,00-0038117,WR1
2025,8,NYG,00-0039384,RB2
2025,8,NYG,00-0039847,TE1
2025,8,NYG,00-0040691,QB1
2025,8,NYG,00-0040715,RB1
2025,8,NYJ,00-0034521,WR3
2025,8,NYJ,00-0036945,QB1
2025,8,NYJ,00-0037740,WR1
2025,8,NYJ,00-0038120,RB1
2025,8,NYJ,00-0039798,RB2
2025,8,NYJ,00-0040582,WR2
2025,8,NYJ,00-0040736,TE1
2025,8,PHI,00-0034351,TE1
2025,8,PHI,00-0034844,RB1
2025,8,PHI,00-0035676,WR1
2025,8,PHI,00-0036389,QB1
2025,8,PHI,00-0036912,WR2
2025,8,PHI,00-0037741,WR3
2025,8,PHI,00-0039746,RB2
2025,8,PIT,00-0023459,QB1
2025,8,PIT,00-0033858,TE1
2025,8,PIT,00-0035640,WR1
2025,8,PIT,00-0036919,RB2
2025,8,PIT,00-0037228,RB1
2025,8,PIT,00-0037837,WR2
2025,8,PIT,00-0039739,WR3
2025,8,SF,00-0033280,RB1
2025,8,SF,00-0033288,TE1
2025,8,SF,00-0033307,WR3
2025,8,SF,00-0036259,WR1
2025,8,SF,00-0037746,RB2
2025,8,SF,00-0037834,QB1
2025,8,SF,00-0039916,WR2
2025,8,TB,00-0032385,WR3
2025,8,TB,00-0033921,WR2
2025,8,TB,00-0034855,QB1
2025,8,TB,00-0037256,RB2
2025,8,TB,00-0038129,TE1
2025,8,TB,00-0039361,RB1
2025,8,TB,00-0040129,WR1
2025,8,TEN,00-0034837,WR1
2025,8,TEN,00-0035261,RB1
2025,8,TEN,00-0036415,WR3
2025,8,TEN,00-0037809,TE1
2025,8,TEN,00-0039032,RB2
2025,8,TEN,00-0040170,WR2
2025,8,TEN,00-0040676,QB1
2025,8,WAS,00-0030061,TE1
2025,8,WAS,00-0032398,WR3
2025,8,WAS,00-0033955,RB2
2025,8,WAS,00-0035659,WR1
2025,8,WAS,00-0035719,WR2
2025,8,WAS,00-0039910,QB1
2025,8,WAS,00-0040242,RB1
2025,9,ARI,00-0033891,WR3
2025,9,ARI,00-0035228,QB1
2025,9,ARI,00-0037157,RB1
2025,9,ARI,00-0037744,TE1
2025,9,ARI,00-0038559,WR2
2025,9,ARI,00-0038705,RB2
2025,9,ARI,00-0039849,WR1
2025,9,ATL,00-0035359,WR3
2025,9,ATL,00-0036309,WR2
2025,9,ATL,00-0036970,TE1
2025,9,ATL,00-0037238,WR1
2025,9,ATL,00-0037263,RB2
2025,9,ATL,00-0038542,RB1
2025,9,ATL,00-0039917,QB1
2025,9,BAL,00-0030564,WR3
2025,9,BAL,00-0032764,RB1
2025,9,BAL,00-0034753,TE1
2025,9,BAL,00-0034796,QB1
2025,9,BAL,00-0034975,RB2
2025,9,BAL,00-0036550,WR2
2025,9,BAL,00-0039064,WR1
2025,9,BUF,00-0034857,QB1
2025,9,BUF,00-0035537,RB2
2025,9,BUF,00-0036988,WR3
2025,9,BUF,00-0037248,RB1
2025,9,BUF,00-0037261,WR2
2025,9,BUF,00-0038933,TE1
2025,9,BUF,00-0039901,WR1
2025,9,CAR,00-0036139,RB1
2025,9,CAR,00-0036555,RB2
2025,9,CAR,00-0039150,QB1
2025,9,CAR,00-0039342,WR2
2025,9,CAR,00-0039356,TE1
2025,9,CAR,00-0039491,WR3
2025,9,CAR,00-0040124,WR1
2025,9,CHI,00-0034827,WR2
2025,9,CHI,00-0035208,WR3
2025,9,CHI,00-0036275,RB1
2025,9,CHI,00-0036290,TE1
2025,9,CHI,00-0039918,QB1
2025,9,CHI,00-0039919,WR1
2025,9,CHI,00-0040236,RB2
2025,9,CIN,00-0026158,QB1
2025,9,CIN,00-0033526,RB2
2025,9,CIN,00-0035644,TE1
2025,9,CIN,00-0036410,WR2
2025,9,CIN,00-0036900,WR1
2025,9,CIN,00-0038597,RB1
2025,9,CIN,00-0038619,WR3
2025,9,DAL,00-0033077,QB1
2025,9,DAL,00-0036358,WR1
2025,9,DAL,00-0036997,RB1
2025,9,DAL,00-0037247,WR2
2025,9,DAL,00-0037666,WR3
2025,9,DAL,00-0038041,TE1
2025,9,DAL,00-0040586,RB2
2025,9,DEN,00-0033881,TE1
2025,9,DEN,00-0034348,WR1
2025,9,DEN,00-0036158,RB1
2025,9,DEN,00-0038976,WR3
2025,9,DEN,00-0039732,QB1
2025,9,DEN,00-0039868,WR2
2025,9,DEN,00-0040730,RB2
2025,9,DET,00-0033106,QB1
2025,9,DET,00-0035685,RB2
2025,9,DET,00-0036963,WR1
2025,9,DET,00-0037240,WR2
2025,9,DET,00-0039065,TE1
2025,9,DET,00-0039139,RB1
2025,9,DET,00-0040669,WR3
2025,9,GB,00-0035700,RB1
2025,9,GB,00-0036264,QB1
2025,9,GB,00-0037816,WR1
2025,9,GB,00-0038124,WR3
2025,9,GB,00-0038797,RB2
2025,9,GB,00-0038996,TE1
2025,9,GB,00-0040667,WR2
2025,9,HOU,00-0034383,TE1
2025,9,HOU,00-0034775,WR2
2025,9,HOU,00-0034791,RB1
2025,9,HOU,00-0036554,WR1
2025,9,HOU,00-0039163,QB1
2025,9,HOU,00-0040130,WR3
2025,9,HOU,00-0040583,RB2
2025,9,IND,00-0032104,RB2
2025,9,IND,00-0035710,QB1
2025,9,IND,00-0036223,RB1
2025,9,IND,00-0036252,WR1
2025,9,IND,00-0037664,WR2
2025,9,IND,00-0038997,WR3
2025,9,IND,00-0040128,TE1
2025,9,JAX,00-0036626,WR3
2025,9,JAX,00-0036971,QB1
2025,9,JAX,00-0036973,RB1
2025,9,JAX,00-0037004,TE1
2025,9,JAX,00-0038606,WR2
2025,9,JAX,00-0039893,WR1
2025,9,JAX,00-0040719,RB2
2025,9,KC,00-0030506,TE1
2025,9,KC,00-0033873,QB1
2025,9,KC,00-0033923,RB2
2025,9,KC,00-0035662,WR3
2025,9,KC,00-0037197,RB1
2025,9,KC,00-0039067,WR1
2025,9,KC,00-0039894,WR2
2025,9,LA,00-0026498,QB1
2025,9,LA,00-0031381,WR2
2025,9,LA,00-0033110,TE1
2025,9,LA,00-0037840,RB1
2025,9,LA,00-0039075,WR1
2025,9,LA,00-0039738,RB2
2025,9,LA,00-0039751,WR3
2025,9,LAC,00-0030279,WR2
2025,9,LAC,00-0036355,QB1
2025,9,LAC,00-0036755,RB2
2025,9,LAC,00-0038544,WR3
2025,9,LAC,00-0039391,RB1
2025,9,LAC,00-0039915,WR1
2025,9,LAC,00-0040189,TE1
2025,9,LV,00-0030565,QB1
2025,9,LV,00-0031687,RB2
2025,9,LV,00-0034960,WR1
2025,9,LV,00-0038563,WR2
2025,9,LV,00-0039338,TE1
2025,9,LV,00-0040122,RB1
2025,9,LV,00-0040729,WR3
2025,9,MIA,00-0036182,WR3
2025,9,MIA,00-0036212,QB1
2025,9,MIA,00-0036613,WR1
2025,9,MIA,00-0038720,TE1
2025,9,MIA,00-0039040,RB1
2025,9,MIA,00-0039880,WR2
2025,9,MIA,00-0040198,RB2
2025,9,MIN,00-0033293,RB2
2025,9,MIN,00-0035229,TE1
2025,9,MIN,00-0036322,WR1
2025,9,MIN,00-0037291,WR3
2025,9,MIN,00-0037525,RB1
2025,9,MIN,00-0038994,WR2
2025,9,MIN,00-0039923,QB1
2025,9,NE,00-0031588,WR1
2025,9,NE,00-0033090,TE1
2025,9,NE,00-0033555,WR3
2025,9,NE,00-0036875,RB1
2025,9,NE,00-0038608,WR2
2025,9,NE,00-0039851,QB1
2025,9,NE,00-0040734,RB2
2025,9,NO,00-0031236,WR3
2025,9,NO,00-0033906,RB1
2025,9,NO,00-0036040,TE1
2025,9,NO,00-0037239,WR1
2025,9,NO,00-0037545,WR2
2025,9,NO,00-0040202,RB2
2025,9,NO,00-0040743,QB1
2025,9,NYG,00-0035250,RB2
2025,9,NYG,00-0035535,WR2
2025,9,NYG,00-0038117,WR1
2025,9,NYG,00-0039384,RB1
2025,9,NYG,00-0039847,TE1
2025,9,NYG,00-0040432,WR3
2025,9,NYG,00-0040691,QB1
2025,9,PIT,00-0023459,QB1
2025,9,PIT,00-0033858,TE1
2025,9,PIT,00-0035640,WR1
2025,9,PIT,00-0036919,RB2
2025,9,PIT,00-0037228,RB1
2025,9,PIT,00-0037837,WR2
2025,9,PIT,00-0039739,WR3
2025,9,SEA,00-0033908,WR2
2025,9,SEA,00-0034869,QB1
2025,9,SEA,00-0038134,RB1
2025,9,SEA,00-0038543,WR1
2025,9,SEA,00-0039165,RB2
2025,9,SEA,00-0039793,TE1
2025,9,SEA,00-0040648,WR3
2025,9,SF,00-0033280,RB1
2025,9,SF,00-0033288,TE1
2025,9,SF,00-0033307,WR3
2025,9,SF,00-0036259,WR1
2025,9,SF,00-0037746,RB2
2025,9,SF,00-0037834,QB1
2025,9,SF,00-0039916,WR2
2025,9,TEN,00-0034837,WR1
2025,9,TEN,00-0035261,RB1
2025,9,TEN,00-0037809,TE1
2025,9,TEN,00-0039032,RB2
2025,9,TEN,00-0040170,WR2
2025,9,TEN,00-0040676,QB1
2025,9,TEN,00-0040705,WR3
2025,9,WAS,00-0030061,TE1
2025,9,WAS,00-0033955,RB2
2025,9,WAS,00-0035659,WR1
2025,9,WAS,00-0035719,WR2
2025,9,WAS,00-0039355,WR3
2025,9,WAS,00-0039910,QB1
2025,9,WAS,00-0040242,RB1
2025,10,ARI,00-0033119,QB1
2025,10,ARI,00-0033891,WR3
2025,10,ARI,00-0037157,RB1
2025,10,ARI,00-0037744,TE1
2025,10,ARI,00-0038559,WR2
2025,10,ARI,00-0038705,RB2
2025,10,ARI,00-0039849,WR1
2025,10,ATL,00-0035359,WR3
2025,10,ATL,00-0036309,WR2
2025,10,ATL,00-0036970,TE1
2025,10,ATL,00-0037238,WR1
2025,10,ATL,00-0037263,RB2
2025,10,ATL,00-0038542,RB1
2025,10,ATL,00-0039917,QB1
2025,10,BAL,00-0030564,WR3
2025,10,BAL,00-0032764,RB1
2025,10,BAL,00-0034753,TE1
2025,10,BAL,00-0034796,QB1
2025,10,BAL,00-0034975,RB2
2025,10,BAL,00-0036550,WR2
2025,10,BAL,00-0039064,WR1
2025,10,BUF,00-0034857,QB1
2025,10,BUF,00-0035537,RB2
2025,10,BUF,00-0036988,WR3
2025,10,BUF,00-0037248,RB1
2025,10,BUF,00-0037261,WR2
2025,10,BUF,00-0038933,TE1
2025,10,BUF,00-0039901,WR1
2025,10,CAR,00-0036139,RB1
2025,10,CAR,00-0036555,RB2
2025,10,CAR,00-0037005,TE1
2025,10,CAR,00-0039150,QB1
2025,10,CAR,00-0039342,WR2
2025,10,CAR,00-0039491,WR3
2025,10,CAR,00-0040124,WR1
2025,10,CHI,00-0034827,WR2
2025,10,CHI,00-0035208,WR3
2025,10,CHI,00-0036275,RB1
2025,10,CHI,00-0039918,QB1
2025,10,CHI,00-0039919,WR1
2025,10,CHI,00-0040126,TE1
2025,10,CHI,00-0040236,RB2
2025,10,CLE,00-0033885,TE1
2025,10,CLE,00-0036407,WR1
2025,10,CLE,00-0038979,WR2
2025,10,CLE,00-0040162,RB2
2025,10,CLE,00-0040704,QB1
2025,10,CLE,00-0040782,WR3
2025,10,CLE,00-0040784,RB1
2025,10,DEN,00-0033881,TE1
2025,10,DEN,00-0034348,WR1
2025,10,DEN,00-0036158,RB1
2025,10,DEN,00-0038976,WR3
2025,10,DEN,00-0039732,QB1
2025,10,DEN,00-0039868,WR2
2025,10,DEN,00-0040730,RB2
2025,10,DET,00-0032464,WR3
2025,10,DET,00-0033106,QB1
2025,10,DET,00-0035685,RB2
2025,10,DET,00-0036963,WR1
2025,10,DET,00-0037240,WR2
2025,10,DET,00-0039065,TE1
2025,10,DET,00-0039139,RB1
2025,10,GB,00-0035700,RB1
2025,10,GB,00-0036264,QB1
2025,10,GB,00-0037816,WR1
2025,10,GB,00-0038124,WR3
2025,10,GB,00-0038797,RB2
2025,10,GB,00-0039144,TE1
2025,10,GB,00-0040667,WR2
2025,10,HOU,00-0034383,TE1
2025,10,HOU,00-0034775,WR2
2025,10,HOU,00-0034791,RB1
2025,10,HOU,00-0036554,WR1
2025,10,HOU,00-0038618,WR3
2025,10,HOU,00-0039163,QB1
2025,10,HOU,00-0040583,RB2
2025,10,IND,00-0035710,QB1
2025,10,IND,00-0036223,RB1
2025,10,IND,00-0036252,WR1
2025,10,IND,00-0037120,RB2
2025,10,IND,00-0037664,WR2
2025,10,IND,00-0038997,WR3
2025,10,IND,00-0040128,TE1
2025,10,JAX,00-0034960,WR2
2025,10,JAX,00-0036971,QB1
2025,10,JAX,00-0036973,RB1
2025,10,JAX,00-0037004,TE1
2025,10,JAX,00-0038606,WR3
2025,10,JAX,00-0039893,WR1
2025,10,JAX,00-0040719,RB2
2025,10,LA,00-0026498,QB1
2025,10,LA,00-0031381,WR2
2025,10,LA,00-0033110,TE1
2025,10,LA,00-0037840,RB1
2025,10,LA,00-0039075,WR1
2025,10,LA,00-0039738,RB2
2025,10,LA,00-0039751,WR3
2025,10,LAC,00-0030279,WR2
2025,10,LAC,00-0036355,QB1
2025,10,LAC,00-0036755,RB2
2025,10,LAC,00-0038544,WR3
2025,10,LAC,00-0039391,RB1
2025,10,LAC,00-0039915,WR1
2025,10,LAC,00-0040189,TE1
2025,10,LV,00-0030565,QB1
2025,10,LV,00-0031687,RB2
2025,10,LV,00-0032211,WR2
2025,10,LV,00-0038563,WR1
2025,10,LV,00-0039338,TE1
2025,10,LV,00-0040122,RB1
2025,10,LV,00-0040729,WR3
2025,10,MIA,00-0036182,WR3
2025,10,MIA,00-0036212,QB1
2025,10,MIA,00-0036613,WR1
2025,10,MIA,00-0038720,TE1
2025,10,MIA,00-0039040,RB1
2025,10,MIA,00-0039880,WR2
2025,10,MIA,00-0040198,RB2
2025,10,MIN,00-0033293,RB2
2025,10,MIN,00-0035229,TE1
2025,10,MIN,00-0036322,WR1
2025,10,MIN,00-0037291,WR3
2025,10,MIN,00-0037525,RB1
2025,10,MIN,00-0038994,WR2
2025,10,MIN,00-0039923,QB1
2025,10,NE,00-0031588,WR1
2025,10,NE,00-0033090,TE1
2025,10,NE,00-0033555,WR3
2025,10,NE,00-0036875,RB1
2025,10,NE,00-0038608,WR2
2025,10,NE,00-0039851,QB1
2025,10,NE,00-0040734,RB2
2025,10,NO,00-0031236,WR2
2025,10,NO,00-0033906,RB1
2025,10,NO,00-0036040,TE1
2025,10,NO,00-0037239,WR1
2025,10,NO,00-0039424,WR3
2025,10,NO,00-0040202,RB2
2025,10,NO,00-0040743,QB1
2025,10,NYG,00-0034407,WR3
2025,10,NYG,00-0035250,RB2
2025,10,NYG,00-0035535,WR2
2025,10,NYG,00-0038117,WR1
2025,10,NYG,00-0039384,RB1
2025,10,NYG,00-0039847,TE1
2025,10,NYG,00-0040691,QB1
2025,10,NYJ,00-0036427,WR3
2025,10,NYJ,00-0036945,QB1
2025,10,NYJ,00-0037740,WR1
2025,10,NYJ,00-0038120,RB1
2025,10,NYJ,00-0039798,RB2
2025,10,NYJ,00-0039890,WR2
2025,10,NYJ,00-0040736,TE1
2025,10,PHI,00-0034351,TE1
2025,10,PHI,00-0034844,RB1
2025,10,PHI,00-0035676,WR1
2025,10,PHI,00-0036389,QB1
2025,10,PHI,00-0036912,WR2
2025,10,PHI,00-0037741,WR3
2025,10,PHI,00-0038555,RB2
2025,10,PIT,00-0023459,QB1
2025,10,PIT,00-0033858,TE1
2025,10,PIT,00-0035640,WR1
2025,10,PIT,00-0036919,RB2
2025,10,PIT,00-0037228,RB1
2025,10,PIT,00-0037837,WR2
2025,10,PIT,00-0039739,WR3
2025,10,SEA,00-0033908,WR3
2025,10,SEA,00-0034869,QB1
2025,10,SEA,00-0037545,WR2
2025,10,SEA,00-0038134,RB1
2025,10,SEA,00-0038543,WR1
2025,10,SEA,00-0039165,RB2
2025,10,SEA,00-0039793,TE1
2025,10,SF,00-0033280,RB1
2025,10,SF,00-0033288,TE1
2025,10,SF,00-0033307,WR3
2025,10,SF,00-0036259,WR1
2025,10,SF,00-0036972,QB1
2025,10,SF,00-0037746,RB2
2025,10,SF,00-0039916,WR2
2025,10,TB,00-0033921,WR2
2025,10,TB,00-0034855,QB1
2025,10,TB,00-0037256,RB2
2025,10,TB,00-0038129,TE1
2025,10,TB,00-0039361,RB1
2025,10,TB,00-0040129,WR1
2025,10,TB,00-0040237,WR3
2025,10,WAS,00-0030061,TE1
2025,10,WAS,00-0032268,QB1
2025,10,WAS,00-0035659,WR1
2025,10,WAS,00-0035719,WR2
2025,10,WAS,00-0038611,RB2
2025,10,WAS,00-0040164,WR3
2025,10,WAS,00-0040242,RB1
2025,11,ARI,00-0033119,QB1
2025,11,ARI,00-0035500,WR3
2025,11,ARI,00-0037157,RB1
2025,11,ARI,00-0037744,TE1
2025,11,ARI,00-0038559,WR2
2025,11,ARI,00-0038705,RB2
2025,11,ARI,00-0039849,WR1
2025,11,ATL,00-0035359,WR3
2025,11,ATL,00-0036309,WR2
2025,11,ATL,00-0036970,TE1
2025,11,ATL,00-0037238,WR1
2025,11,ATL,00-0037263,RB2
2025,11,ATL,00-0038542,RB1
2025,11,ATL,00-0039917,QB1
2025,11,BAL,00-0030564,WR3
2025,11,BAL,00-0032764,RB1
2025,11,BAL,00-0034753,TE1
2025,11,BAL,00-0034796,QB1
2025,11,BAL,00-0034975,RB2
2025,11,BAL,00-0036550,WR2
2025,11,BAL,00-0039064,WR1
2025,11,BUF,00-0034857,QB1
2025,11,BUF,00-0035537,RB2
2025,11,BUF,00-0036988,WR3
2025,11,BUF,00-0037248,RB1
2025,11,BUF,00-0037261,WR1
2025,11,BUF,00-0038933,TE1
2025,11,BUF,00-0039901,WR2
2025,11,CAR,00-0036139,RB1
2025,11,CAR,00-0036555,RB2
2025,11,CAR,00-0039150,QB1
2025,11,CAR,00-0039342,WR2
2025,11,CAR,00-0039356,TE1
2025,11,CAR,00-0039491,WR3
2025,11,CAR,00-0040124,WR1
2025,11,CHI,00-0034827,WR2
2025,11,CHI,00-0035208,WR3
2025,11,CHI,00-0036275,RB1
2025,11,CHI,00-0036290,TE1
2025,11,CHI,00-0039918,QB1
2025,11,CHI,00-0039919,WR1
2025,11,CHI,00-0040236,RB2
2025,11,CIN,00-0026158,QB1
2025,11,CIN,00-0033526,RB2
2025,11,CIN,00-0035644,TE1
2025,11,CIN,00-0036410,WR2
2025,11,CIN,00-0036900,WR1
2025,11,CIN,00-0038597,RB1
2025,11,CIN,00-0038619,WR3
2025,11,CLE,00-0033885,TE1
2025,11,CLE,00-0036407,WR1
2025,11,CLE,00-0038979,WR2
2025,11,CLE,00-0040162,RB2
2025,11,CLE,00-0040704,QB1
2025,11,CLE,00-0040782,WR3
2025,11,CLE,00-0040784,RB1
2025,11,DAL,00-0033077,QB1
2025,11,DAL,00-0036358,WR1
2025,11,DAL,00-0036997,RB1
2025,11,DAL,00-0037247,WR2
2025,11,DAL,00-0038041,TE1
2025,11,DAL,00-0039410,WR3
2025,11,DAL,00-0040586,RB2
2025,11,DEN,00-0033881,TE1
2025,11,DEN,00-0034348,WR1
2025,11,DEN,00-0037085,RB2
2025,11,DEN,00-0038976,WR3
2025,11,DEN,00-0039732,QB1
2025,11,DEN,00-0039868,WR2
2025,11,DEN,00-0040730,RB1
2025,11,DET,00-0032464,WR3
2025,11,DET,00-0033106,QB1
2025,11,DET,00-0035685,RB2
2025,11,DET,00-0036754,TE1
2025,11,DET,00-0036963,WR1
2025,11,DET,00-0037240,WR2
2025,11,DET,00-0039139,RB1
2025,11,GB,00-0035700,RB1
2025,11,GB,00-0036264,QB1
2025,11,GB,00-0037816,WR1
2025,11,GB,00-0038124,WR3
2025,11,GB,00-0038797,RB2
2025,11,GB,00-0039144,TE1
2025,11,GB,00-0040667,WR2
2025,11,HOU,00-0034383,TE1
2025,11,HOU,00-0034775,WR3
2025,11,HOU,00-0034791,RB2
2025,11,HOU,00-0036554,WR1
2025,11,HOU,00-0039163,QB1
2025,11,HOU,00-0040130,WR2
2025,11,HOU,00-0040583,RB1
2025,11,JAX,00-0034960,WR2
2025,11,JAX,00-0036971,QB1
2025,11,JAX,00-0036973,RB1
2025,11,JAX,00-0037004,TE1
2025,11,JAX,00-0038606,WR3
2025,11,JAX,00-0039893,WR1
2025,11,JAX,00-0040719,RB2
2025,11,KC,00-0030506,TE1
2025,11,KC,00-0033873,QB1
2025,11,KC,00-0033923,RB2
2025,11,KC,00-0035662,WR3
2025,11,KC,00-0037197,RB1
2025,11,KC,00-0039067,WR1
2025,11,KC,00-0039894,WR2
2025,11,LA,00-0026498,QB1
2025,11,LA,00-0031381,WR2
2025,11,LA,00-0033110,TE1
2025,11,LA,00-0037840,RB1
2025,11,LA,00-0039075,WR1
2025,11,LA,00-0039738,RB2
2025,11,LA,00-0039751,WR3
2025,11,LAC,00-0030279,WR2
2025,11,LAC,00-0036355,QB1
2025,11,LAC,00-0038544,WR3
2025,11,LAC,00-0039391,RB1
2025,11,LAC,00-0039915,WR1
2025,11,LAC,00-0040039,RB2
2025,11,LAC,00-0040189,TE1
2025,11,LV,00-0030565,QB1
2025,11,LV,00-0031687,RB2
2025,11,LV,00-0032211,WR2
2025,11,LV,00-0038563,WR1
2025,11,LV,00-0039338,TE1
2025,11,LV,00-0040122,RB1
2025,11,LV,00-0040729,WR3
2025,11,MIA,00-0036182,WR3
2025,11,MIA,00-0036212,QB1
2025,11,MIA,00-0036613,WR1
2025,11,MIA,00-0038720,TE1
2025,11,MIA,00-0039040,RB1
2025,11,MIA,00-0039880,WR2
2025,11,MIA,00-0040198,RB2
2025,11,MIN,00-0033293,RB1
2025,11,MIN,00-0035229,TE1
2025,11,MIN,00-0036322,WR1
2025,11,MIN,00-0037291,WR3
2025,11,MIN,00-0037525,RB2
2025,11,MIN,00-0038994,WR2
2025,11,MIN,00-0039923,QB1
2025,11,NE,00-0031588,WR1
2025,11,NE,00-0033090,TE1
2025,11,NE,00-0033555,WR3
2025,11,NE,00-0036875,RB1
2025,11,NE,00-0038608,WR2
2025,11,NE,00-0039851,QB1
2025,11,NE,00-0040734,RB2
2025,11,NYG,00-0035250,RB2
2025,11,NYG,00-0035535,WR2
2025,11,NYG,00-0035645,WR3
2025,11,NYG,00-0038117,WR1
2025,11,NYG,00-0039384,RB1
2025,11,NYG,00-0039847,TE1
2025,11,NYG,00-0040691,QB1
2025,11,NYJ,00-0036945,QB1
2025,11,NYJ,00-0037740,WR1
2025,11,NYJ,00-0038120,RB1
2025,11,NYJ,00-0039798,RB2
2025,11,NYJ,00-0039890,WR2
2025,11,NYJ,00-0040582,WR3
2025,11,NYJ,00-0040736,TE1
2025,11,PHI,00-0034351,TE1
2025,11,PHI,00-0034844,RB1
2025,11,PHI,00-0035676,WR1
2025,11,PHI,00-0036389,QB1
2025,11,PHI,00-0036912,WR2
2025,11,PHI,00-0037741,WR3
2025,11,PHI,00-0038555,RB2
2025,11,PIT,00-0023459,QB1
2025,11,PIT,00-0033858,TE1
2025,11,PIT,00-0035640,WR1
2025,11,PIT,00-0036919,RB2
2025,11,PIT,00-0037228,RB1
2025,11,PIT,00-0037837,WR2
2025,11,PIT,00-0039739,WR3
2025,11,SEA,00-0033908,WR2
2025,11,SEA,00-0034869,QB1
2025,11,SEA,00-0037545,WR3
2025,11,SEA,00-0038134,RB1
2025,11,SEA,00-0038543,WR1
2025,11,SEA,00-0039165,RB2
2025,11,SEA,00-0039793,TE1
2025,11,SF,00-0033280,RB1
2025,11,SF,00-0033288,TE1
2025,11,SF,00-0033307,WR3
2025,11,SF,00-0036259,WR1
2025,11,SF,00-0037746,RB2
2025,11,SF,00-0037834,QB1
2025,11,SF,00-0039916,WR2
2025,11,TB,00-0033921,WR2
2025,11,TB,00-0034855,QB1
2025,11,TB,00-0037256,RB2
2025,11,TB,00-0038129,TE1
2025,11,TB,00-0039361,RB1
2025,11,TB,00-0040129,WR1
2025,11,TB,00-0040237,WR3
2025,11,TEN,00-0034837,WR1
2025,11,TEN,00-0035261,RB1
2025,11,TEN,00-0037809,TE1
2025,11,TEN,00-0039032,RB2
2025,11,TEN,00-0040170,WR2
2025,11,TEN,00-0040676,QB1
2025,11,TEN,00-0040705,WR3
2025,11,WAS,00-0030061,TE1
2025,11,WAS,00-0035659,WR1
2025,11,WAS,00-0035719,WR2
2025,11,WAS,00-0037742,WR3
2025,11,WAS,00-0038611,RB2
2025,11,WAS,00-0039910,QB1
2025,11,WAS,00-0040242,RB1
2025,12,ARI,00-0033119,QB1
2025,12,ARI,00-0035500,WR3
2025,12,ARI,00-0037157,RB1
2025,12,ARI,00-0037744,TE1
2025,12,ARI,00-0038559,WR2
2025,12,ARI,00-0038705,RB2
2025,12,ARI,00-0039849,WR1
2025,12,ATL,00-0029604,QB1
2025,12,ATL,00-0035359,WR3
2025,12,ATL,00-0036309,WR2
2025,12,ATL,00-0036970,TE1
2025,12,ATL,00-0037238,WR1
2025,12,ATL,00-0037263,RB2
2025,12,ATL,00-0038542,RB1
2025,12,BAL,00-0030564,WR3
2025,12,BAL,00-0032764,RB1
2025,12,BAL,00-0034753,TE1
2025,12,BAL,00-0034796,QB1
2025,12,BAL,00-0034975,RB2
2025,12,BAL,00-0036550,WR2
2025,12,BAL,00-0039064,WR1
2025,12,BUF,00-0034857,QB1
2025,12,BUF,00-0035537,RB2
2025,12,BUF,00-0036988,WR3
2025,12,BUF,00-0037248,RB1
2025,12,BUF,00-0037261,WR1
2025,12,BUF,00-0038933,TE1
2025,12,BUF,00-0039901,WR2
2025,12,CAR,00-0036139,RB1
2025,12,CAR,00-0036555,RB2
2025,12,CAR,00-0039150,QB1
2025,12,CAR,00-0039342,WR2
2025,12,CAR,00-0039356,TE1
2025,12,CAR,00-0039491,WR3
2025,12,CAR,00-0040124,WR1
2025,12,CHI,00-0034827,WR2
2025,12,CHI,00-0036275,RB1
2025,12,CHI,00-0036290,TE1
2025,12,CHI,00-0039918,QB1
2025,12,CHI,00-0039919,WR1
2025,12,CHI,00-0040236,RB2
2025,12,CHI,00-0040735,WR3
2025,12,CIN,00-0026158,QB1
2025,12,CIN,00-0033526,RB2
2025,12,CIN,00-0035644,TE1
2025,12,CIN,00-0036410,WR2
2025,12,CIN,00-0036900,WR1
2025,12,CIN,00-0038597,RB1
2025,12,CIN,00-0038619,WR3
2025,12,CLE,00-0036407,WR1
2025,12,CLE,00-0038979,WR2
2025,12,CLE,00-0040162,RB2
2025,12,CLE,00-0040663,TE1
2025,12,CLE,00-0040704,QB1
2025,12,CLE,00-0040782,WR3
2025,12,CLE,00-0040784,RB1
2025,12,DAL,00-0033077,QB1
2025,12,DAL,00-0036358,WR1
2025,12,DAL,00-0036997,RB1
2025,12,DAL,00-0037247,WR2
2025,12,DAL,00-0037563,RB2
2025,12,DAL,00-0038041,TE1
2025,12,DAL,00-0039410,WR3
2025,12,DET,00-0032464,WR3
2025,12,DET,00-0033106,QB1
2025,12,DET,00-0035685,RB2
2025,12,DET,00-0036754,TE1
2025,12,DET,00-0036963,WR1
2025,12,DET,00-0037240,WR2
2025,12,DET,00-0039139,RB1
2025,12,GB,00-0035700,RB1
2025,12,GB,00-0036264,QB1
2025,12,GB,00-0037816,WR2
2025,12,GB,00-0038124,WR1
2025,12,GB,00-0038797,RB2
2025,12,GB,00-0039144,TE1
2025,12,GB,00-0040667,WR3
2025,12,HOU,00-0034383,TE1
2025,12,HOU,00-0034775,WR3
2025,12,HOU,00-0034791,RB2
2025,12,HOU,00-0036554,WR1
2025,12,HOU,00-0039163,QB1
2025,12,HOU,00-0040130,WR2
2025,12,HOU,00-0040583,RB1
2025,12,IND,00-0035710,QB1
2025,12,IND,00-0036223,RB1
2025,12,IND,00-0036252,WR1
2025,12,IND,00-0037120,RB2
2025,12,IND,00-0037664,WR2
2025,12,IND,00-0038997,WR3
2025,12,IND,00-0040128,TE1
2025,12,JAX,00-0034960,WR2
2025,12,JAX,00-0036971,QB1
2025,12,JAX,00-0036973,RB1
2025,12,JAX,00-0038606,WR3
2025,12,JAX,00-0038935,TE1
2025,12,JAX,00-0039893,WR1
2025,12,JAX,00-0040719,RB2
2025,12,KC,00-0030506,TE1
2025,12,KC,00-0033873,QB1
2025,12,KC,00-0033923,RB2
2025,12,KC,00-0035662,WR3
2025,12,KC,00-0037197,RB1
2025,12,KC,00-0039067,WR1
2025,12,KC,00-0039894,WR2
2025,12,LA,00-0026498,QB1
2025,12,LA,00-0031381,WR2
2025,12,LA,00-0036244,TE1
2025,12,LA,00-0037840,RB1
2025,12,LA,00-0039075,WR1
2025,12,LA,00-0039738,RB2
2025,12,LA,00-0039751,WR3
2025,12,LV,00-0030565,QB1
2025,12,LV,00-0031687,RB2
2025,12,LV,00-0032211,WR2
2025,12,LV,00-0038563,WR1
2025,12,LV,00-0039338,TE1
2025,12,LV,00-0040122,RB1
2025,12,LV,00-0040729,WR3
2025,12,MIN,00-0033293,RB1
2025,12,MIN,00-0035229,TE1
2025,12,MIN,00-0036322,WR1
2025,12,MIN,00-0037291,WR3
2025,12,MIN,00-0037525,RB2
2025,12,MIN,00-0038994,WR2
2025,12,MIN,00-0039923,QB1
2025,12,NE,00-0031588,WR1
2025,12,NE,00-0033090,TE1
2025,12,NE,00-0033555,WR3
2025,12,NE,00-0036875,RB1
2025,12,NE,00-0038608,WR2
2025,12,NE,00-0039851,QB1
2025,12,NE,00-0040734,RB2
2025,12,NO,00-0033906,RB1
2025,12,NO,00-0036040,TE1
2025,12,NO,00-0037239,WR1
2025,12,NO,00-0039424,WR2
2025,12,NO,00-0039623,WR3
2025,12,NO,00-0040202,RB2
2025,12,NO,00-0040743,QB1
2025,12,NYG,00-0035250,RB2
2025,12,NYG,00-0035535,WR2
2025,12,NYG,00-0036165,WR3
2025,12,NYG,00-0038117,WR1
2025,12,NYG,00-0039384,RB1
2025,12,NYG,00-0039847,TE1
2025,12,NYG,00-0040691,QB1
2025,12,NYJ,00-0028118,QB1
2025,12,NYJ,00-0037614,WR2
2025,12,NYJ,00-0038120,RB1
2025,12,NYJ,00-0039451,WR3
2025,12,NYJ,00-0039798,RB2
2025,12,NYJ,00-0039890,WR1
2025,12,NYJ,00-0040736,TE1
2025,12,PHI,00-0034351,TE1
2025,12,PHI,00-0034844,RB1
2025,12,PHI,00-0035676,WR1
2025,12,PHI,00-0036389,QB1
2025,12,PHI,00-0036912,WR2
2025,12,PHI,00-0037741,WR3
2025,12,PHI,00-0038555,RB2
2025,12,PIT,00-0023459,QB1
2025,12,PIT,00-0035640,WR1
2025,12,PIT,00-0036919,RB2
2025,12,PIT,00-0037228,RB1
2025,12,PIT,00-0037837,WR2
2025,12,PIT,00-0038558,TE1
2025,12,PIT,00-0039739,WR3
2025,12,SEA,00-0033908,WR2
2025,12,SEA,00-0034869,QB1
2025,12,SEA,00-0037545,WR3
2025,12,SEA,00-0038134,RB1
2025,12,SEA,00-0038543,WR1
2025,12,SEA,00-0039165,RB2
2025,12,SEA,00-0039793,TE1
2025,12,SF,00-0032775,WR3
2025,12,SF,00-0033280,RB1
2025,12,SF,00-0033288,TE1
2025,12,SF,00-0036259,WR1
2025,12,SF,00-0037746,RB2
2025,12,SF,00-0037834,QB1
2025,12,SF,00-0039916,WR2
2025,12,TB,00-0033921,WR2
2025,12,TB,00-0034855,QB1
2025,12,TB,00-0038129,TE1
2025,12,TB,00-0038951,RB2
2025,12,TB,00-0039361,RB1
2025,12,TB,00-0040129,WR1
2025,12,TB,00-0040237,WR3
2025,12,TEN,00-0035261,RB1
2025,12,TEN,00-0036415,WR3
2025,12,TEN,00-0037809,TE1
2025,12,TEN,00-0039032,RB2
2025,12,TEN,00-0040170,WR1
2025,12,TEN,00-0040676,QB1
2025,12,TEN,00-0040705,WR2
2025,13,ARI,00-0033119,QB1
2025,13,ARI,00-0035500,WR3
2025,13,ARI,00-0037157,RB1
2025,13,ARI,00-0037744,TE1
2025,13,ARI,00-0038559,WR2
2025,13,ARI,00-0038705,RB2
2025,13,ARI,00-0039849,WR1
2025,13,ATL,00-0029604,QB1
2025,13,ATL,00-0035359,WR3
2025,13,ATL,00-0036309,WR2
2025,13,ATL,00-0036970,TE1
2025,13,ATL,00-0037238,WR1
2025,13,ATL,00-0037263,RB2
2025,13,ATL,00-0038542,RB1
2025,13,BAL,00-0030564,WR3
2025,13,BAL,00-0032764,RB1
2025,13,BAL,00-0034753,TE1
2025,13,BAL,00-0034796,QB1
2025,13,BAL,00-0034975,RB2
2025,13,BAL,00-0036550,WR2
2025,13,BAL,00-0039064,WR1
2025,13,BUF,00-0031236,WR3
2025,13,BUF,00-0034857,QB1
2025,13,BUF,00-0035537,RB2
2025,13,BUF,00-0036988,WR2
2025,13,BUF,00-0037248,RB1
2025,13,BUF,00-0037261,WR1
2025,13,BUF,00-0038933,TE1
2025,13,CAR,00-0036139,RB1
2025,13,CAR,00-0036555,RB2
2025,13,CAR,00-0039150,QB1
2025,13,CAR,00-0039342,WR2
2025,13,CAR,00-0039356,TE1
2025,13,CAR,00-0039491,WR3
2025,13,CAR,00-0040124,WR1
2025,13,CHI,00-0034827,WR2
2025,13,CHI,00-0036275,RB1
2025,13,CHI,00-0039918,QB1
2025,13,CHI,00-0039919,WR1
2025,13,CHI,00-0040126,TE1
2025,13,CHI,00-0040236,RB2
2025,13,CHI,00-0040735,WR3
2025,13,CIN,00-0033526,RB2
2025,13,CIN,00-0034829,TE1
2025,13,CIN,00-0036410,WR2
2025,13,CIN,00-0036442,QB1
2025,13,CIN,00-0036900,WR1
2025,13,CIN,00-0038597,RB1
2025,13,CIN,00-0038619,WR3
2025,13,CLE,00-0036407,WR1
2025,13,CLE,00-0038979,WR2
2025,13,CLE,00-0040162,RB2
2025,13,CLE,00-0040663,TE1
2025,13,CLE,00-0040668,QB1
2025,13,CLE,00-0040782,WR3
2025,13,CLE,00-0040784,RB1
2025,13,DAL,00-0033077,QB1
2025,13,DAL,00-0036358,WR1
2025,13,DAL,00-0036997,RB1
2025,13,DAL,00-0037247,WR2
2025,13,DAL,00-0037563,RB2
2025,13,DAL,00-0038041,TE1
2025,13,DAL,00-0039410,WR3
2025,13,DEN,00-0033881,TE1
2025,13,DEN,00-0034348,WR2
2025,13,DEN,00-0038794,RB2
2025,13,DEN,00-0039732,QB1
2025,13,DEN,00-0039868,WR1
2025,13,DEN,00-0040134,WR3
2025,13,DEN,00-0040730,RB1
2025,13,DET,00-0032464,WR3
2025,13,DET,00-0033106,QB1
2025,13,DET,00-0035685,RB2
2025,13,DET,00-0036754,TE1
2025,13,DET,00-0036963,WR1
2025,13,DET,00-0037240,WR2
2025,13,DET,00-0039139,RB1
2025,13,GB,00-0035700,RB1
2025,13,GB,00-0036264,QB1
2025,13,GB,00-0037306,TE1
2025,13,GB,00-0037816,WR2
2025,13,GB,00-0038124,WR1
2025,13,GB,00-0038797,RB2
2025,13,GB,00-0040667,WR3
2025,13,HOU,00-0034383,TE1
2025,13,HOU,00-0034775,WR3
2025,13,HOU,00-0034791,RB2
2025,13,HOU,00-0036554,WR1
2025,13,HOU,00-0039163,QB1
2025,13,HOU,00-0040130,WR2
2025,13,HOU,00-0040583,RB1
2025,13,IND,00-0032104,RB2
2025,13,IND,00-0035710,QB1
2025,13,IND,00-0036223,RB1
2025,13,IND,00-0036252,WR1
2025,13,IND,00-0037664,WR2
2025,13,IND,00-0038997,WR3
2025,13,IND,00-0040128,TE1
2025,13,JAX,00-0034960,WR2
2025,13,JAX,00-0036971,QB1
2025,13,JAX,00-0036973,RB1
2025,13,JAX,00-0038606,WR3
2025,13,JAX,00-0038935,TE1
2025,13,JAX,00-0039893,WR1
2025,13,JAX,00-0040719,RB2
2025,13,KC,00-0030506,TE1
2025,13,KC,00-0033873,QB1
2025,13,KC,00-0033923,RB2
2025,13,KC,00-0035662,WR3
2025,13,KC,00-0037197,RB1
2025,13,KC,00-0039067,WR1
2025,13,KC,00-0039894,WR2
2025,13,LA,00-0026498,QB1
2025,13,LA,00-0031381,WR2
2025,13,LA,00-0036244,TE1
2025,13,LA,00-0037840,RB1
2025,13,LA,00-0039075,WR1
2025,13,LA,00-0039738,RB2
2025,13,LA,00-0039751,WR3
2025,13,LAC,00-0030279,WR3
2025,13,LAC,00-0036355,QB1
2025,13,LAC,00-0036755,RB2
2025,13,LAC,00-0038544,WR2
2025,13,LAC,00-0039391,RB1
2025,13,LAC,00-0039915,WR1
2025,13,LAC,00-0040189,TE1
2025,13,LV,00-0030565,QB1
2025,13,LV,00-0031687,RB2
2025,13,LV,00-0032211,WR2
2025,13,LV,00-0038563,WR1
2025,13,LV,00-0039338,TE1
2025,13,LV,00-0040122,RB1
2025,13,LV,00-0040581,WR3
2025,13,MIA,00-0031610,TE1
2025,13,MIA,00-0036182,WR3
2025,13,MIA,00-0036212,QB1
2025,13,MIA,00-0036613,WR1
2025,13,MIA,00-0039040,RB1
2025,13,MIA,00-0039880,WR2
2025,13,MIA,00-0040198,RB2
2025,13,MIN,00-0033293,RB1
2025,13,MIN,00-0035229,TE1
2025,13,MIN,00-0036322,WR1
2025,13,MIN,00-0037291,WR3
2025,13,MIN,00-0037525,RB2
2025,13,MIN,00-0038994,WR2
2025,13,MIN,00-0039923,QB1
2025,13,NE,00-0031588,WR1
2025,13,NE,00-0033090,TE1
2025,13,NE,00-0033555,WR3
2025,13,NE,00-0036875,RB2
2025,13,NE,00-0038608,WR2
2025,13,NE,00-0039851,QB1
2025,13,NE,00-0040734,RB1
2025,13,NO,00-0033906,RB1
2025,13,NO,00-0036040,TE1
2025,13,NO,00-0037239,WR1
2025,13,NO,00-0039424,WR2
2025,13,NO,00-0039623,WR3
2025,13,NO,00-0040202,RB2
2025,13,NO,00-0040743,QB1
2025,13,NYG,00-0035250,RB2
2025,13,NYG,00-0035535,WR2
2025,13,NYG,00-0036165,WR3
2025,13,NYG,00-0038117,WR1
2025,13,NYG,00-0039384,RB1
2025,13,NYG,00-0039847,TE1
2025,13,NYG,00-0040691,QB1
2025,13,NYJ,00-0028118,QB1
2025,13,NYJ,00-0034521,WR3
2025,13,NYJ,00-0037614,WR1
2025,13,NYJ,00-0038120,RB1
2025,13,NYJ,00-0039798,RB2
2025,13,NYJ,00-0039890,WR2
2025,13,NYJ,00-0040736,TE1
2025,13,PHI,00-0034351,TE1
2025,13,PHI,00-0034844,RB1
2025,13,PHI,00-0035676,WR1
2025,13,PHI,00-0036389,QB1
2025,13,PHI,00-0036912,WR2
2025,13,PHI,00-0037741,WR3
2025,13,PHI,00-0038555,RB2
2025,13,PIT,00-0023459,QB1
2025,13,PIT,00-0035640,WR1
2025,13,PIT,00-0036919,RB2
2025,13,PIT,00-0037228,RB1
2025,13,PIT,00-0037837,WR2
2025,13,PIT,00-0038558,TE1
2025,13,PIT,00-0039739,WR3
2025,13,SEA,00-0033908,WR2
2025,13,SEA,00-0034869,QB1
2025,13,SEA,00-0037545,WR3
2025,13,SEA,00-0038134,RB1
2025,13,SEA,00-0038543,WR1
2025,13,SEA,00-0039165,RB2
2025,13,SEA,00-0039793,TE1
2025,13,SF,00-0032775,WR3
2025,13,SF,00-0033280,RB1
2025,13,SF,00-0033288,TE1
2025,13,SF,00-0036259,WR1
2025,13,SF,00-0037746,RB2
2025,13,SF,00-0037834,QB1
2025,13,SF,00-0039916,WR2
2025,13,TB,00-0033921,WR2
2025,13,TB,00-0034855,QB1
2025,13,TB,00-0038129,TE1
2025,13,TB,00-0038951,RB2
2025,13,TB,00-0039361,RB1
2025,13,TB,00-0040129,WR1
2025,13,TB,00-0040237,WR3
2025,13,TEN,00-0035261,RB1
2025,13,TEN,00-0036415,WR3
2025,13,TEN,00-0039032,RB2
2025,13,TEN,00-0040170,WR1
2025,13,TEN,00-0040584,TE1
2025,13,TEN,00-0040676,QB1
2025,13,TEN,00-0040705,WR2
2025,13,WAS,00-0030061,TE1
2025,13,WAS,00-0035659,WR1
2025,13,WAS,00-0035719,WR2
2025,13,WAS,00-0037742,WR3
2025,13,WAS,00-0038611,RB1
2025,13,WAS,00-0039910,QB1
2025,13,WAS,00-0040242,RB2
2025,14,ARI,00-0033119,QB1
2025,14,ARI,00-0037157,RB1
2025,14,ARI,00-0037744,TE1
2025,14,ARI,00-0038559,WR2
2025,14,ARI,00-0038705,RB2
2025,14,ARI,00-0039521,WR3
2025,14,ARI,00-0039849,WR1
2025,14,ATL,00-0029604,QB1
2025,14,ATL,00-0035359,WR3
2025,14,ATL,00-0036309,WR2
2025,14,ATL,00-0036970,TE1
2025,14,ATL,00-0037238,WR1
2025,14,ATL,00-0037263,RB2
2025,14,ATL,00-0038542,RB1
2025,14,BAL,00-0030564,WR3
2025,14,BAL,00-0032764,RB1
2025,14,BAL,00-0034753,TE1
2025,14,BAL,00-0034796,QB1
2025,14,BAL,00-0036550,WR2
2025,14,BAL,00-0039064,WR1
2025,14,BAL,00-0039796,RB2
2025,14,BUF,00-0034857,QB1
2025,14,BUF,00-0036196,WR3
2025,14,BUF,00-0036988,WR2
2025,14,BUF,00-0037248,RB1
2025,14,BUF,00-0037261,WR1
2025,14,BUF,00-0038933,TE1
2025,14,BUF,00-0039875,RB2
2025,14,CHI,00-0034827,WR2
2025,14,CHI,00-0036275,RB1
2025,14,CHI,00-0039918,QB1
2025,14,CHI,00-0039919,WR1
2025,14,CHI,00-0040126,TE1
2025,14,CHI,00-0040236,RB2
2025,14,CHI,00-0040735,WR3
2025,14,CIN,00-0033526,RB2
2025,14,CIN,00-0034829,TE1
2025,14,CIN,00-0036410,WR2
2025,14,CIN,00-0036442,QB1
2025,14,CIN,00-0036900,WR1
2025,14,CIN,00-0038597,RB1
2025,14,CIN,00-0038619,WR3
2025,14,CLE,00-0036407,WR1
2025,14,CLE,00-0038979,WR2
2025,14,CLE,00-0040162,RB2
2025,14,CLE,00-0040663,TE1
2025,14,CLE,00-0040668,QB1
2025,14,CLE,00-0040782,WR3
2025,14,CLE,00-0040784,RB1
2025,14,DAL,00-0033077,QB1
2025,14,DAL,00-0036358,WR1
2025,14,DAL,00-0036997,RB1
2025,14,DAL,00-0037247,WR2
2025,14,DAL,00-0037563,RB2
2025,14,DAL,00-0038041,TE1
2025,14,DAL,00-0039410,WR3
2025,14,DEN,00-0033881,TE1
2025,14,DEN,00-0034348,WR1
2025,14,DEN,00-0038794,RB2
2025,14,DEN,00-0039732,QB1
2025,14,DEN,00-0039868,WR2
2025,14,DEN,00-0040134,WR3
2025,14,DEN,00-0040730,RB1
2025,14,DET,00-0032464,WR3
2025,14,DET,00-0033106,QB1
2025,14,DET,00-0035685,RB2
2025,14,DET,00-0036754,TE1
2025,14,DET,00-0036963,WR1
2025,14,DET,00-0037240,WR2
2025,14,DET,00-0039139,RB1
2025,14,GB,00-0035700,RB1
2025,14,GB,00-0036264,QB1
2025,14,GB,00-0037816,WR2
2025,14,GB,00-0038124,WR1
2025,14,GB,00-0038797,RB2
2025,14,GB,00-0039144,TE1
2025,14,GB,00-0039146,WR3
2025,14,HOU,00-0034383,TE1
2025,14,HOU,00-0034791,RB2
2025,14,HOU,00-0036554,WR1
2025,14,HOU,00-0038618,WR3
2025,14,HOU,00-0039163,QB1
2025,14,HOU,00-0040130,WR2
2025,14,HOU,00-0040583,RB1
2025,14,IND,00-0032104,RB2
2025,14,IND,00-0035710,QB1
2025,14,IND,00-0036223,RB1
2025,14,IND,00-0036252,WR1
2025,14,IND,00-0037664,WR2
2025,14,IND,00-0038997,WR3
2025,14,IND,00-0040128,TE1
2025,14,JAX,00-0034960,WR2
2025,14,JAX,00-0036971,QB1
2025,14,JAX,00-0036973,RB1
2025,14,JAX,00-0038606,WR3
2025,14,JAX,00-0038935,TE1
2025,14,JAX,00-0039893,WR1
2025,14,JAX,00-0040719,RB2
2025,14,KC,00-0030506,TE1
2025,14,KC,00-0033873,QB1
2025,14,KC,00-0033923,RB1
2025,14,KC,00-0035662,WR3
2025,14,KC,00-0037197,RB2
2025,14,KC,00-0039067,WR1
2025,14,KC,00-0039894,WR2
2025,14,LA,00-0026498,QB1
2025,14,LA,00-0031381,WR2
2025,14,LA,00-0036244,TE1
2025,14,LA,00-0037840,RB1
2025,14,LA,00-0038359,WR3
2025,14,LA,00-0039075,WR1
2025,14,LA,00-0039738,RB2
2025,14,LAC,00-0030279,WR3
2025,14,LAC,00-0036355,QB1
2025,14,LAC,00-0036755,RB2
2025,14,LAC,00-0038544,WR2
2025,14,LAC,00-0039391,RB1
2025,14,LAC,00-0039915,WR1
2025,14,LAC,00-0040189,TE1
2025,14,LV,00-0030565,QB1
2025,14,LV,00-0031687,RB2
2025,14,LV,00-0032211,WR2
2025,14,LV,00-0038563,WR1
2025,14,LV,00-0039338,TE1
2025,14,LV,00-0040122,RB1
2025,14,LV,00-0040581,WR3
2025,14,MIA,00-0031610,TE1
2025,14,MIA,00-0036182,WR3
2025,14,MIA,00-0036212,QB1
2025,14,MIA,00-0036613,WR1
2025,14,MIA,00-0039040,RB1
2025,14,MIA,00-0039880,WR2
2025,14,MIA,00-0040198,RB2
2025,14,MIN,00-0033293,RB1
2025,14,MIN,00-0035229,TE1
2025,14,MIN,00-0036322,WR1
2025,14,MIN,00-0037291,WR3
2025,14,MIN,00-0037525,RB2
2025,14,MIN,00-0038994,WR2
2025,14,MIN,00-0039923,QB1
2025,14,NO,00-0033906,RB1
2025,14,NO,00-0036040,TE1
2025,14,NO,00-0037239,WR1
2025,14,NO,00-0039424,WR2
2025,14,NO,00-0039623,WR3
2025,14,NO,00-0040202,RB2
2025,14,NO,00-0040743,QB1
2025,14,NYJ,00-0028118,QB1
2025,14,NYJ,00-0034521,WR3
2025,14,NYJ,00-0037614,WR1
2025,14,NYJ,00-0038120,RB1
2025,14,NYJ,00-0039798,RB2
2025,14,NYJ,00-0039890,WR2
2025,14,NYJ,00-0040736,TE1
2025,14,PHI,00-0034351,TE1
2025,14,PHI,00-0034844,RB1
2025,14,PHI,00-0035676,WR1
2025,14,PHI,00-0036389,QB1
2025,14,PHI,00-0036912,WR2
2025,14,PHI,00-0037741,WR3
2025,14,PHI,00-0038555,RB2
2025,14,PIT,00-0023459,QB1
2025,14,PIT,00-0035640,WR1
2025,14,PIT,00-0036919,RB2
2025,14,PIT,00-0037228,RB1
2025,14,PIT,00-0037837,WR2
2025,14,PIT,00-0038558,TE1
2025,14,PIT,00-0039739,WR3
2025,14,SEA,00-0033908,WR2
2025,14,SEA,00-0034869,QB1
2025,14,SEA,00-0037545,WR3
2025,14,SEA,00-0038134,RB1
2025,14,SEA,00-0038543,WR1
2025,14,SEA,00-0039165,RB2
2025,14,SEA,00-0039793,TE1
2025,14,TB,00-0033921,WR2
2025,14,TB,00-0034855,QB1
2025,14,TB,00-0037256,RB2
2025,14,TB,00-0038129,TE1
2025,14,TB,00-0039361,RB1
2025,14,TB,00-0040129,WR1
2025,14,TB,00-0040237,WR3
2025,14,TEN,00-0035261,RB1
2025,14,TEN,00-0036415,WR3
2025,14,TEN,00-0039032,RB2
2025,14,TEN,00-0040170,WR1
2025,14,TEN,00-0040584,TE1
2025,14,TEN,00-0040676,QB1
2025,14,TEN,00-0040705,WR2
2025,14,WAS,00-0030061,TE1
2025,14,WAS,00-0033591,WR3
2025,14,WAS,00-0033955,RB2
2025,14,WAS,00-0035659,WR1
2025,14,WAS,00-0035719,WR2
2025,14,WAS,00-0038611,RB1
2025,14,WAS,00-0039910,QB1
2025,15,ARI,00-0033119,QB1
2025,15,ARI,00-0037157,RB1
2025,15,ARI,00-0037744,TE1
2025,15,ARI,00-0038559,WR2
2025,15,ARI,00-0038705,RB2
2025,15,ARI,00-0039521,WR3
2025,15,ARI,00-0039849,WR1
2025,15,ATL,00-0029604,QB1
2025,15,ATL,00-0035359,WR3
2025,15,ATL,00-0036309,WR2
2025,15,ATL,00-0036970,TE1
2025,15,ATL,00-0037238,WR1
2025,15,ATL,00-0037263,RB2
2025,15,ATL,00-0038542,RB1
2025,15,BAL,00-0030564,WR3
2025,15,BAL,00-0032764,RB1
2025,15,BAL,00-0034753,TE1
2025,15,BAL,00-0034796,QB1
2025,15,BAL,00-0036550,WR2
2025,15,BAL,00-0038454,RB2
2025,15,BAL,00-0039064,WR1
2025,15,BUF,00-0034857,QB1
2025,15,BUF,00-0036196,WR3
2025,15,BUF,00-0036988,WR2
2025,15,BUF,00-0037248,RB1
2025,15,BUF,00-0037261,WR1
2025,15,BUF,00-0038933,TE1
2025,15,BUF,00-0039875,RB2
2025,15,CAR,00-0036139,RB1
2025,15,CAR,00-0036555,RB2
2025,15,CAR,00-0037005,TE1
2025,15,CAR,00-0039150,QB1
2025,15,CAR,00-0039342,WR2
2025,15,CAR,00-0039491,WR3
2025,15,CAR,00-0040124,WR1
2025,15,CHI,00-0034827,WR2
2025,15,CHI,00-0036275,RB1
2025,15,CHI,00-0039918,QB1
2025,15,CHI,00-0039919,WR1
2025,15,CHI,00-0040126,TE1
2025,15,CHI,00-0040236,RB2
2025,15,CHI,00-0040735,WR3
2025,15,CIN,00-0033526,RB2
2025,15,CIN,00-0034829,TE1
2025,15,CIN,00-0036410,WR2
2025,15,CIN,00-0036442,QB1
2025,15,CIN,00-0036900,WR1
2025,15,CIN,00-0038597,RB1
2025,15,CIN,00-0038619,WR3
2025,15,CLE,00-0036407,WR1
2025,15,CLE,00-0038979,WR2
2025,15,CLE,00-0040162,RB2
2025,15,CLE,00-0040663,TE1
2025,15,CLE,00-0040668,QB1
2025,15,CLE,00-0040782,WR3
2025,15,CLE,00-0040784,RB1
2025,15,DAL,00-0033077,QB1
2025,15,DAL,00-0036358,WR1
2025,15,DAL,00-0036997,RB1
2025,15,DAL,00-0037247,WR2
2025,15,DAL,00-0037563,RB2
2025,15,DAL,00-0038041,TE1
2025,15,DAL,00-0039410,WR3
2025,15,DEN,00-0033881,TE1
2025,15,DEN,00-0034348,WR1
2025,15,DEN,00-0038794,RB2
2025,15,DEN,00-0039732,QB1
2025,15,DEN,00-0039868,WR2
2025,15,DEN,00-0040134,WR3
2025,15,DEN,00-0040730,RB1
2025,15,DET,00-0032464,WR3
2025,15,DET,00-0033106,QB1
2025,15,DET,00-0033455,TE1
2025,15,DET,00-0035685,RB2
2025,15,DET,00-0036963,WR1
2025,15,DET,00-0037240,WR2
2025,15,DET,00-0039139,RB1
2025,15,GB,00-0035700,RB1
2025,15,GB,00-0036264,QB1
2025,15,GB,00-0037816,WR2
2025,15,GB,00-0038124,WR1
2025,15,GB,00-0038797,RB2
2025,15,GB,00-0039144,TE1
2025,15,GB,00-0039146,WR3
2025,15,HOU,00-0034383,TE1
2025,15,HOU,00-0034791,RB2
2025,15,HOU,00-0036554,WR1
2025,15,HOU,00-0038618,WR3
2025,15,HOU,00-0039163,QB1
2025,15,HOU,00-0040130,WR2
2025,15,HOU,00-0040583,RB1
2025,15,IND,00-0022942,QB1
2025,15,IND,00-0032104,RB2
2025,15,IND,00-0036223,RB1
2025,15,IND,00-0036252,WR1
2025,15,IND,00-0037664,WR2
2025,15,IND,00-0038997,WR3
2025,15,IND,00-0040128,TE1
2025,15,JAX,00-0034960,WR2
2025,15,JAX,00-0036971,QB1
2025,15,JAX,00-0036973,RB1
2025,15,JAX,00-0038606,WR3
2025,15,JAX,00-0038935,TE1
2025,15,JAX,00-0039893,WR1
2025,15,JAX,00-0040719,RB2
2025,15,KC,00-0030506,TE1
2025,15,KC,00-0033873,QB1
2025,15,KC,00-0033923,RB1
2025,15,KC,00-0035662,WR3
2025,15,KC,00-0037197,RB2
2025,15,KC,00-0039067,WR1
2025,15,KC,00-0039894,WR2
2025,15,LA,00-0026498,QB1
2025,15,LA,00-0031381,WR2
2025,15,LA,00-0036244,TE1
2025,15,LA,00-0036849,WR3
2025,15,LA,00-0037840,RB1
2025,15,LA,00-0039075,WR1
2025,15,LA,00-0039738,RB2
2025,15,LAC,00-0030279,WR3
2025,15,LAC,00-0036355,QB1
2025,15,LAC,00-0038544,WR2
2025,15,LAC,00-0039391,RB2
2025,15,LAC,00-0039915,WR1
2025,15,LAC,00-0040189,TE1
2025,15,LAC,00-0040666,RB1
2025,15,LV,00-0030565,QB1
2025,15,LV,00-0031687,RB2
2025,15,LV,00-0032211,WR3
2025,15,LV,00-0038563,WR1
2025,15,LV,00-0039338,TE1
2025,15,LV,00-0040122,RB1
2025,15,LV,00-0040729,WR2
2025,15,MIA,00-0031610,TE1
2025,15,MIA,00-0036182,WR3
2025,15,MIA,00-0036212,QB1
2025,15,MIA,00-0036613,WR1
2025,15,MIA,00-0039040,RB1
2025,15,MIA,00-0039874,RB2
2025,15,MIA,00-0039880,WR2
2025,15,MIN,00-0033293,RB1
2025,15,MIN,00-0035229,TE1
2025,15,MIN,00-0036322,WR1
2025,15,MIN,00-0037291,WR3
2025,15,MIN,00-0037525,RB2
2025,15,MIN,00-0038994,WR2
2025,15,MIN,00-0039923,QB1
2025,15,NE,00-0031588,WR1
2025,15,NE,00-0033090,TE1
2025,15,NE,00-0033555,WR3
2025,15,NE,00-0036875,RB1
2025,15,NE,00-0038608,WR2
2025,15,NE,00-0039851,QB1
2025,15,NE,00-0040734,RB2
2025,15,NO,00-0033906,RB1
2025,15,NO,00-0036040,TE1
2025,15,NO,00-0037239,WR1
2025,15,NO,00-0039424,WR2
2025,15,NO,00-0039623,WR3
2025,15,NO,00-0040202,RB2
2025,15,NO,00-0040743,QB1
2025,15,NYG,00-0035250,RB2
2025,15,NYG,00-0035535,WR2
2025,15,NYG,00-0036165,WR3
2025,15,NYG,00-0038117,WR1
2025,15,NYG,00-0039384,RB1
2025,15,NYG,00-0039847,TE1
2025,15,NYG,00-0040691,QB1
2025,15,NYJ,00-0028118,QB1
2025,15,NYJ,00-0037614,WR1
2025,15,NYJ,00-0038120,RB1
2025,15,NYJ,00-0039451,WR3
2025,15,NYJ,00-0039798,RB2
2025,15,NYJ,00-0039890,WR2
2025,15,NYJ,00-0040736,TE1
2025,15,PHI,00-0034351,TE1
2025,15,PHI,00-0034844,RB1
2025,15,PHI,00-0035676,WR1
2025,15,PHI,00-0036389,QB1
2025,15,PHI,00-0036912,WR2
2025,15,PHI,00-0037741,WR3
2025,15,PHI,00-0038555,RB2
2025,15,PIT,00-0023459,QB1
2025,15,PIT,00-0030035,WR3
2025,15,PIT,00-0035640,WR1
2025,15,PIT,00-0036919,RB2
2025,15,PIT,00-0037228,RB1
2025,15,PIT,00-0037837,WR2
2025,15,PIT,00-0038558,TE1
2025,15,SEA,00-0033908,WR2
2025,15,SEA,00-0034869,QB1
2025,15,SEA,00-0037545,WR3
2025,15,SEA,00-0038134,RB1
2025,15,SEA,00-0038543,WR1
2025,15,SEA,00-0039165,RB2
2025,15,SEA,00-0039793,TE1
2025,15,SF,00-0032775,WR3
2025,15,SF,00-0033280,RB1
2025,15,SF,00-0033288,TE1
2025,15,SF,00-0036259,WR1
2025,15,SF,00-0037746,RB2
2025,15,SF,00-0037834,QB1
2025,15,SF,00-0039916,WR2
2025,15,TB,00-0031408,WR1
2025,15,TB,00-0033921,WR3
2025,15,TB,00-0034855,QB1
2025,15,TB,00-0037256,RB2
2025,15,TB,00-0038129,TE1
2025,15,TB,00-0039361,RB1
2025,15,TB,00-0040129,WR2
2025,15,TEN,00-0035261,RB1
2025,15,TEN,00-0036415,WR3
2025,15,TEN,00-0039032,RB2
2025,15,TEN,00-0040170,WR1
2025,15,TEN,00-0040584,TE1
2025,15,TEN,00-0040676,QB1
2025,15,TEN,00-0040705,WR2
2025,15,WAS,00-0033591,WR3
2025,15,WAS,00-0033955,RB2
2025,15,WAS,00-0035659,WR1
2025,15,WAS,00-0035719,WR2
2025,15,WAS,00-0036628,TE1
2025,15,WAS,00-0038611,RB1
2025,15,WAS,00-0039910,QB1
2025,16,ARI,00-0033119,QB1
2025,16,ARI,00-0036924,RB1
2025,16,ARI,00-0037744,TE1
2025,16,ARI,00-0038559,WR2
2025,16,ARI,00-0038705,RB2
2025,16,ARI,00-0039521,WR3
2025,16,ARI,00-0039849,WR1
2025,16,ATL,00-0029604,QB1
2025,16,ATL,00-0035359,WR3
2025,16,ATL,00-0036309,WR2
2025,16,ATL,00-0036970,TE1
2025,16,ATL,00-0037238,WR1
2025,16,ATL,00-0037263,RB2
2025,16,ATL,00-0038542,RB1
2025,16,BAL,00-0030564,WR3
2025,16,BAL,00-0032764,RB1
2025,16,BAL,00-0034753,TE1
2025,16,BAL,00-0034796,QB1
2025,16,BAL,00-0036550,WR2
2025,16,BAL,00-0038454,RB2
2025,16,BAL,00-0039064,WR1
2025,16,BUF,00-0034857,QB1
2025,16,BUF,00-0036988,WR2
2025,16,BUF,00-0037248,RB1
2025,16,BUF,00-0037261,WR1
2025,16,BUF,00-0038933,TE1
2025,16,BUF,00-0039875,RB2
2025,16,BUF,00-0039901,WR3
2025,16,CAR,00-0036139,RB1
2025,16,CAR,00-0036555,RB2
2025,16,CAR,00-0037005,TE1
2025,16,CAR,00-0039150,QB1
2025,16,CAR,00-0039342,WR2
2025,16,CAR,00-0039491,WR3
2025,16,CAR,00-0040124,WR1
2025,16,CHI,00-0034827,WR2
2025,16,CHI,00-0036275,RB1
2025,16,CHI,00-0039918,QB1
2025,16,CHI,00-0039919,WR1
2025,16,CHI,00-0040126,TE1
2025,16,CHI,00-0040236,RB2
2025,16,CHI,00-0040735,WR3
2025,16,CIN,00-0033526,RB2
2025,16,CIN,00-0034829,TE1
2025,16,CIN,00-0036410,WR2
2025,16,CIN,00-0036442,QB1
2025,16,CIN,00-0036900,WR1
2025,16,CIN,00-0038597,RB1
2025,16,CIN,00-0038619,WR3
2025,16,CLE,00-0036407,WR1
2025,16,CLE,00-0038979,WR2
2025,16,CLE,00-0040162,RB2
2025,16,CLE,00-0040663,TE1
2025,16,CLE,00-0040668,QB1
2025,16,CLE,00-0040782,WR3
2025,16,CLE,00-0040784,RB1
2025,16,DAL,00-0033077,QB1
2025,16,DAL,00-0036358,WR1
2025,16,DAL,00-0036997,RB1
2025,16,DAL,00-0037247,WR2
2025,16,DAL,00-0037563,RB2
2025,16,DAL,00-0038041,TE1
2025,16,DAL,00-0039410,WR3
2025,16,DEN,00-0033881,TE1
2025,16,DEN,00-0034348,WR1
2025,16,DEN,00-0038794,RB2
2025,16,DEN,00-0039732,QB1
2025,16,DEN,00-0039868,WR2
2025,16,DEN,00-0040134,WR3
2025,16,DEN,00-0040730,RB1
2025,16,DET,00-0033106,QB1
2025,16,DET,00-0035685,RB2
2025,16,DET,00-0036534,TE1
2025,16,DET,00-0036963,WR1
2025,16,DET,00-0037240,WR2
2025,16,DET,00-0039139,RB1
2025,16,DET,00-0040669,WR3
2025,16,GB,00-0035700,RB1
2025,16,GB,00-0036264,QB1
2025,16,GB,00-0037816,WR2
2025,16,GB,00-0038124,WR1
2025,16,GB,00-0038797,RB2
2025,16,GB,00-0039144,TE1
2025,16,GB,00-0039146,WR3
2025,16,HOU,00-0034383,TE1
2025,16,HOU,00-0034791,RB2
2025,16,HOU,00-0036554,WR1
2025,16,HOU,00-0038618,WR3
2025,16,HOU,00-0039163,QB1
2025,16,HOU,00-0040130,WR2
2025,16,HOU,00-0040583,RB1
2025,16,IND,00-0022942,QB1
2025,16,IND,00-0032104,RB2
2025,16,IND,00-0036223,RB1
2025,16,IND,00-0036252,WR1
2025,16,IND,00-0037664,WR2
2025,16,IND,00-0038997,WR3
2025,16,IND,00-0040128,TE1
2025,16,JAX,00-0034960,WR2
2025,16,JAX,00-0036971,QB1
2025,16,JAX,00-0036973,RB1
2025,16,JAX,00-0038606,WR3
2025,16,JAX,00-0038935,TE1
2025,16,JAX,00-0039893,WR1
2025,16,JAX,00-0040719,RB2
2025,16,KC,00-0030506,TE1
2025,16,KC,00-0033923,RB2
2025,16,KC,00-0035289,QB1
2025,16,KC,00-0035662,WR3
2025,16,KC,00-0037197,RB1
2025,16,KC,00-0039067,WR1
2025,16,KC,00-0039894,WR2
2025,16,LA,00-0026498,QB1
2025,16,LA,00-0031381,WR2
2025,16,LA,00-0036244,TE1
2025,16,LA,00-0037840,RB1
2025,16,LA,00-0039075,WR1
2025,16,LA,00-0039738,RB2
2025,16,LA,00-0040590,WR3
2025,16,LAC,00-0030279,WR3
2025,16,LAC,00-0036355,QB1
2025,16,LAC,00-0038544,WR2
2025,16,LAC,00-0039391,RB2
2025,16,LAC,00-0039915,WR1
2025,16,LAC,00-0040189,TE1
2025,16,LAC,00-0040666,RB1
2025,16,LV,00-0030565,QB1
2025,16,LV,00-0031687,RB2
2025,16,LV,00-0032211,WR3
2025,16,LV,00-0038563,WR1
2025,16,LV,00-0039338,TE1
2025,16,LV,00-0040122,RB1
2025,16,LV,00-0040729,WR2
2025,16,MIA,00-0031610,TE1
2025,16,MIA,00-0036182,WR3
2025,16,MIA,00-0036613,WR1
2025,16,MIA,00-0039040,RB1
2025,16,MIA,00-0039874,RB2
2025,16,MIA,00-0039880,WR2
2025,16,MIA,00-0040234,QB1
2025,16,MIN,00-0033293,RB1
2025,16,MIN,00-0035229,TE1
2025,16,MIN,00-0036322,WR1
2025,16,MIN,00-0037291,WR3
2025,16,MIN,00-0037525,RB2
2025,16,MIN,00-0038994,WR2
2025,16,MIN,00-0039923,QB1
2025,16,NE,00-0031588,WR1
2025,16,NE,00-0033090,TE1
2025,16,NE,00-0033555,WR3
2025,16,NE,00-0036875,RB2
2025,16,NE,00-0038608,WR2
2025,16,NE,00-0039851,QB1
2025,16,NE,00-0040734,RB1
2025,16,NO,00-0033906,RB1
2025,16,NO,00-0034860,WR3
2025,16,NO,00-0036040,TE1
2025,16,NO,00-0037239,WR1
2025,16,NO,00-0038397,RB2
2025,16,NO,00-0039623,WR2
2025,16,NO,00-0040743,QB1
2025,16,NYG,00-0035250,RB2
2025,16,NYG,00-0035535,WR2
2025,16,NYG,00-0036165,WR3
2025,16,NYG,00-0038117,WR1
2025,16,NYG,00-0039384,RB1
2025,16,NYG,00-0039847,TE1
2025,16,NYG,00-0040691,QB1
2025,16,NYJ,00-0037614,WR1
2025,16,NYJ,00-0038120,RB1
2025,16,NYJ,00-0039451,WR3
2025,16,NYJ,00-0039798,RB2
2025,16,NYJ,00-0039890,WR2
2025,16,NYJ,00-0040398,QB1
2025,16,NYJ,00-0040736,TE1
2025,16,PHI,00-0034351,TE1
2025,16,PHI,00-0034844,RB1
2025,16,PHI,00-0035676,WR1
2025,16,PHI,00-0036389,QB1
2025,16,PHI,00-0036912,WR2
2025,16,PHI,00-0037741,WR3
2025,16,PHI,00-0038555,RB2
2025,16,PIT,00-0023459,QB1
2025,16,PIT,00-0030035,WR3
2025,16,PIT,00-0035640,WR1
2025,16,PIT,00-0036919,RB2
2025,16,PIT,00-0037228,RB1
2025,16,PIT,00-0037837,WR2
2025,16,PIT,00-0038558,TE1
2025,16,SEA,00-0033908,WR2
2025,16,SEA,00-0034869,QB1
2025,16,SEA,00-0037545,WR3
2025,16,SEA,00-0038134,RB1
2025,16,SEA,00-0038543,WR1
2025,16,SEA,00-0039165,RB2
2025,16,SEA,00-0039793,TE1
2025,16,SF,00-0033280,RB1
2025,16,SF,00-0033288,TE1
2025,16,SF,00-0033307,WR3
2025,16,SF,00-0036259,WR1
2025,16,SF,00-0037746,RB2
2025,16,SF,00-0037834,QB1
2025,16,SF,00-0039916,WR2
2025,16,TB,00-0031408,WR1
2025,16,TB,00-0033921,WR3
2025,16,TB,00-0034855,QB1
2025,16,TB,00-0037256,RB2
2025,16,TB,00-0038129,TE1
2025,16,TB,00-0039361,RB1
2025,16,TB,00-0040129,WR2
2025,16,TEN,00-0035261,RB1
2025,16,TEN,00-0036415,WR3
2025,16,TEN,00-0039032,RB2
2025,16,TEN,00-0040170,WR1
2025,16,TEN,00-0040584,TE1
2025,16,TEN,00-0040676,QB1
2025,16,TEN,00-0040705,WR2
2025,16,WAS,00-0032268,QB1
2025,16,WAS,00-0035659,WR1
2025,16,WAS,00-0035719,WR2
2025,16,WAS,00-0036628,TE1
2025,16,WAS,00-0037742,WR3
2025,16,WAS,00-0038611,RB1
2025,16,WAS,00-0040242,RB2
2025,17,ARI,00-0033119,QB1
2025,17,ARI,00-0036924,RB1
2025,17,ARI,00-0037744,TE1
2025,17,ARI,00-0038559,WR2
2025,17,ARI,00-0038705,RB2
2025,17,ARI,00-0039521,WR3
2025,17,ARI,00-0039849,WR1
2025,17,ATL,00-0029604,QB1
2025,17,ATL,00-0035359,WR3
2025,17,ATL,00-0036309,WR2
2025,17,ATL,00-0036970,TE1
2025,17,ATL,00-0037238,WR1
2025,17,ATL,00-0037263,RB2
2025,17,ATL,00-0038542,RB1
2025,17,BAL,00-0030564,WR3
2025,17,BAL,00-0032764,RB1
2025,17,BAL,00-0034753,TE1
2025,17,BAL,00-0034796,QB1
2025,17,BAL,00-0036550,WR2
2025,17,BAL,00-0038454,RB2
2025,17,BAL,00-0039064,WR1
2025,17,BUF,00-0034857,QB1
2025,17,BUF,00-0035537,RB2
2025,17,BUF,00-0036988,WR2
2025,17,BUF,00-0037248,RB1
2025,17,BUF,00-0037261,WR1
2025,17,BUF,00-0038679,WR3
2025,17,BUF,00-0038933,TE1
2025,17,CAR,00-0036139,RB1
2025,17,CAR,00-0036555,RB2
2025,17,CAR,00-0039150,QB1
2025,17,CAR,00-0039342,WR3
2025,17,CAR,00-0039356,TE1
2025,17,CAR,00-0039491,WR2
2025,17,CAR,00-0040124,WR1
2025,17,CHI,00-0034827,WR2
2025,17,CHI,00-0036275,RB1
2025,17,CHI,00-0039918,QB1
2025,17,CHI,00-0039919,WR1
2025,17,CHI,00-0040126,TE1
2025,17,CHI,00-0040236,RB2
2025,17,CHI,00-0040735,WR3
2025,17,CIN,00-0033526,RB2
2025,17,CIN,00-0034829,TE1
2025,17,CIN,00-0036410,WR2
2025,17,CIN,00-0036442,QB1
2025,17,CIN,00-0036900,WR1
2025,17,CIN,00-0038597,RB1
2025,17,CIN,00-0038619,WR3
2025,17,CLE,00-0036407,WR1
2025,17,CLE,00-0038979,WR2
2025,17,CLE,00-0040162,RB1
2025,17,CLE,00-0040466,RB2
2025,17,CLE,00-0040663,TE1
2025,17,CLE,00-0040668,QB1
2025,17,CLE,00-0040782,WR3
2025,17,DAL,00-0033077,QB1
2025,17,DAL,00-0036358,WR1
2025,17,DAL,00-0036997,RB1
2025,17,DAL,00-0037247,WR2
2025,17,DAL,00-0037563,RB2
2025,17,DAL,00-0038041,TE1
2025,17,DAL,00-0039410,WR3
2025,17,DEN,00-0033881,TE1
2025,17,DEN,00-0034348,WR1
2025,17,DEN,00-0038794,RB2
2025,17,DEN,00-0039732,QB1
2025,17,DEN,00-0039868,WR2
2025,17,DEN,00-0040134,WR3
2025,17,DEN,00-0040730,RB1
2025,17,DET,00-0033106,QB1
2025,17,DET,00-0035685,RB2
2025,17,DET,00-0036534,TE1
2025,17,DET,00-0036963,WR1
2025,17,DET,00-0037240,WR2
2025,17,DET,00-0039139,RB1
2025,17,DET,00-0040669,WR3
2025,17,GB,00-0035700,RB1
2025,17,GB,00-0036264,QB1
2025,17,GB,00-0037816,WR2
2025,17,GB,00-0038124,WR1
2025,17,GB,00-0038797,RB2
2025,17,GB,00-0039144,TE1
2025,17,GB,00-0039146,WR3
2025,17,HOU,00-0034383,TE1
2025,17,HOU,00-0034775,WR3
2025,17,HOU,00-0036554,WR1
2025,17,HOU,00-0039163,QB1
2025,17,HOU,00-0039405,RB2
2025,17,HOU,00-0040130,WR2
2025,17,HOU,00-0040583,RB1
2025,17,IND,00-0022942,QB1
2025,17,IND,00-0032104,RB2
2025,17,IND,00-0036223,RB1
2025,17,IND,00-0036252,WR1
2025,17,IND,00-0037664,WR2
2025,17,IND,00-0038997,WR3
2025,17,IND,00-0040128,TE1
2025,17,JAX,00-0034960,WR2
2025,17,JAX,00-0036971,QB1
2025,17,JAX,00-0036973,RB1
2025,17,JAX,00-0038606,WR3
2025,17,JAX,00-0038935,TE1
2025,17,JAX,00-0039893,WR1
2025,17,JAX,00-0040719,RB2
2025,17,KC,00-0030506,TE1
2025,17,KC,00-0033857,WR3
2025,17,KC,00-0033923,RB2
2025,17,KC,00-0035662,WR2
2025,17,KC,00-0037197,RB1
2025,17,KC,00-0037324,QB1
2025,17,KC,00-0039894,WR1
2025,17,LA,00-0026498,QB1
2025,17,LA,00-0031381,WR2
2025,17,LA,00-0036244,TE1
2025,17,LA,00-0037840,RB1
2025,17,LA,00-0039075,WR1
2025,17,LA,00-0039738,RB2
2025,17,LA,00-0040590,WR3
2025,17,LAC,00-0030279,WR3
2025,17,LAC,00-0036355,QB1
2025,17,LAC,00-0038544,WR2
2025,17,LAC,00-0039391,RB2
2025,17,LAC,00-0039915,WR1
2025,17,LAC,00-0040189,TE1
2025,17,LAC,00-0040666,RB1
2025,17,LV,00-0030565,QB1
2025,17,LV,00-0031687,RB2
2025,17,LV,00-0032211,WR3
2025,17,LV,00-0038563,WR1
2025,17,LV,00-0039066,TE1
2025,17,LV,00-0040122,RB1
2025,17,LV,00-0040729,WR2
2025,17,MIA,00-0031610,TE1
2025,17,MIA,00-0034418,WR3
2025,17,MIA,00-0036613,WR1
2025,17,MIA,00-0039040,RB1
2025,17,MIA,00-0039874,RB2
2025,17,MIA,00-0039880,WR2
2025,17,MIA,00-0040234,QB1
2025,17,MIN,00-0033293,RB1
2025,17,MIN,00-0035229,TE1
2025,17,MIN,00-0036322,WR1
2025,17,MIN,00-0037291,WR3
2025,17,MIN,00-0037525,RB2
2025,17,MIN,00-0038994,WR2
2025,17,MIN,00-0039923,QB1
2025,17,NE,00-0031588,WR1
2025,17,NE,00-0033090,TE1
2025,17,NE,00-0036875,RB2
2025,17,NE,00-0038608,WR2
2025,17,NE,00-0038621,WR3
2025,17,NE,00-0039851,QB1
2025,17,NE,00-0040734,RB1
2025,17,NO,00-0033906,RB1
2025,17,NO,00-0036040,TE1
2025,17,NO,00-0037231,WR2
2025,17,NO,00-0037239,WR1
2025,17,NO,00-0039373,RB2
2025,17,NO,00-0039623,WR3
2025,17,NO,00-0040743,QB1
2025,17,NYG,00-0035250,RB2
2025,17,NYG,00-0035535,WR2
2025,17,NYG,00-0036165,WR3
2025,17,NYG,00-0038117,WR1
2025,17,NYG,00-0039384,RB1
2025,17,NYG,00-0039847,TE1
2025,17,NYG,00-0040691,QB1
2025,17,NYJ,00-0037614,WR1
2025,17,NYJ,00-0038120,RB1
2025,17,NYJ,00-0039451,WR3
2025,17,NYJ,00-0039798,RB2
2025,17,NYJ,00-0039890,WR2
2025,17,NYJ,00-0040398,QB1
2025,17,NYJ,00-0040736,TE1
2025,17,PHI,00-0034351,TE1
2025,17,PHI,00-0034844,RB1
2025,17,PHI,00-0035676,WR1
2025,17,PHI,00-0036389,QB1
2025,17,PHI,00-0036912,WR2
2025,17,PHI,00-0037741,WR3
2025,17,PHI,00-0038555,RB2
2025,17,PIT,00-0023459,QB1
2025,17,PIT,00-0030035,WR3
2025,17,PIT,00-0035640,WR1
2025,17,PIT,00-0036919,RB2
2025,17,PIT,00-0037228,RB1
2025,17,PIT,00-0037837,WR2
2025,17,PIT,00-0038558,TE1
2025,17,SEA,00-0033908,WR2
2025,17,SEA,00-0034869,QB1
2025,17,SEA,00-0037545,WR3
2025,17,SEA,00-0038134,RB1
2025,17,SEA,00-0038543,WR1
2025,17,SEA,00-0039165,RB2
2025,17,SEA,00-0039793,TE1
2025,17,SF,00-0033280,RB1
2025,17,SF,00-0033288,TE1
2025,17,SF,00-0033307,WR3
2025,17,SF,00-0036259,WR1
2025,17,SF,00-0037746,RB2
2025,17,SF,00-0037834,QB1
2025,17,SF,00-0039916,WR2
2025,17,TB,00-0031408,WR1
2025,17,TB,00-0033921,WR3
2025,17,TB,00-0034855,QB1
2025,17,TB,00-0037256,RB2
2025,17,TB,00-0038129,TE1
2025,17,TB,00-0039361,RB1
2025,17,TB,00-0040129,WR2
2025,17,TEN,00-0035261,RB1
2025,17,TEN,00-0036415,WR3
2025,17,TEN,00-0039032,RB2
2025,17,TEN,00-0040170,WR1
2025,17,TEN,00-0040584,TE1
2025,17,TEN,00-0040676,QB1
2025,17,TEN,00-0040705,WR2
2025,17,WAS,00-0032268,QB1
2025,17,WAS,00-0035659,WR1
2025,17,WAS,00-0035719,WR2
2025,17,WAS,00-0036628,TE1
2025,17,WAS,00-0037742,WR3
2025,17,WAS,00-0038611,RB1
2025,17,WAS,00-0040242,RB2
2025,18,ARI,00-0033119,QB1
2025,18,ARI,00-0036924,RB1
2025,18,ARI,00-0037744,TE1
2025,18,ARI,00-0038559,WR1
2025,18,ARI,00-0038640,WR3
2025,18,ARI,00-0038705,RB2
2025,18,ARI,00-0039521,WR2
2025,18,ATL,00-0029604,QB1
2025,18,ATL,00-0035359,WR3
2025,18,ATL,00-0036309,WR2
2025,18,ATL,00-0036970,TE1
2025,18,ATL,00-0037238,WR1
2025,18,ATL,00-0037263,RB2
2025,18,ATL,00-0038542,RB1
2025,18,BAL,00-0030564,WR3
2025,18,BAL,00-0032764,RB1
2025,18,BAL,00-0034753,TE1
2025,18,BAL,00-0034796,QB1
2025,18,BAL,00-0036550,WR2
2025,18,BAL,00-0038454,RB2
2025,18,BAL,00-0039064,WR1
2025,18,BUF,00-0031236,WR2
2025,18,BUF,00-0034857,QB1
2025,18,BUF,00-0035537,RB2
2025,18,BUF,00-0036988,WR3
2025,18,BUF,00-0037248,RB1
2025,18,BUF,00-0037261,WR1
2025,18,BUF,00-0038933,TE1
2025,18,CAR,00-0036139,RB1
2025,18,CAR,00-0036555,RB2
2025,18,CAR,00-0037005,TE1
2025,18,CAR,00-0039150,QB1
2025,18,CAR,00-0039342,WR3
2025,18,CAR,00-0039491,WR2
2025,18,CAR,00-0040124,WR1
2025,18,CHI,00-0034827,WR2
2025,18,CHI,00-0036275,RB1
2025,18,CHI,00-0039918,QB1
2025,18,CHI,00-0039919,WR1
2025,18,CHI,00-0040126,TE1
2025,18,CHI,00-0040236,RB2
2025,18,CHI,00-0040735,WR3
2025,18,CIN,00-0033526,RB2
2025,18,CIN,00-0034829,TE1
2025,18,CIN,00-0036410,WR2
2025,18,CIN,00-0036442,QB1
2025,18,CIN,00-0036900,WR1
2025,18,CIN,00-0038597,RB1
2025,18,CIN,00-0038619,WR3
2025,18,CLE,00-0036407,WR1
2025,18,CLE,00-0038979,WR2
2025,18,CLE,00-0040162,RB1
2025,18,CLE,00-0040466,RB2
2025,18,CLE,00-0040663,TE1
2025,18,CLE,00-0040668,QB1
2025,18,CLE,00-0040782,WR3
2025,18,DAL,00-0033077,QB1
2025,18,DAL,00-0036358,WR1
2025,18,DAL,00-0037247,WR2
2025,18,DAL,00-0038041,TE1
2025,18,DAL,00-0039410,WR3
2025,18,DAL,00-0040021,RB2
2025,18,DAL,00-0040586,RB1
2025,18,DEN,00-0033881,TE1
2025,18,DEN,00-0034348,WR1
2025,18,DEN,00-0038794,RB2
2025,18,DEN,00-0039732,QB1
2025,18,DEN,00-0039868,WR2
2025,18,DEN,00-0040134,WR3
2025,18,DEN,00-0040730,RB1
2025,18,DET,00-0033106,QB1
2025,18,DET,00-0035685,RB2
2025,18,DET,00-0036534,TE1
2025,18,DET,00-0036963,WR1
2025,18,DET,00-0037240,WR2
2025,18,DET,00-0039139,RB1
2025,18,DET,00-0040669,WR3
2025,18,GB,00-0035700,RB1
2025,18,GB,00-0036264,QB1
2025,18,GB,00-0037816,WR2
2025,18,GB,00-0038124,WR1
2025,18,GB,00-0038797,RB2
2025,18,GB,00-0039144,TE1
2025,18,GB,00-0039146,WR3
2025,18,HOU,00-0034383,TE1
2025,18,HOU,00-0034775,WR3
2025,18,HOU,00-0036554,WR1
2025,18,HOU,00-0039163,QB1
2025,18,HOU,00-0039405,RB2
2025,18,HOU,00-0040130,WR2
2025,18,HOU,00-0040583,RB1
2025,18,IND,00-0032104,RB2
2025,18,IND,00-0036223,RB1
2025,18,IND,00-0036252,WR1
2025,18,IND,00-0037664,WR2
2025,18,IND,00-0038997,WR3
2025,18,IND,00-0040128,TE1
2025,18,IND,00-0040206,QB1
2025,18,JAX,00-0034960,WR2
2025,18,JAX,00-0036971,QB1
2025,18,JAX,00-0036973,RB1
2025,18,JAX,00-0038606,WR3
2025,18,JAX,00-0038935,TE1
2025,18,JAX,00-0039893,WR1
2025,18,JAX,00-0040719,RB2
2025,18,KC,00-0030506,TE1
2025,18,KC,00-0033857,WR3
2025,18,KC,00-0033923,RB2
2025,18,KC,00-0035662,WR2
2025,18,KC,00-0037197,RB1
2025,18,KC,00-0037324,QB1
2025,18,KC,00-0039894,WR1
2025,18,LA,00-0026498,QB1
2025,18,LA,00-0031381,WR2
2025,18,LA,00-0036244,TE1
2025,18,LA,00-0037840,RB1
2025,18,LA,00-0039075,WR1
2025,18,LA,00-0039738,RB2
2025,18,LA,00-0040590,WR3
2025,18,LAC,00-0030279,WR3
2025,18,LAC,00-0036355,QB1
2025,18,LAC,00-0038544,WR2
2025,18,LAC,00-0039391,RB2
2025,18,LAC,00-0039915,WR1
2025,18,LAC,00-0040189,TE1
2025,18,LAC,00-0040666,RB1
2025,18,LV,00-0030565,QB1
2025,18,LV,00-0031687,RB2
2025,18,LV,00-0038563,WR1
2025,18,LV,00-0039066,TE1
2025,18,LV,00-0040122,RB1
2025,18,LV,00-0040581,WR3
2025,18,LV,00-0040729,WR2
2025,18,MIA,00-0034418,WR3
2025,18,MIA,00-0036613,WR1
2025,18,MIA,00-0037252,TE1
2025,18,MIA,00-0039040,RB1
2025,18,MIA,00-0039874,RB2
2025,18,MIA,00-0039880,WR2
2025,18,MIA,00-0040234,QB1
2025,18,MIN,00-0033293,RB1
2025,18,MIN,00-0035229,TE1
2025,18,MIN,00-0036322,WR1
2025,18,MIN,00-0037291,WR3
2025,18,MIN,00-0037525,RB2
2025,18,MIN,00-0038994,WR2
2025,18,MIN,00-0039923,QB1
2025,18,NE,00-0031588,WR1
2025,18,NE,00-0033090,TE1
2025,18,NE,00-0036875,RB2
2025,18,NE,00-0038608,WR2
2025,18,NE,00-0039851,QB1
2025,18,NE,00-0040131,WR3
2025,18,NE,00-0040734,RB1
2025,18,NO,00-0033906,RB1
2025,18,NO,00-0034860,WR3
2025,18,NO,00-0036040,TE1
2025,18,NO,00-0037231,WR2
2025,18,NO,00-0037239,WR1
2025,18,NO,00-0039373,RB2
2025,18,NO,00-0040743,QB1
2025,18,NYG,00-0035250,RB2
2025,18,NYG,00-0035535,WR1
2025,18,NYG,00-0035645,WR3
2025,18,NYG,00-0036165,WR2
2025,18,NYG,00-0039384,RB1
2025,18,NYG,00-0039847,TE1
2025,18,NYG,00-0040691,QB1
2025,18,NYJ,00-0036906,RB2
2025,18,NYJ,00-0037614,WR1
2025,18,NYJ,00-0037805,TE1
2025,18,NYJ,00-0038120,RB1
2025,18,NYJ,00-0039451,WR3
2025,18,NYJ,00-0039890,WR2
2025,18,NYJ,00-0040398,QB1
2025,18,PHI,00-0034351,TE1
2025,18,PHI,00-0034844,RB1
2025,18,PHI,00-0035676,WR1
2025,18,PHI,00-0036389,QB1
2025,18,PHI,00-0036912,WR2
2025,18,PHI,00-0037741,WR3
2025,18,PHI,00-0038555,RB2
2025,18,PIT,00-0023459,QB1
2025,18,PIT,00-0030035,WR3
2025,18,PIT,00-0035640,WR1
2025,18,PIT,00-0036894,TE1
2025,18,PIT,00-0036919,RB2
2025,18,PIT,00-0037228,RB1
2025,18,PIT,00-0037837,WR2
2025,18,SEA,00-0033908,WR2
2025,18,SEA,00-0034869,QB1
2025,18,SEA,00-0037545,WR3
2025,18,SEA,00-0038134,RB1
2025,18,SEA,00-0038543,WR1
2025,18,SEA,00-0039165,RB2
2025,18,SEA,00-0039793,TE1
2025,18,SF,00-0032775,WR3
2025,18,SF,00-0033280,RB1
2025,18,SF,00-0033288,TE1
2025,18,SF,00-0036259,WR1
2025,18,SF,00-0037746,RB2
2025,18,SF,00-0037834,QB1
2025,18,SF,00-0039916,WR2
2025,18,TB,00-0031408,WR1
2025,18,TB,00-0033921,WR2
2025,18,TB,00-0034855,QB1
2025,18,TB,00-0037256,RB2
2025,18,TB,00-0038129,TE1
2025,18,TB,00-0039361,RB1
2025,18,TB,00-0040129,WR3
2025,18,TEN,00-0035261,RB1
2025,18,TEN,00-0036133,WR3
2025,18,TEN,00-0037809,TE1
2025,18,TEN,00-0039032,RB2
2025,18,TEN,00-0040170,WR1
2025,18,TEN,00-0040676,QB1
2025,18,TEN,00-0040705,WR2
2025,18,WAS,00-0032268,QB1
2025,18,WAS,00-0035659,WR1
2025,18,WAS,00-0035719,WR2
2025,18,WAS,00-0037742,WR3
2025,18,WAS,00-0038611,RB1
2025,18,WAS,00-0039912,TE1
2025,18,WAS,00-0040242,RB2
