team,week,gsis_id,slot
ARI,2,00-0035228,QB1
ARI,2,00-0039921,RB2
ARI,2,00-0033553,RB1
ARI,2,00-0038559,WR2
ARI,2,00-0039849,WR1
ARI,2,00-0033891,WR3
ARI,2,00-0037744,TE1
ARI,4,00-0035228,QB1
ARI,4,00-0039921,RB1
ARI,4,00-0038705,RB2
ARI,4,00-0039849,WR1
ARI,4,00-0038559,WR2
ARI,4,00-0033891,WR3
ARI,4,00-0037744,TE1
ARI,5,00-0035228,QB1
ARI,5,00-0038705,RB1
ARI,5,00-0036924,RB2
ARI,5,00-0039849,WR1
ARI,5,00-0038559,WR2
ARI,5,00-0033891,WR3
ARI,5,00-0037744,TE1
ARI,7,00-0035228,QB1
ARI,11,00-0033119,QB1
ARI,11,00-0038705,RB2
ARI,11,00-0037157,RB1
ARI,11,00-0039849,WR1
ARI,11,00-0038559,WR2
ARI,11,00-0035500,WR3
ARI,11,00-0037744,TE1
ARI,12,00-0033119,QB1
ARI,12,00-0037157,RB1
ARI,12,00-0038705,RB2
ARI,12,00-0038559,WR2
ARI,12,00-0035500,WR3
ARI,12,00-0039849,WR1
ARI,12,00-0037744,TE1
ARI,14,00-0033119,QB1
ARI,14,00-0038705,RB2
ARI,14,00-0037157,RB1
ARI,14,00-0039849,WR1
ARI,14,00-0038559,WR2
ARI,14,00-0039521,WR3
ARI,14,00-0037744,TE1
ARI,16,00-0033119,QB1
ARI,16,00-0038705,RB2
ARI,16,00-0036924,RB1
ARI,16,00-0039521,WR3
ARI,16,00-0039849,WR1
ARI,16,00-0038559,WR2
ARI,16,00-0037744,TE1
ARI,1,00-0035228,QB1
ARI,1,00-0033553,RB1
ARI,1,00-0039921,RB2
ARI,1,00-0039849,WR1
ARI,1,00-0038559,WR2
ARI,1,00-0033891,WR3
ARI,1,00-0037744,TE1
ARI,3,00-0035228,QB1
ARI,3,00-0033553,RB1
ARI,3,00-0039921,RB2
ARI,3,00-0038559,WR2
ARI,3,00-0039849,WR1
ARI,3,00-0033891,WR3
ARI,3,00-0037744,TE1
ARI,6,00-0035228,QB1
ARI,6,00-0036924,RB1
ARI,6,00-0038705,RB2
ARI,6,00-0039849,WR1
ARI,6,00-0038559,WR2
ARI,6,00-0033891,WR3
ARI,6,00-0037744,TE1
ARI,9,00-0035228,QB1
ARI,9,00-0037157,RB1
ARI,9,00-0038705,RB2
ARI,9,00-0038559,WR2
ARI,9,00-0039849,WR1
ARI,9,00-0033891,WR3
ARI,9,00-0037744,TE1
ARI,10,00-0033119,QB1
ARI,10,00-0037157,RB1
ARI,10,00-0038705,RB2
ARI,10,00-0039849,WR1
ARI,10,00-0038559,WR2
ARI,10,00-0033891,WR3
ARI,10,00-0037744,TE1
ARI,13,00-0033119,QB1
ARI,13,00-0037157,RB1
ARI,13,00-0038705,RB2
ARI,13,00-0035500,WR3
ARI,13,00-0039849,WR1
ARI,13,00-0038559,WR2
ARI,13,00-0037744,TE1
ARI,15,00-0033119,QB1
ARI,15,00-0038705,RB2
ARI,15,00-0037157,RB1
ARI,15,00-0039521,WR3
ARI,15,00-0038559,WR2
ARI,15,00-0039849,WR1
ARI,15,00-0037744,TE1
ARI,17,00-0033119,QB1
ARI,17,00-0038705,RB2
ARI,17,00-0036924,RB1
ARI,17,00-0039521,WR3
ARI,17,00-0039849,WR1
ARI,17,00-0038559,WR2
ARI,17,00-0037744,TE1
ARI,18,00-0033119,QB1
ARI,18,00-0038705,RB2
ARI,18,00-0036924,RB1
ARI,18,00-0038640,WR3
ARI,18,00-0038559,WR1
ARI,18,00-0039521,WR2
ARI,18,00-0037744,TE1
ATL,1,00-0039917,QB1
ATL,1,00-0038542,RB1
ATL,1,00-0037263,RB2
ATL,1,00-0037238,WR1
ATL,1,00-0036309,WR2
ATL,1,00-0034407,WR3
ATL,1,00-0036970,TE1
ATL,4,00-0039917,QB1
ATL,4,00-0038542,RB1
ATL,4,00-0037263,RB2
ATL,4,00-0036309,WR2
ATL,4,00-0037238,WR1
ATL,4,00-0034407,WR3
ATL,4,00-0036970,TE1
ATL,6,00-0039917,QB1
ATL,6,00-0038542,RB1
ATL,6,00-0037263,RB2
ATL,6,00-0037238,WR1
ATL,6,00-0036309,WR2
ATL,6,00-0034407,WR3
ATL,6,00-0036970,TE1
ATL,8,00-0039917,QB1
ATL,8,00-0038542,RB1
ATL,8,00-0037263,RB2
ATL,8,00-0037238,WR1
ATL,8,00-0036309,WR2
ATL,8,00-0035359,WR3
ATL,8,00-0036970,TE1
ATL,11,00-0039917,QB1
ATL,11,00-0038542,RB1
ATL,11,00-0037263,RB2
ATL,11,00-0037238,WR1
ATL,11,00-0036309,WR2
ATL,11,00-0035359,WR3
ATL,11,00-0036970,TE1
ATL,14,00-0029604,QB1
ATL,14,00-0037263,RB2
ATL,14,00-0038542,RB1
ATL,14,00-0036309,WR2
ATL,14,00-0037238,WR1
ATL,14,00-0035359,WR3
ATL,14,00-0036970,TE1
ATL,17,00-0029604,QB1
ATL,17,00-0037263,RB2
ATL,17,00-0038542,RB1
ATL,17,00-0036309,WR2
ATL,17,00-0037238,WR1
ATL,17,00-0035359,WR3
ATL,17,00-0036970,TE1
ATL,18,00-0029604,QB1
ATL,18,00-0038542,RB1
ATL,18,00-0037263,RB2
ATL,18,00-0037238,WR1
ATL,18,00-0036309,WR2
ATL,18,00-0035359,WR3
ATL,18,00-0036970,TE1
ATL,2,00-0039917,QB1
ATL,2,00-0038542,RB1
ATL,2,00-0037263,RB2
ATL,2,00-0037238,WR1
ATL,2,00-0036309,WR2
ATL,2,00-0034407,WR3
ATL,2,00-0036970,TE1
ATL,3,00-0039917,QB1
ATL,3,00-0037263,RB2
ATL,3,00-0038542,RB1
ATL,3,00-0037238,WR1
ATL,3,00-0036309,WR2
ATL,3,00-0034407,WR3
ATL,3,00-0036970,TE1
ATL,7,00-0039917,QB1
ATL,7,00-0038542,RB1
ATL,7,00-0037263,RB2
ATL,7,00-0036309,WR2
ATL,7,00-0037238,WR1
ATL,7,00-0039394,WR3
ATL,7,00-0036970,TE1
ATL,9,00-0039917,QB1
ATL,9,00-0038542,RB1
ATL,9,00-0037263,RB2
ATL,9,00-0037238,WR1
ATL,9,00-0036309,WR2
ATL,9,00-0035359,WR3
ATL,9,00-0036970,TE1
ATL,10,00-0039917,QB1
ATL,10,00-0038542,RB1
ATL,10,00-0037263,RB2
ATL,10,00-0037238,WR1
ATL,10,00-0036309,WR2
ATL,10,00-0035359,WR3
ATL,10,00-0036970,TE1
ATL,12,00-0029604,QB1
ATL,12,00-0038542,RB1
ATL,12,00-0037263,RB2
ATL,12,00-0037238,WR1
ATL,12,00-0036309,WR2
ATL,12,00-0035359,WR3
ATL,12,00-0036970,TE1
ATL,13,00-0029604,QB1
ATL,13,00-0038542,RB1
ATL,13,00-0037263,RB2
ATL,13,00-0037238,WR1
ATL,13,00-0036309,WR2
ATL,13,00-0035359,WR3
ATL,13,00-0036970,TE1
ATL,15,00-0029604,QB1
ATL,15,00-0037263,RB2
ATL,15,00-0038542,RB1
ATL,15,00-0037238,WR1
ATL,15,00-0036309,WR2
ATL,15,00-0035359,WR3
ATL,15,00-0036970,TE1
ATL,16,00-0029604,QB1
ATL,16,00-0037263,RB2
ATL,16,00-0038542,RB1
ATL,16,00-0035359,WR3
ATL,16,00-0036309,WR2
ATL,16,00-0037238,WR1
ATL,16,00-0036970,TE1
BAL,2,00-0034796,QB1
BAL,2,00-0032764,RB1
BAL,2,00-0034975,RB2
BAL,2,00-0039064,WR1
BAL,2,00-0036550,WR2
BAL,2,00-0030564,WR3
BAL,2,00-0034753,TE1
BAL,3,00-0034796,QB1
BAL,3,00-0032764,RB1
BAL,3,00-0034975,RB2
BAL,3,00-0039064,WR1
BAL,3,00-0036550,WR2
BAL,3,00-0030564,WR3
BAL,3,00-0034753,TE1
BAL,5,00-0034796,QB1
BAL,5,00-0032764,RB1
BAL,5,00-0034975,RB2
BAL,5,00-0036550,WR2
BAL,5,00-0039064,WR1
BAL,5,00-0030564,WR3
BAL,5,00-0034753,TE1
BAL,6,00-0034796,QB1
BAL,6,00-0034975,RB2
BAL,6,00-0032764,RB1
BAL,6,00-0036550,WR2
BAL,6,00-0039064,WR1
BAL,6,00-0030564,WR3
BAL,6,00-0034753,TE1
BAL,8,00-0034796,QB1
BAL,8,00-0034975,RB2
BAL,8,00-0032764,RB1
BAL,8,00-0036550,WR2
BAL,8,00-0039064,WR1
BAL,8,00-0030564,WR3
BAL,8,00-0034753,TE1
BAL,12,00-0034796,QB1
BAL,12,00-0034975,RB2
BAL,12,00-0032764,RB1
BAL,12,00-0036550,WR2
BAL,12,00-0039064,WR1
BAL,12,00-0030564,WR3
BAL,12,00-0034753,TE1
BAL,13,00-0034796,QB1
BAL,13,00-0032764,RB1
BAL,13,00-0034975,RB2
BAL,13,00-0039064,WR1
BAL,13,00-0036550,WR2
BAL,13,00-0030564,WR3
BAL,13,00-0034753,TE1
BAL,14,00-0034796,QB1
BAL,14,00-0032764,RB1
BAL,14,00-0039796,RB2
BAL,14,00-0039064,WR1
BAL,14,00-0036550,WR2
BAL,14,00-0030564,WR3
BAL,14,00-0034753,TE1
BAL,16,00-0034796,QB1
BAL,16,00-0032764,RB1
BAL,16,00-0038454,RB2
BAL,16,00-0039064,WR1
BAL,16,00-0036550,WR2
BAL,16,00-0030564,WR3
BAL,16,00-0034753,TE1
BAL,1,00-0034796,QB1
BAL,1,00-0034975,RB2
BAL,1,00-0032764,RB1
BAL,1,00-0039064,WR1
BAL,1,00-0036550,WR2
BAL,1,00-0030564,WR3
BAL,1,00-0034753,TE1
BAL,4,00-0034796,QB1
BAL,4,00-0032764,RB1
BAL,4,00-0034975,RB2
BAL,4,00-0039064,WR1
BAL,4,00-0036550,WR2
BAL,4,00-0030564,WR3
BAL,4,00-0034753,TE1
BAL,9,00-0034796,QB1
BAL,9,00-0032764,RB1
BAL,9,00-0034975,RB2
BAL,9,00-0039064,WR1
BAL,9,00-0036550,WR2
BAL,9,00-0030564,WR3
BAL,9,00-0034753,TE1
BAL,10,00-0034796,QB1
BAL,10,00-0032764,RB1
BAL,10,00-0034975,RB2
BAL,10,00-0036550,WR2
BAL,10,00-0039064,WR1
BAL,10,00-0030564,WR3
BAL,10,00-0034753,TE1
BAL,11,00-0034796,QB1
BAL,11,00-0032764,RB1
BAL,11,00-0034975,RB2
BAL,11,00-0036550,WR2
BAL,11,00-0039064,WR1
BAL,11,00-0030564,WR3
BAL,11,00-0034753,TE1
BAL,15,00-0034796,QB1
BAL,15,00-0032764,RB1
BAL,15,00-0038454,RB2
BAL,15,00-0039064,WR1
BAL,15,00-0036550,WR2
BAL,15,00-0030564,WR3
BAL,15,00-0034753,TE1
BAL,17,00-0034796,QB1
BAL,17,00-0032764,RB1
BAL,17,00-0038454,RB2
BAL,17,00-0039064,WR1
BAL,17,00-0036550,WR2
BAL,17,00-0030564,WR3
BAL,17,00-0034753,TE1
BAL,18,00-0034796,QB1
BAL,18,00-0032764,RB1
BAL,18,00-0038454,RB2
BAL,18,00-0036550,WR2
BAL,18,00-0039064,WR1
BAL,18,00-0030564,WR3
BAL,18,00-0034753,TE1
BUF,1,00-0034857,QB1
BUF,1,00-0037248,RB1
BUF,1,00-0039875,RB2
BUF,1,00-0037261,WR1
BUF,1,00-0039901,WR2
BUF,1,00-0036988,WR3
BUF,1,00-0038933,TE1
BUF,3,00-0034857,QB1
BUF,3,00-0037248,RB1
BUF,3,00-0039875,RB2
BUF,3,00-0039901,WR1
BUF,3,00-0037261,WR2
BUF,3,00-0036988,WR3
BUF,3,00-0038933,TE1
BUF,4,00-0034857,QB1
BUF,4,00-0037248,RB1
BUF,4,00-0039875,RB2
BUF,4,00-0037261,WR2
BUF,4,00-0039901,WR1
BUF,4,00-0036988,WR3
BUF,4,00-0038933,TE1
BUF,5,00-0034857,QB1
BUF,5,00-0037248,RB1
BUF,5,00-0039875,RB2
BUF,5,00-0039901,WR1
BUF,5,00-0037261,WR2
BUF,5,00-0036988,WR3
BUF,5,00-0038933,TE1
BUF,9,00-0034857,QB1
BUF,9,00-0037248,RB1
BUF,9,00-0035537,RB2
BUF,9,00-0039901,WR1
BUF,9,00-0037261,WR2
BUF,9,00-0036988,WR3
BUF,9,00-0038933,TE1
BUF,11,00-0034857,QB1
BUF,11,00-0037248,RB1
BUF,11,00-0035537,RB2
BUF,11,00-0037261,WR1
BUF,11,00-0039901,WR2
BUF,11,00-0036988,WR3
BUF,11,00-0038933,TE1
BUF,14,00-0034857,QB1
BUF,14,00-0037248,RB1
BUF,14,00-0039875,RB2
BUF,14,00-0037261,WR1
BUF,14,00-0036988,WR2
BUF,14,00-0036196,WR3
BUF,14,00-0038933,TE1
BUF,17,00-0034857,QB1
BUF,17,00-0037248,RB1
BUF,17,00-0035537,RB2
BUF,17,00-0037261,WR1
BUF,17,00-0036988,WR2
BUF,17,00-0038679,WR3
BUF,17,00-0038933,TE1
BUF,18,00-0034857,QB1
BUF,18,00-0037248,RB1
BUF,18,00-0035537,RB2
BUF,18,00-0037261,WR1
BUF,18,00-0031236,WR2
BUF,18,00-0036988,WR3
BUF,18,00-0038933,TE1
BUF,2,00-0034857,QB1
BUF,2,00-0037248,RB1
BUF,2,00-0039875,RB2
BUF,2,00-0039901,WR1
BUF,2,00-0037261,WR2
BUF,2,00-0036988,WR3
BUF,2,00-0038933,TE1
BUF,6,00-0034857,QB1
BUF,6,00-0037248,RB1
BUF,6,00-0039875,RB2
BUF,6,00-0039901,WR1
BUF,6,00-0037261,WR2
BUF,6,00-0036988,WR3
BUF,6,00-0038933,TE1
BUF,8,00-0034857,QB1
BUF,8,00-0037248,RB1
BUF,8,00-0035537,RB2
BUF,8,00-0037261,WR2
BUF,8,00-0039901,WR1
BUF,8,00-0036988,WR3
BUF,8,00-0038933,TE1
BUF,10,00-0034857,QB1
BUF,10,00-0037248,RB1
BUF,10,00-0035537,RB2
BUF,10,00-0039901,WR1
BUF,10,00-0037261,WR2
BUF,10,00-0036988,WR3
BUF,10,00-0038933,TE1
BUF,12,00-0034857,QB1
BUF,12,00-0037248,RB1
BUF,12,00-0035537,RB2
BUF,12,00-0037261,WR1
BUF,12,00-0039901,WR2
BUF,12,00-0036988,WR3
BUF,12,00-0038933,TE1
BUF,13,00-0034857,QB1
BUF,13,00-0037248,RB1
BUF,13,00-0035537,RB2
BUF,13,00-0037261,WR1
BUF,13,00-0036988,WR2
BUF,13,00-0031236,WR3
BUF,13,00-0038933,TE1
BUF,15,00-0034857,QB1
BUF,15,00-0037248,RB1
BUF,15,00-0039875,RB2
BUF,15,00-0037261,WR1
BUF,15,00-0036988,WR2
BUF,15,00-0036196,WR3
BUF,15,00-0038933,TE1
BUF,16,00-0034857,QB1
BUF,16,00-0037248,RB1
BUF,16,00-0039875,RB2
BUF,16,00-0037261,WR1
BUF,16,00-0036988,WR2
BUF,16,00-0039901,WR3
BUF,16,00-0038933,TE1
CAR,3,00-0039150,QB1
CAR,3,00-0036555,RB1
CAR,3,00-0036139,RB2
CAR,3,00-0040124,WR1
CAR,3,00-0039342,WR2
CAR,3,00-0034983,WR3
CAR,3,00-0039356,TE1
CAR,5,00-0039150,QB1
CAR,5,00-0036555,RB1
CAR,5,00-0036139,RB2
CAR,5,00-0039342,WR2
CAR,5,00-0040124,WR1
CAR,5,00-0034983,WR3
CAR,5,00-0039356,TE1
CAR,6,00-0039150,QB1
CAR,6,00-0036139,RB2
CAR,6,00-0036555,RB1
CAR,6,00-0039342,WR2
CAR,6,00-0040124,WR1
CAR,6,00-0034983,WR3
CAR,6,00-0039356,TE1
CAR,8,00-0039150,QB1
CAR,8,00-0036139,RB2
CAR,8,00-0036555,RB1
CAR,8,00-0040124,WR1
CAR,8,00-0039342,WR2
CAR,8,00-0039491,WR3
CAR,8,00-0039356,TE1
CAR,10,00-0039150,QB1
CAR,10,00-0036139,RB1
CAR,10,00-0036555,RB2
CAR,10,00-0040124,WR1
CAR,10,00-0039342,WR2
CAR,10,00-0039491,WR3
CAR,10,00-0037005,TE1
CAR,13,00-0039150,QB1
CAR,13,00-0036139,RB1
CAR,13,00-0036555,RB2
CAR,13,00-0040124,WR1
CAR,13,00-0039342,WR2
CAR,13,00-0039491,WR3
CAR,13,00-0039356,TE1
CAR,16,00-0039150,QB1
CAR,16,00-0036139,RB1
CAR,16,00-0036555,RB2
CAR,16,00-0040124,WR1
CAR,16,00-0039342,WR2
CAR,16,00-0039491,WR3
CAR,16,00-0037005,TE1
CAR,17,00-0039150,QB1
CAR,17,00-0036139,RB1
CAR,17,00-0036555,RB2
CAR,17,00-0039491,WR2
CAR,17,00-0040124,WR1
CAR,17,00-0039342,WR3
CAR,17,00-0039356,TE1
CAR,1,00-0039150,QB1
CAR,1,00-0036555,RB1
CAR,1,00-0036139,RB2
CAR,1,00-0040124,WR1
CAR,1,00-0039342,WR2
CAR,1,00-0034983,WR3
CAR,1,00-0039356,TE1
CAR,2,00-0039150,QB1
CAR,2,00-0036555,RB1
CAR,2,00-0036139,RB2
CAR,2,00-0040124,WR1
CAR,2,00-0039342,WR2
CAR,2,00-0034983,WR3
CAR,2,00-0039356,TE1
CAR,4,00-0039150,QB1
CAR,4,00-0036555,RB1
CAR,4,00-0036139,RB2
CAR,4,00-0034983,WR2
CAR,4,00-0040124,WR1
CAR,4,00-0039342,WR3
CAR,4,00-0039356,TE1
CAR,7,00-0039150,QB1
CAR,7,00-0036555,RB1
CAR,7,00-0036139,RB2
CAR,7,00-0039342,WR2
CAR,7,00-0040124,WR1
CAR,7,00-0039491,WR3
CAR,7,00-0039356,TE1
CAR,9,00-0039150,QB1
CAR,9,00-0036139,RB1
CAR,9,00-0036555,RB2
CAR,9,00-0040124,WR1
CAR,9,00-0039342,WR2
CAR,9,00-0039491,WR3
CAR,9,00-0039356,TE1
CAR,11,00-0039150,QB1
CAR,11,00-0036139,RB1
CAR,11,00-0036555,RB2
CAR,11,00-0040124,WR1
CAR,11,00-0039342,WR2
CAR,11,00-0039491,WR3
CAR,11,00-0039356,TE1
CAR,12,00-0039150,QB1
CAR,12,00-0036139,RB1
CAR,12,00-0036555,RB2
CAR,12,00-0040124,WR1
CAR,12,00-0039342,WR2
CAR,12,00-0039491,WR3
CAR,12,00-0039356,TE1
CAR,15,00-0039150,QB1
CAR,15,00-0036139,RB1
CAR,15,00-0036555,RB2
CAR,15,00-0040124,WR1
CAR,15,00-0039342,WR2
CAR,15,00-0039491,WR3
CAR,15,00-0037005,TE1
CAR,18,00-0039150,QB1
CAR,18,00-0036139,RB1
CAR,18,00-0036555,RB2
CAR,18,00-0039491,WR2
CAR,18,00-0040124,WR1
CAR,18,00-0039342,WR3
CAR,18,00-0037005,TE1
CHI,1,00-0039918,QB1
CHI,1,00-0039021,RB2
CHI,1,00-0036275,RB1
CHI,1,00-0039919,WR2
CHI,1,00-0034827,WR1
CHI,1,00-0040735,WR3
CHI,1,00-0040126,TE1
CHI,3,00-0039918,QB1
CHI,3,00-0036275,RB1
CHI,3,00-0040236,RB2
CHI,3,00-0034827,WR1
CHI,3,00-0039919,WR2
CHI,3,00-0035208,WR3
CHI,3,00-0036290,TE1
CHI,7,00-0039918,QB1
CHI,7,00-0036275,RB1
CHI,7,00-0040236,RB2
CHI,7,00-0034827,WR2
CHI,7,00-0039919,WR1
CHI,7,00-0035208,WR3
CHI,7,00-0036290,TE1
CHI,10,00-0039918,QB1
CHI,10,00-0036275,RB1
CHI,10,00-0040236,RB2
CHI,10,00-0039919,WR1
CHI,10,00-0034827,WR2
CHI,10,00-0035208,WR3
CHI,10,00-0040126,TE1
CHI,12,00-0039918,QB1
CHI,12,00-0040236,RB2
CHI,12,00-0036275,RB1
CHI,12,00-0040735,WR3
CHI,12,00-0034827,WR2
CHI,12,00-0039919,WR1
CHI,12,00-0036290,TE1
CHI,15,00-0039918,QB1
CHI,15,00-0036275,RB1
CHI,15,00-0040236,RB2
CHI,15,00-0034827,WR2
CHI,15,00-0039919,WR1
CHI,15,00-0040735,WR3
CHI,15,00-0040126,TE1
CHI,16,00-0039918,QB1
CHI,16,00-0036275,RB1
CHI,16,00-0040236,RB2
CHI,16,00-0039919,WR1
CHI,16,00-0034827,WR2
CHI,16,00-0040735,WR3
CHI,16,00-0040126,TE1
CHI,18,00-0039918,QB1
CHI,18,00-0036275,RB1
CHI,18,00-0040236,RB2
CHI,18,00-0039919,WR1
CHI,18,00-0034827,WR2
CHI,18,00-0040735,WR3
CHI,18,00-0040126,TE1
CHI,2,00-0039918,QB1
CHI,2,00-0036275,RB1
CHI,2,00-0040236,RB2
CHI,2,00-0034827,WR1
CHI,2,00-0039919,WR2
CHI,2,00-0035208,WR3
CHI,2,00-0036290,TE1
CHI,4,00-0039918,QB1
CHI,4,00-0040236,RB2
CHI,4,00-0036275,RB1
CHI,4,00-0039919,WR2
CHI,4,00-0034827,WR1
CHI,4,00-0035208,WR3
CHI,4,00-0036290,TE1
CHI,6,00-0039918,QB1
CHI,6,00-0036275,RB1
CHI,6,00-0040236,RB2
CHI,6,00-0034827,WR1
CHI,6,00-0039919,WR2
CHI,6,00-0035208,WR3
CHI,6,00-0036290,TE1
CHI,8,00-0039918,QB1
CHI,8,00-0040236,RB2
CHI,8,00-0036275,RB1
CHI,8,00-0039919,WR1
CHI,8,00-0034827,WR2
CHI,8,00-0035208,WR3
CHI,8,00-0036290,TE1
CHI,9,00-0039918,QB1
CHI,9,00-0040236,RB2
CHI,9,00-0036275,RB1
CHI,9,00-0034827,WR2
CHI,9,00-0039919,WR1
CHI,9,00-0035208,WR3
CHI,9,00-0036290,TE1
CHI,11,00-0039918,QB1
CHI,11,00-0036275,RB1
CHI,11,00-0040236,RB2
CHI,11,00-0034827,WR2
CHI,11,00-0039919,WR1
CHI,11,00-0035208,WR3
CHI,11,00-0036290,TE1
CHI,13,00-0039918,QB1
CHI,13,00-0036275,RB1
CHI,13,00-0040236,RB2
CHI,13,00-0039919,WR1
CHI,13,00-0034827,WR2
CHI,13,00-0040735,WR3
CHI,13,00-0040126,TE1
CHI,14,00-0039918,QB1
CHI,14,00-0036275,RB1
CHI,14,00-0040236,RB2
CHI,14,00-0034827,WR2
CHI,14,00-0039919,WR1
CHI,14,00-0040735,WR3
CHI,14,00-0040126,TE1
CHI,17,00-0039918,QB1
CHI,17,00-0040236,RB2
CHI,17,00-0036275,RB1
CHI,17,00-0039919,WR1
CHI,17,00-0034827,WR2
CHI,17,00-0040735,WR3
CHI,17,00-0040126,TE1
CIN,2,00-0036442,QB1
CIN,2,00-0038597,RB1
CIN,2,00-0033526,RB2
CIN,2,00-0036900,WR1
CIN,2,00-0036410,WR2
CIN,2,00-0038619,WR3
CIN,2,00-0035644,TE1
CIN,5,00-0035100,QB1
CIN,5,00-0038597,RB1
CIN,5,00-0033526,RB2
CIN,5,00-0036900,WR1
CIN,5,00-0036410,WR2
CIN,5,00-0038619,WR3
CIN,5,00-0035644,TE1
CIN,7,00-0026158,QB1
CIN,7,00-0038597,RB1
CIN,7,00-0033526,RB2
CIN,7,00-0036900,WR1
CIN,7,00-0036410,WR2
CIN,7,00-0038619,WR3
CIN,7,00-0035644,TE1
CIN,8,00-0026158,QB1
CIN,8,00-0038597,RB1
CIN,8,00-0033526,RB2
CIN,8,00-0036410,WR2
CIN,8,00-0036900,WR1
CIN,8,00-0038619,WR3
CIN,8,00-0035644,TE1
CIN,9,00-0026158,QB1
CIN,9,00-0033526,RB2
CIN,9,00-0038597,RB1
CIN,9,00-0036900,WR1
CIN,9,00-0036410,WR2
CIN,9,00-0038619,WR3
CIN,9,00-0035644,TE1
CIN,12,00-0026158,QB1
CIN,12,00-0033526,RB2
CIN,12,00-0038597,RB1
CIN,12,00-0036900,WR1
CIN,12,00-0036410,WR2
CIN,12,00-0038619,WR3
CIN,12,00-0035644,TE1
CIN,15,00-0036442,QB1
CIN,15,00-0038597,RB1
CIN,15,00-0033526,RB2
CIN,15,00-0036410,WR2
CIN,15,00-0036900,WR1
CIN,15,00-0038619,WR3
CIN,15,00-0034829,TE1
CIN,17,00-0036442,QB1
CIN,17,00-0038597,RB1
CIN,17,00-0033526,RB2
CIN,17,00-0036410,WR2
CIN,17,00-0036900,WR1
CIN,17,00-0038619,WR3
CIN,17,00-0034829,TE1
CIN,18,00-0036442,QB1
CIN,18,00-0038597,RB1
CIN,18,00-0033526,RB2
CIN,18,00-0036900,WR1
CIN,18,00-0036410,WR2
CIN,18,00-0038619,WR3
CIN,18,00-0034829,TE1
CIN,1,00-0036442,QB1
CIN,1,00-0038597,RB1
CIN,1,00-0033526,RB2
CIN,1,00-0036900,WR1
CIN,1,00-0036410,WR2
CIN,1,00-0038619,WR3
CIN,1,00-0034829,TE1
CIN,3,00-0035100,QB1
CIN,3,00-0038597,RB1
CIN,3,00-0033526,RB2
CIN,3,00-0036900,WR1
CIN,3,00-0036410,WR2
CIN,3,00-0038619,WR3
CIN,3,00-0034829,TE1
CIN,4,00-0035100,QB1
CIN,4,00-0038597,RB1
CIN,4,00-0033526,RB2
CIN,4,00-0036900,WR1
CIN,4,00-0036410,WR2
CIN,4,00-0038619,WR3
CIN,4,00-0035644,TE1
CIN,6,00-0026158,QB1
CIN,6,00-0038597,RB1
CIN,6,00-0033526,RB2
CIN,6,00-0036900,WR1
CIN,6,00-0036410,WR2
CIN,6,00-0038619,WR3
CIN,6,00-0034829,TE1
CIN,11,00-0026158,QB1
CIN,11,00-0033526,RB2
CIN,11,00-0038597,RB1
CIN,11,00-0036410,WR2
CIN,11,00-0036900,WR1
CIN,11,00-0038619,WR3
CIN,11,00-0035644,TE1
CIN,13,00-0036442,QB1
CIN,13,00-0038597,RB1
CIN,13,00-0033526,RB2
CIN,13,00-0036900,WR1
CIN,13,00-0036410,WR2
CIN,13,00-0038619,WR3
CIN,13,00-0034829,TE1
CIN,14,00-0036442,QB1
CIN,14,00-0038597,RB1
CIN,14,00-0033526,RB2
CIN,14,00-0036410,WR2
CIN,14,00-0036900,WR1
CIN,14,00-0038619,WR3
CIN,14,00-0034829,TE1
CIN,16,00-0036442,QB1
CIN,16,00-0038597,RB1
CIN,16,00-0033526,RB2
CIN,16,00-0036900,WR1
CIN,16,00-0036410,WR2
CIN,16,00-0038619,WR3
CIN,16,00-0034829,TE1
CLE,1,00-0026158,QB1
CLE,1,00-0040162,RB2
CLE,1,00-0037267,RB1
CLE,1,00-0038979,WR2
CLE,1,00-0036407,WR1
CLE,1,00-0039379,WR3
CLE,1,00-0033885,TE1
CLE,3,00-0026158,QB1
CLE,3,00-0040784,RB1
CLE,3,00-0037267,RB2
CLE,3,00-0040782,WR3
CLE,3,00-0038979,WR2
CLE,3,00-0036407,WR1
CLE,3,00-0033885,TE1
CLE,5,00-0040704,QB1
CLE,5,00-0037267,RB2
CLE,5,00-0040784,RB1
CLE,5,00-0036407,WR1
CLE,5,00-0040782,WR2
CLE,5,00-0039379,WR3
CLE,5,00-0033885,TE1
CLE,7,00-0040704,QB1
CLE,7,00-0040784,RB1
CLE,7,00-0037267,RB2
CLE,7,00-0040782,WR2
CLE,7,00-0036407,WR1
CLE,7,00-0039379,WR3
CLE,7,00-0033885,TE1
CLE,11,00-0040704,QB1
CLE,11,00-0040162,RB2
CLE,11,00-0040784,RB1
CLE,11,00-0038979,WR2
CLE,11,00-0036407,WR1
CLE,11,00-0040782,WR3
CLE,11,00-0033885,TE1
CLE,13,00-0040668,QB1
CLE,13,00-0040784,RB1
CLE,13,00-0040162,RB2
CLE,13,00-0036407,WR1
CLE,13,00-0038979,WR2
CLE,13,00-0040782,WR3
CLE,13,00-0040663,TE1
CLE,14,00-0040668,QB1
CLE,14,00-0040784,RB1
CLE,14,00-0040162,RB2
CLE,14,00-0038979,WR2
CLE,14,00-0036407,WR1
CLE,14,00-0040782,WR3
CLE,14,00-0040663,TE1
CLE,16,00-0040668,QB1
CLE,16,00-0040784,RB1
CLE,16,00-0040162,RB2
CLE,16,00-0036407,WR1
CLE,16,00-0038979,WR2
CLE,16,00-0040782,WR3
CLE,16,00-0040663,TE1
CLE,17,00-0040668,QB1
CLE,17,00-0040466,RB2
CLE,17,00-0040162,RB1
CLE,17,00-0038979,WR2
CLE,17,00-0040782,WR3
CLE,17,00-0036407,WR1
CLE,17,00-0040663,TE1
CLE,2,00-0026158,QB1
CLE,2,00-0037267,RB2
CLE,2,00-0040162,RB1
CLE,2,00-0038979,WR2
CLE,2,00-0036407,WR1
CLE,2,00-0039379,WR3
CLE,2,00-0033885,TE1
CLE,4,00-0026158,QB1
CLE,4,00-0040784,RB1
CLE,4,00-0037267,RB2
CLE,4,00-0036407,WR1
CLE,4,00-0038979,WR2
CLE,4,00-0040782,WR3
CLE,4,00-0033885,TE1
CLE,6,00-0040704,QB1
CLE,6,00-0037267,RB2
CLE,6,00-0040784,RB1
CLE,6,00-0040782,WR2
CLE,6,00-0036407,WR1
CLE,6,00-0039379,WR3
CLE,6,00-0033885,TE1
CLE,8,00-0040704,QB1
CLE,8,00-0040784,RB1
CLE,8,00-0037267,RB2
CLE,8,00-0040782,WR2
CLE,8,00-0036407,WR1
CLE,8,00-0039379,WR3
CLE,8,00-0033885,TE1
CLE,10,00-0040704,QB1
CLE,10,00-0040784,RB1
CLE,10,00-0040162,RB2
CLE,10,00-0038979,WR2
CLE,10,00-0036407,WR1
CLE,10,00-0040782,WR3
CLE,10,00-0033885,TE1
CLE,12,00-0040704,QB1
CLE,12,00-0040162,RB2
CLE,12,00-0040784,RB1
CLE,12,00-0038979,WR2
CLE,12,00-0036407,WR1
CLE,12,00-0040782,WR3
CLE,12,00-0040663,TE1
CLE,15,00-0040668,QB1
CLE,15,00-0040162,RB2
CLE,15,00-0040784,RB1
CLE,15,00-0036407,WR1
CLE,15,00-0038979,WR2
CLE,15,00-0040782,WR3
CLE,15,00-0040663,TE1
CLE,18,00-0040668,QB1
CLE,18,00-0040162,RB1
CLE,18,00-0040466,RB2
CLE,18,00-0040782,WR3
CLE,18,00-0036407,WR1
CLE,18,00-0038979,WR2
CLE,18,00-0040663,TE1
DAL,2,00-0033077,QB1
DAL,2,00-0036997,RB1
DAL,2,00-0035243,RB2
DAL,2,00-0036358,WR1
DAL,2,00-0037247,WR2
DAL,2,00-0037666,WR3
DAL,2,00-0038041,TE1
DAL,4,00-0033077,QB1
DAL,4,00-0036997,RB1
DAL,4,00-0035243,RB2
DAL,4,00-0036358,WR1
DAL,4,00-0037247,WR2
DAL,4,00-0037666,WR3
DAL,4,00-0038041,TE1
DAL,7,00-0033077,QB1
DAL,7,00-0036997,RB1
DAL,7,00-0040586,RB2
DAL,7,00-0036358,WR1
DAL,7,00-0037247,WR2
DAL,7,00-0039410,WR3
DAL,7,00-0038041,TE1
DAL,9,00-0033077,QB1
DAL,9,00-0036997,RB1
DAL,9,00-0040586,RB2
DAL,9,00-0036358,WR1
DAL,9,00-0037247,WR2
DAL,9,00-0037666,WR3
DAL,9,00-0038041,TE1
DAL,12,00-0033077,QB1
DAL,12,00-0036997,RB1
DAL,12,00-0037563,RB2
DAL,12,00-0036358,WR1
DAL,12,00-0037247,WR2
DAL,12,00-0039410,WR3
DAL,12,00-0038041,TE1
DAL,13,00-0033077,QB1
DAL,13,00-0036997,RB1
DAL,13,00-0037563,RB2
DAL,13,00-0036358,WR1
DAL,13,00-0037247,WR2
DAL,13,00-0039410,WR3
DAL,13,00-0038041,TE1
DAL,15,00-0033077,QB1
DAL,15,00-0036997,RB1
DAL,15,00-0037563,RB2
DAL,15,00-0036358,WR1
DAL,15,00-0037247,WR2
DAL,15,00-0039410,WR3
DAL,15,00-0038041,TE1
DAL,16,00-0033077,QB1
DAL,16,00-0036997,RB1
DAL,16,00-0037563,RB2
DAL,16,00-0036358,WR1
DAL,16,00-0037247,WR2
DAL,16,00-0039410,WR3
DAL,16,00-0038041,TE1
DAL,1,00-0033077,QB1
DAL,1,00-0036997,RB1
DAL,1,00-0035243,RB2
DAL,1,00-0036358,WR1
DAL,1,00-0037247,WR2
DAL,1,00-0037666,WR3
DAL,1,00-0038041,TE1
DAL,3,00-0033077,QB1
DAL,3,00-0036997,RB1
DAL,3,00-0035243,RB2
DAL,3,00-0036358,WR1
DAL,3,00-0037247,WR2
DAL,3,00-0037666,WR3
DAL,3,00-0038041,TE1
DAL,5,00-0033077,QB1
DAL,5,00-0036997,RB1
DAL,5,00-0035243,RB2
DAL,5,00-0036358,WR1
DAL,5,00-0037247,WR2
DAL,5,00-0037666,WR3
DAL,5,00-0038041,TE1
DAL,6,00-0033077,QB1
DAL,6,00-0036997,RB1
DAL,6,00-0040586,RB2
DAL,6,00-0036358,WR1
DAL,6,00-0037247,WR2
DAL,6,00-0037666,WR3
DAL,6,00-0038041,TE1
DAL,8,00-0033077,QB1
DAL,8,00-0036997,RB1
DAL,8,00-0040586,RB2
DAL,8,00-0036358,WR1
DAL,8,00-0037247,WR2
DAL,8,00-0037666,WR3
DAL,8,00-0038041,TE1
DAL,11,00-0033077,QB1
DAL,11,00-0036997,RB1
DAL,11,00-0040586,RB2
DAL,11,00-0036358,WR1
DAL,11,00-0037247,WR2
DAL,11,00-0039410,WR3
DAL,11,00-0038041,TE1
DAL,14,00-0033077,QB1
DAL,14,00-0036997,RB1
DAL,14,00-0037563,RB2
DAL,14,00-0036358,WR1
DAL,14,00-0037247,WR2
DAL,14,00-0039410,WR3
DAL,14,00-0038041,TE1
DAL,17,00-0033077,QB1
DAL,17,00-0036997,RB1
DAL,17,00-0037563,RB2
DAL,17,00-0036358,WR1
DAL,17,00-0037247,WR2
DAL,17,00-0039410,WR3
DAL,17,00-0038041,TE1
DAL,18,00-0033077,QB1
DAL,18,00-0040586,RB1
DAL,18,00-0040021,RB2
DAL,18,00-0036358,WR1
DAL,18,00-0037247,WR2
DAL,18,00-0039410,WR3
DAL,18,00-0038041,TE1
DEN,1,00-0039732,QB1
DEN,1,00-0040730,RB2
DEN,1,00-0036158,RB1
DEN,1,00-0034348,WR1
DEN,1,00-0038976,WR2
DEN,1,00-0039868,WR3
DEN,1,00-0033881,TE1
DEN,4,00-0039732,QB1
DEN,4,00-0036158,RB1
DEN,4,00-0040730,RB2
DEN,4,00-0034348,WR1
DEN,4,00-0039868,WR2
DEN,4,00-0038976,WR3
DEN,4,00-0033881,TE1
DEN,7,00-0039732,QB1
DEN,7,00-0036158,RB1
DEN,7,00-0040730,RB2
DEN,7,00-0034348,WR1
DEN,7,00-0039868,WR2
DEN,7,00-0038976,WR3
DEN,7,00-0033881,TE1
DEN,8,00-0039732,QB1
DEN,8,00-0036158,RB1
DEN,8,00-0040730,RB2
DEN,8,00-0034348,WR1
DEN,8,00-0039868,WR2
DEN,8,00-0038976,WR3
DEN,8,00-0033881,TE1
DEN,10,00-0039732,QB1
DEN,10,00-0036158,RB1
DEN,10,00-0040730,RB2
DEN,10,00-0034348,WR1
DEN,10,00-0039868,WR2
DEN,10,00-0038976,WR3
DEN,10,00-0033881,TE1
DEN,11,00-0039732,QB1
DEN,11,00-0040730,RB1
DEN,11,00-0037085,RB2
DEN,11,00-0034348,WR1
DEN,11,00-0039868,WR2
DEN,11,00-0038976,WR3
DEN,11,00-0033881,TE1
DEN,15,00-0039732,QB1
DEN,15,00-0040730,RB1
DEN,15,00-0038794,RB2
DEN,15,00-0039868,WR2
DEN,15,00-0034348,WR1
DEN,15,00-0040134,WR3
DEN,15,00-0033881,TE1
DEN,16,00-0039732,QB1
DEN,16,00-0040730,RB1
DEN,16,00-0038794,RB2
DEN,16,00-0034348,WR1
DEN,16,00-0039868,WR2
DEN,16,00-0040134,WR3
DEN,16,00-0033881,TE1
DEN,18,00-0039732,QB1
DEN,18,00-0040730,RB1
DEN,18,00-0038794,RB2
DEN,18,00-0034348,WR1
DEN,18,00-0039868,WR2
DEN,18,00-0040134,WR3
DEN,18,00-0033881,TE1
DEN,2,00-0039732,QB1
DEN,2,00-0036158,RB1
DEN,2,00-0040730,RB2
DEN,2,00-0034348,WR1
DEN,2,00-0039868,WR2
DEN,2,00-0038976,WR3
DEN,2,00-0033881,TE1
DEN,3,00-0039732,QB1
DEN,3,00-0036158,RB1
DEN,3,00-0040730,RB2
DEN,3,00-0034348,WR1
DEN,3,00-0039868,WR2
DEN,3,00-0038976,WR3
DEN,3,00-0033881,TE1
DEN,5,00-0039732,QB1
DEN,5,00-0036158,RB1
DEN,5,00-0040730,RB2
DEN,5,00-0034348,WR1
DEN,5,00-0039868,WR2
DEN,5,00-0038976,WR3
DEN,5,00-0033881,TE1
DEN,6,00-0039732,QB1
DEN,6,00-0036158,RB1
DEN,6,00-0040730,RB2
DEN,6,00-0034348,WR1
DEN,6,00-0039868,WR2
DEN,6,00-0038976,WR3
DEN,6,00-0033881,TE1
DEN,9,00-0039732,QB1
DEN,9,00-0036158,RB1
DEN,9,00-0040730,RB2
DEN,9,00-0034348,WR1
DEN,9,00-0039868,WR2
DEN,9,00-0038976,WR3
DEN,9,00-0033881,TE1
DEN,13,00-0039732,QB1
DEN,13,00-0040730,RB1
DEN,13,00-0038794,RB2
DEN,13,00-0039868,WR1
DEN,13,00-0034348,WR2
DEN,13,00-0040134,WR3
DEN,13,00-0033881,TE1
DEN,14,00-0039732,QB1
DEN,14,00-0040730,RB1
DEN,14,00-0038794,RB2
DEN,14,00-0034348,WR1
DEN,14,00-0039868,WR2
DEN,14,00-0040134,WR3
DEN,14,00-0033881,TE1
DEN,17,00-0039732,QB1
DEN,17,00-0040730,RB1
DEN,17,00-0038794,RB2
DEN,17,00-0034348,WR1
DEN,17,00-0039868,WR2
DEN,17,00-0040134,WR3
DEN,17,00-0033881,TE1
DET,2,00-0033106,QB1
DET,2,00-0039139,RB1
DET,2,00-0035685,RB2
DET,2,00-0036963,WR1
DET,2,00-0037240,WR2
DET,2,00-0032464,WR3
DET,2,00-0039065,TE1
DET,4,00-0033106,QB1
DET,4,00-0039139,RB1
DET,4,00-0035685,RB2
DET,4,00-0036963,WR1
DET,4,00-0037240,WR2
DET,4,00-0032464,WR3
DET,4,00-0039065,TE1
DET,7,00-0033106,QB1
DET,7,00-0039139,RB1
DET,7,00-0035685,RB2
DET,7,00-0036963,WR1
DET,7,00-0040669,WR3
DET,7,00-0037240,WR2
DET,7,00-0039065,TE1
DET,9,00-0033106,QB1
DET,9,00-0035685,RB2
DET,9,00-0039139,RB1
DET,9,00-0037240,WR2
DET,9,00-0036963,WR1
DET,9,00-0040669,WR3
DET,9,00-0039065,TE1
DET,12,00-0033106,QB1
DET,12,00-0035685,RB2
DET,12,00-0039139,RB1
DET,12,00-0032464,WR3
DET,12,00-0037240,WR2
DET,12,00-0036963,WR1
DET,12,00-0036754,TE1
DET,13,00-0033106,QB1
DET,13,00-0035685,RB2
DET,13,00-0039139,RB1
DET,13,00-0036963,WR1
DET,13,00-0037240,WR2
DET,13,00-0032464,WR3
DET,13,00-0036754,TE1
DET,14,00-0033106,QB1
DET,14,00-0035685,RB2
DET,14,00-0039139,RB1
DET,14,00-0036963,WR1
DET,14,00-0037240,WR2
DET,14,00-0032464,WR3
DET,14,00-0036754,TE1
DET,16,00-0033106,QB1
DET,16,00-0039139,RB1
DET,16,00-0035685,RB2
DET,16,00-0036963,WR1
DET,16,00-0037240,WR2
DET,16,00-0040669,WR3
DET,16,00-0036534,TE1
DET,1,00-0033106,QB1
DET,1,00-0039139,RB1
DET,1,00-0035685,RB2
DET,1,00-0036963,WR1
DET,1,00-0037240,WR2
DET,1,00-0032464,WR3
DET,1,00-0039065,TE1
DET,3,00-0033106,QB1
DET,3,00-0039139,RB1
DET,3,00-0035685,RB2
DET,3,00-0037240,WR2
DET,3,00-0036963,WR1
DET,3,00-0032464,WR3
DET,3,00-0039065,TE1
DET,5,00-0033106,QB1
DET,5,00-0039139,RB1
DET,5,00-0035685,RB2
DET,5,00-0036963,WR1
DET,5,00-0037240,WR2
DET,5,00-0032464,WR3
DET,5,00-0039065,TE1
DET,6,00-0033106,QB1
DET,6,00-0039139,RB1
DET,6,00-0035685,RB2
DET,6,00-0036963,WR1
DET,6,00-0037240,WR2
DET,6,00-0032464,WR3
DET,6,00-0039065,TE1
DET,10,00-0033106,QB1
DET,10,00-0039139,RB1
DET,10,00-0035685,RB2
DET,10,00-0036963,WR1
DET,10,00-0037240,WR2
DET,10,00-0032464,WR3
DET,10,00-0039065,TE1
DET,11,00-0033106,QB1
DET,11,00-0039139,RB1
DET,11,00-0035685,RB2
DET,11,00-0036963,WR1
DET,11,00-0037240,WR2
DET,11,00-0032464,WR3
DET,11,00-0036754,TE1
DET,15,00-0033106,QB1
DET,15,00-0039139,RB1
DET,15,00-0035685,RB2
DET,15,00-0036963,WR1
DET,15,00-0037240,WR2
DET,15,00-0032464,WR3
DET,15,00-0033455,TE1
DET,17,00-0033106,QB1
DET,17,00-0039139,RB1
DET,17,00-0035685,RB2
DET,17,00-0037240,WR2
DET,17,00-0036963,WR1
DET,17,00-0040669,WR3
DET,17,00-0036534,TE1
DET,18,00-0033106,QB1
DET,18,00-0039139,RB1
DET,18,00-0035685,RB2
DET,18,00-0036963,WR1
DET,18,00-0037240,WR2
DET,18,00-0040669,WR3
DET,18,00-0036534,TE1
GB,1,00-0036264,QB1
GB,1,00-0035700,RB1
GB,1,00-0038797,RB2
GB,1,00-0039146,WR1
GB,1,00-0040667,WR2
GB,1,00-0037816,WR3
GB,1,00-0038996,TE1
GB,2,00-0036264,QB1
GB,2,00-0035700,RB1
GB,2,00-0038685,RB2
GB,2,00-0039146,WR1
GB,2,00-0040667,WR2
GB,2,00-0037816,WR3
GB,2,00-0038996,TE1
GB,6,00-0036264,QB1
GB,6,00-0035700,RB1
GB,6,00-0038797,RB2
GB,6,00-0040667,WR1
GB,6,00-0037816,WR2
GB,6,00-0038393,WR3
GB,6,00-0038996,TE1
GB,9,00-0036264,QB1
GB,9,00-0035700,RB1
GB,9,00-0038797,RB2
GB,9,00-0037816,WR1
GB,9,00-0040667,WR2
GB,9,00-0038124,WR3
GB,9,00-0038996,TE1
GB,10,00-0036264,QB1
GB,10,00-0035700,RB1
GB,10,00-0038797,RB2
GB,10,00-0037816,WR1
GB,10,00-0040667,WR2
GB,10,00-0038124,WR3
GB,10,00-0039144,TE1
GB,12,00-0036264,QB1
GB,12,00-0035700,RB1
GB,12,00-0038797,RB2
GB,12,00-0040667,WR3
GB,12,00-0038124,WR1
GB,12,00-0037816,WR2
GB,12,00-0039144,TE1
GB,14,00-0036264,QB1
GB,14,00-0035700,RB1
GB,14,00-0038797,RB2
GB,14,00-0038124,WR1
GB,14,00-0037816,WR2
GB,14,00-0039146,WR3
GB,14,00-0039144,TE1
GB,17,00-0036264,QB1
GB,17,00-0035700,RB1
GB,17,00-0038797,RB2
GB,17,00-0038124,WR1
GB,17,00-0037816,WR2
GB,17,00-0039146,WR3
GB,17,00-0039144,TE1
GB,3,00-0036264,QB1
GB,3,00-0035700,RB1
GB,3,00-0038685,RB2
GB,3,00-0040667,WR1
GB,3,00-0037816,WR2
GB,3,00-0038393,WR3
GB,3,00-0038996,TE1
GB,4,00-0036264,QB1
GB,4,00-0035700,RB1
GB,4,00-0038797,RB2
GB,4,00-0040667,WR1
GB,4,00-0037816,WR2
GB,4,00-0038393,WR3
GB,4,00-0038996,TE1
GB,7,00-0036264,QB1
GB,7,00-0038797,RB2
GB,7,00-0035700,RB1
GB,7,00-0037816,WR2
GB,7,00-0040667,WR1
GB,7,00-0038393,WR3
GB,7,00-0038996,TE1
GB,8,00-0036264,QB1
GB,8,00-0035700,RB1
GB,8,00-0038797,RB2
GB,8,00-0037816,WR2
GB,8,00-0040667,WR1
GB,8,00-0038124,WR3
GB,8,00-0038996,TE1
GB,11,00-0036264,QB1
GB,11,00-0035700,RB1
GB,11,00-0038797,RB2
GB,11,00-0037816,WR1
GB,11,00-0040667,WR2
GB,11,00-0038124,WR3
GB,11,00-0039144,TE1
GB,13,00-0036264,QB1
GB,13,00-0038797,RB2
GB,13,00-0035700,RB1
GB,13,00-0037816,WR2
GB,13,00-0038124,WR1
GB,13,00-0040667,WR3
GB,13,00-0037306,TE1
GB,15,00-0036264,QB1
GB,15,00-0035700,RB1
GB,15,00-0038797,RB2
GB,15,00-0038124,WR1
GB,15,00-0037816,WR2
GB,15,00-0039146,WR3
GB,15,00-0039144,TE1
GB,16,00-0036264,QB1
GB,16,00-0035700,RB1
GB,16,00-0038797,RB2
GB,16,00-0038124,WR1
GB,16,00-0037816,WR2
GB,16,00-0039146,WR3
GB,16,00-0039144,TE1
GB,18,00-0036264,QB1
GB,18,00-0038797,RB2
GB,18,00-0035700,RB1
GB,18,00-0039146,WR3
GB,18,00-0037816,WR2
GB,18,00-0038124,WR1
GB,18,00-0039144,TE1
HOU,2,00-0039163,QB1
HOU,2,00-0034791,RB1
HOU,2,00-0037258,RB2
HOU,2,00-0040130,WR3
HOU,2,00-0036554,WR1
HOU,2,00-0034775,WR2
HOU,2,00-0034383,TE1
HOU,4,00-0039163,QB1
HOU,4,00-0040583,RB2
HOU,4,00-0034791,RB1
HOU,4,00-0038618,WR3
HOU,4,00-0036554,WR1
HOU,4,00-0034775,WR2
HOU,4,00-0034383,TE1
HOU,8,00-0039163,QB1
HOU,8,00-0040583,RB2
HOU,8,00-0034791,RB1
HOU,8,00-0038618,WR3
HOU,8,00-0036554,WR1
HOU,8,00-0034775,WR2
HOU,8,00-0034383,TE1
HOU,9,00-0039163,QB1
HOU,9,00-0040583,RB2
HOU,9,00-0034791,RB1
HOU,9,00-0036554,WR1
HOU,9,00-0034775,WR2
HOU,9,00-0040130,WR3
HOU,9,00-0034383,TE1
HOU,10,00-0039163,QB1
HOU,10,00-0040583,RB2
HOU,10,00-0034791,RB1
HOU,10,00-0036554,WR1
HOU,10,00-0034775,WR2
HOU,10,00-0038618,WR3
HOU,10,00-0034383,TE1
HOU,12,00-0039163,QB1
HOU,12,00-0034791,RB2
HOU,12,00-0040583,RB1
HOU,12,00-0034775,WR3
HOU,12,00-0036554,WR1
HOU,12,00-0040130,WR2
HOU,12,00-0034383,TE1
HOU,15,00-0039163,QB1
HOU,15,00-0034791,RB2
HOU,15,00-0040583,RB1
HOU,15,00-0038618,WR3
HOU,15,00-0036554,WR1
HOU,15,00-0040130,WR2
HOU,15,00-0034383,TE1
HOU,16,00-0039163,QB1
HOU,16,00-0040583,RB1
HOU,16,00-0034791,RB2
HOU,16,00-0038618,WR3
HOU,16,00-0036554,WR1
HOU,16,00-0040130,WR2
HOU,16,00-0034383,TE1
HOU,18,00-0039163,QB1
HOU,18,00-0040583,RB1
HOU,18,00-0039405,RB2
HOU,18,00-0034775,WR3
HOU,18,00-0036554,WR1
HOU,18,00-0040130,WR2
HOU,18,00-0034383,TE1
HOU,1,00-0039163,QB1
HOU,1,00-0037258,RB2
HOU,1,00-0034791,RB1
HOU,1,00-0034775,WR2
HOU,1,00-0036554,WR1
HOU,1,00-0040130,WR3
HOU,1,00-0034383,TE1
HOU,3,00-0039163,QB1
HOU,3,00-0040583,RB2
HOU,3,00-0034791,RB1
HOU,3,00-0040130,WR3
HOU,3,00-0036554,WR1
HOU,3,00-0034775,WR2
HOU,3,00-0034383,TE1
HOU,5,00-0039163,QB1
HOU,5,00-0040583,RB2
HOU,5,00-0034791,RB1
HOU,5,00-0034775,WR2
HOU,5,00-0038618,WR3
HOU,5,00-0036554,WR1
HOU,5,00-0034383,TE1
HOU,7,00-0039163,QB1
HOU,7,00-0040583,RB2
HOU,7,00-0034791,RB1
HOU,7,00-0034775,WR2
HOU,7,00-0038618,WR3
HOU,7,00-0036554,WR1
HOU,7,00-0034383,TE1
HOU,11,00-0039163,QB1
HOU,11,00-0040583,RB1
HOU,11,00-0034791,RB2
HOU,11,00-0040130,WR2
HOU,11,00-0034775,WR3
HOU,11,00-0036554,WR1
HOU,11,00-0034383,TE1
HOU,13,00-0039163,QB1
HOU,13,00-0040583,RB1
HOU,13,00-0034791,RB2
HOU,13,00-0036554,WR1
HOU,13,00-0040130,WR2
HOU,13,00-0034775,WR3
HOU,13,00-0034383,TE1
HOU,14,00-0039163,QB1
HOU,14,00-0040583,RB1
HOU,14,00-0034791,RB2
HOU,14,00-0040130,WR2
HOU,14,00-0036554,WR1
HOU,14,00-0038618,WR3
HOU,14,00-0034383,TE1
HOU,17,00-0039163,QB1
HOU,17,00-0040583,RB1
HOU,17,00-0039405,RB2
HOU,17,00-0034775,WR3
HOU,17,00-0036554,WR1
HOU,17,00-0040130,WR2
HOU,17,00-0034383,TE1
IND,1,00-0035710,QB1
IND,1,00-0036223,RB1
IND,1,00-0037120,RB2
IND,1,00-0036252,WR1
IND,1,00-0038997,WR2
IND,1,00-0037664,WR3
IND,1,00-0040128,TE1
IND,2,00-0035710,QB1
IND,2,00-0040179,RB2
IND,2,00-0036223,RB1
IND,2,00-0036252,WR1
IND,2,00-0037664,WR2
IND,2,00-0038997,WR3
IND,2,00-0040128,TE1
IND,5,00-0035710,QB1
IND,5,00-0040179,RB2
IND,5,00-0036223,RB1
IND,5,00-0036252,WR1
IND,5,00-0037664,WR2
IND,5,00-0038997,WR3
IND,5,00-0040128,TE1
IND,6,00-0035710,QB1
IND,6,00-0040179,RB2
IND,6,00-0036223,RB1
IND,6,00-0036252,WR1
IND,6,00-0038997,WR2
IND,6,00-0037664,WR3
IND,6,00-0040128,TE1
IND,8,00-0035710,QB1
IND,8,00-0032104,RB2
IND,8,00-0036223,RB1
IND,8,00-0038997,WR2
IND,8,00-0036252,WR1
IND,8,00-0037664,WR3
IND,8,00-0040128,TE1
IND,10,00-0035710,QB1
IND,10,00-0036223,RB1
IND,10,00-0037120,RB2
IND,10,00-0038997,WR3
IND,10,00-0037664,WR2
IND,10,00-0036252,WR1
IND,10,00-0040128,TE1
IND,13,00-0035710,QB1
IND,13,00-0036223,RB1
IND,13,00-0032104,RB2
IND,13,00-0037664,WR2
IND,13,00-0036252,WR1
IND,13,00-0038997,WR3
IND,13,00-0040128,TE1
IND,16,00-0022942,QB1
IND,16,00-0036223,RB1
IND,16,00-0032104,RB2
IND,16,00-0037664,WR2
IND,16,00-0038997,WR3
IND,16,00-0036252,WR1
IND,16,00-0040128,TE1
IND,17,00-0022942,QB1
IND,17,00-0032104,RB2
IND,17,00-0036223,RB1
IND,17,00-0037664,WR2
IND,17,00-0036252,WR1
IND,17,00-0038997,WR3
IND,17,00-0040128,TE1
IND,3,00-0035710,QB1
IND,3,00-0040179,RB2
IND,3,00-0036223,RB1
IND,3,00-0037664,WR2
IND,3,00-0036252,WR1
IND,3,00-0038997,WR3
IND,3,00-0040128,TE1
IND,4,00-0035710,QB1
IND,4,00-0036223,RB1
IND,4,00-0040179,RB2
IND,4,00-0036252,WR1
IND,4,00-0037664,WR2
IND,4,00-0038997,WR3
IND,4,00-0040128,TE1
IND,7,00-0035710,QB1
IND,7,00-0040179,RB2
IND,7,00-0036223,RB1
IND,7,00-0038997,WR2
IND,7,00-0036252,WR1
IND,7,00-0037664,WR3
IND,7,00-0040128,TE1
IND,9,00-0035710,QB1
IND,9,00-0032104,RB2
IND,9,00-0036223,RB1
IND,9,00-0038997,WR3
IND,9,00-0036252,WR1
IND,9,00-0037664,WR2
IND,9,00-0040128,TE1
IND,12,00-0035710,QB1
IND,12,00-0037120,RB2
IND,12,00-0036223,RB1
IND,12,00-0037664,WR2
IND,12,00-0036252,WR1
IND,12,00-0038997,WR3
IND,12,00-0040128,TE1
IND,14,00-0035710,QB1
IND,14,00-0036223,RB1
IND,14,00-0032104,RB2
IND,14,00-0036252,WR1
IND,14,00-0037664,WR2
IND,14,00-0038997,WR3
IND,14,00-0040128,TE1
IND,15,00-0022942,QB1
IND,15,00-0036223,RB1
IND,15,00-0032104,RB2
IND,15,00-0038997,WR3
IND,15,00-0036252,WR1
IND,15,00-0037664,WR2
IND,15,00-0040128,TE1
IND,18,00-0040206,QB1
IND,18,00-0032104,RB2
IND,18,00-0036223,RB1
IND,18,00-0036252,WR1
IND,18,00-0038997,WR3
IND,18,00-0037664,WR2
IND,18,00-0040128,TE1
JAX,1,00-0036971,QB1
JAX,1,00-0036973,RB1
JAX,1,00-0038555,RB2
JAX,1,00-0039893,WR1
JAX,1,00-0040718,WR2
JAX,1,00-0036626,WR3
JAX,1,00-0038935,TE1
JAX,3,00-0036971,QB1
JAX,3,00-0036973,RB1
JAX,3,00-0040719,RB2
JAX,3,00-0039893,WR1
JAX,3,00-0040718,WR2
JAX,3,00-0036626,WR3
JAX,3,00-0038935,TE1
JAX,5,00-0036971,QB1
JAX,5,00-0036973,RB1
JAX,5,00-0040719,RB2
JAX,5,00-0039893,WR1
JAX,5,00-0040718,WR2
JAX,5,00-0036626,WR3
JAX,5,00-0038935,TE1
JAX,6,00-0036971,QB1
JAX,6,00-0036973,RB1
JAX,6,00-0040719,RB2
JAX,6,00-0039893,WR1
JAX,6,00-0040718,WR2
JAX,6,00-0036626,WR3
JAX,6,00-0033246,TE1
JAX,7,00-0036971,QB1
JAX,7,00-0036973,RB1
JAX,7,00-0040719,RB2
JAX,7,00-0039893,WR1
JAX,7,00-0040718,WR2
JAX,7,00-0036626,WR3
JAX,7,00-0037004,TE1
JAX,11,00-0036971,QB1
JAX,11,00-0036973,RB1
JAX,11,00-0040719,RB2
JAX,11,00-0034960,WR2
JAX,11,00-0039893,WR1
JAX,11,00-0038606,WR3
JAX,11,00-0037004,TE1
JAX,14,00-0036971,QB1
JAX,14,00-0036973,RB1
JAX,14,00-0040719,RB2
JAX,14,00-0039893,WR1
JAX,14,00-0034960,WR2
JAX,14,00-0038606,WR3
JAX,14,00-0038935,TE1
JAX,15,00-0036971,QB1
JAX,15,00-0036973,RB1
JAX,15,00-0040719,RB2
JAX,15,00-0039893,WR1
JAX,15,00-0034960,WR2
JAX,15,00-0038606,WR3
JAX,15,00-0038935,TE1
JAX,18,00-0036971,QB1
JAX,18,00-0040719,RB2
JAX,18,00-0036973,RB1
JAX,18,00-0034960,WR2
JAX,18,00-0039893,WR1
JAX,18,00-0038606,WR3
JAX,18,00-0038935,TE1
JAX,2,00-0036971,QB1
JAX,2,00-0036973,RB1
JAX,2,00-0040719,RB2
JAX,2,00-0039893,WR1
JAX,2,00-0040718,WR2
JAX,2,00-0036626,WR3
JAX,2,00-0038935,TE1
JAX,4,00-0036971,QB1
JAX,4,00-0036973,RB1
JAX,4,00-0040719,RB2
JAX,4,00-0040718,WR2
JAX,4,00-0039893,WR1
JAX,4,00-0036626,WR3
JAX,4,00-0038935,TE1
JAX,9,00-0036971,QB1
JAX,9,00-0036973,RB1
JAX,9,00-0040719,RB2
JAX,9,00-0039893,WR1
JAX,9,00-0038606,WR2
JAX,9,00-0036626,WR3
JAX,9,00-0037004,TE1
JAX,10,00-0036971,QB1
JAX,10,00-0040719,RB2
JAX,10,00-0036973,RB1
JAX,10,00-0034960,WR2
JAX,10,00-0039893,WR1
JAX,10,00-0038606,WR3
JAX,10,00-0037004,TE1
JAX,12,00-0036971,QB1
JAX,12,00-0040719,RB2
JAX,12,00-0036973,RB1
JAX,12,00-0034960,WR2
JAX,12,00-0039893,WR1
JAX,12,00-0038606,WR3
JAX,12,00-0038935,TE1
JAX,13,00-0036971,QB1
JAX,13,00-0040719,RB2
JAX,13,00-0036973,RB1
JAX,13,00-0034960,WR2
JAX,13,00-0039893,WR1
JAX,13,00-0038606,WR3
JAX,13,00-0038935,TE1
JAX,16,00-0036971,QB1
JAX,16,00-0036973,RB1
JAX,16,00-0040719,RB2
JAX,16,00-0039893,WR1
JAX,16,00-0034960,WR2
JAX,16,00-0038606,WR3
JAX,16,00-0038935,TE1
JAX,17,00-0036971,QB1
JAX,17,00-0036973,RB1
JAX,17,00-0040719,RB2
JAX,17,00-0039893,WR1
JAX,17,00-0034960,WR2
JAX,17,00-0038606,WR3
JAX,17,00-0038935,TE1
KC,2,00-0033873,QB1
KC,2,00-0033923,RB2
KC,2,00-0037197,RB1
KC,2,00-0039894,WR1
KC,2,00-0035662,WR2
KC,2,00-0033857,WR3
KC,2,00-0030506,TE1
KC,4,00-0033873,QB1
KC,4,00-0033923,RB2
KC,4,00-0037197,RB1
KC,4,00-0039894,WR1
KC,4,00-0035662,WR2
KC,4,00-0038104,WR3
KC,4,00-0030506,TE1
KC,6,00-0033873,QB1
KC,6,00-0037197,RB1
KC,6,00-0033923,RB2
KC,6,00-0033857,WR3
KC,6,00-0039894,WR1
KC,6,00-0035662,WR2
KC,6,00-0030506,TE1
KC,7,00-0033873,QB1
KC,7,00-0033923,RB2
KC,7,00-0037197,RB1
KC,7,00-0039067,WR1
KC,7,00-0039894,WR2
KC,7,00-0035662,WR3
KC,7,00-0030506,TE1
KC,8,00-0033873,QB1
KC,8,00-0033923,RB2
KC,8,00-0037197,RB1
KC,8,00-0039894,WR2
KC,8,00-0039067,WR1
KC,8,00-0035662,WR3
KC,8,00-0030506,TE1
KC,12,00-0033873,QB1
KC,12,00-0033923,RB2
KC,12,00-0037197,RB1
KC,12,00-0039067,WR1
KC,12,00-0035662,WR3
KC,12,00-0039894,WR2
KC,12,00-0030506,TE1
KC,14,00-0033873,QB1
KC,14,00-0037197,RB2
KC,14,00-0033923,RB1
KC,14,00-0039067,WR1
KC,14,00-0039894,WR2
KC,14,00-0035662,WR3
KC,14,00-0030506,TE1
KC,15,00-0033873,QB1
KC,15,00-0037197,RB2
KC,15,00-0033923,RB1
KC,15,00-0039067,WR1
KC,15,00-0039894,WR2
KC,15,00-0035662,WR3
KC,15,00-0030506,TE1
KC,17,00-0037324,QB1
KC,17,00-0037197,RB1
KC,17,00-0033923,RB2
KC,17,00-0039894,WR1
KC,17,00-0035662,WR2
KC,17,00-0033857,WR3
KC,17,00-0030506,TE1
KC,1,00-0033873,QB1
KC,1,00-0033923,RB2
KC,1,00-0037197,RB1
KC,1,00-0039894,WR1
KC,1,00-0035662,WR2
KC,1,00-0033857,WR3
KC,1,00-0030506,TE1
KC,3,00-0033873,QB1
KC,3,00-0033923,RB2
KC,3,00-0037197,RB1
KC,3,00-0039894,WR1
KC,3,00-0035662,WR2
KC,3,00-0038104,WR3
KC,3,00-0030506,TE1
KC,5,00-0033873,QB1
KC,5,00-0033923,RB2
KC,5,00-0037197,RB1
KC,5,00-0039894,WR1
KC,5,00-0035662,WR2
KC,5,00-0033857,WR3
KC,5,00-0030506,TE1
KC,9,00-0033873,QB1
KC,9,00-0037197,RB1
KC,9,00-0033923,RB2
KC,9,00-0035662,WR3
KC,9,00-0039894,WR2
KC,9,00-0039067,WR1
KC,9,00-0030506,TE1
KC,11,00-0033873,QB1
KC,11,00-0033923,RB2
KC,11,00-0037197,RB1
KC,11,00-0039894,WR2
KC,11,00-0039067,WR1
KC,11,00-0035662,WR3
KC,11,00-0030506,TE1
KC,13,00-0033873,QB1
KC,13,00-0033923,RB2
KC,13,00-0037197,RB1
KC,13,00-0039067,WR1
KC,13,00-0039894,WR2
KC,13,00-0035662,WR3
KC,13,00-0030506,TE1
KC,16,00-0035289,QB1
KC,16,00-0037197,RB1
KC,16,00-0033923,RB2
KC,16,00-0039067,WR1
KC,16,00-0039894,WR2
KC,16,00-0035662,WR3
KC,16,00-0030506,TE1
KC,18,00-0037324,QB1
KC,18,00-0033923,RB2
KC,18,00-0037197,RB1
KC,18,00-0033857,WR3
KC,18,00-0039894,WR1
KC,18,00-0035662,WR2
KC,18,00-0030506,TE1
LA,1,00-0026498,QB1
LA,1,00-0037840,RB1
LA,1,00-0039738,RB2
LA,1,00-0039075,WR1
LA,1,00-0031381,WR2
LA,1,00-0036849,WR3
LA,1,00-0033110,TE1
LA,4,00-0026498,QB1
LA,4,00-0037840,RB1
LA,4,00-0039738,RB2
LA,4,00-0039075,WR1
LA,4,00-0031381,WR2
LA,4,00-0039751,WR3
LA,4,00-0033110,TE1
LA,5,00-0026498,QB1
LA,5,00-0037840,RB1
LA,5,00-0039738,RB2
LA,5,00-0039075,WR1
LA,5,00-0031381,WR2
LA,5,00-0039751,WR3
LA,5,00-0033110,TE1
LA,9,00-0026498,QB1
LA,9,00-0037840,RB1
LA,9,00-0039738,RB2
LA,9,00-0039075,WR1
LA,9,00-0031381,WR2
LA,9,00-0039751,WR3
LA,9,00-0033110,TE1
LA,11,00-0026498,QB1
LA,11,00-0037840,RB1
LA,11,00-0039738,RB2
LA,11,00-0039075,WR1
LA,11,00-0031381,WR2
LA,11,00-0039751,WR3
LA,11,00-0033110,TE1
LA,12,00-0026498,QB1
LA,12,00-0037840,RB1
LA,12,00-0039738,RB2
LA,12,00-0031381,WR2
LA,12,00-0039075,WR1
LA,12,00-0039751,WR3
LA,12,00-0036244,TE1
LA,15,00-0026498,QB1
LA,15,00-0037840,RB1
LA,15,00-0039738,RB2
LA,15,00-0031381,WR2
LA,15,00-0039075,WR1
LA,15,00-0036849,WR3
LA,15,00-0036244,TE1
LA,18,00-0026498,QB1
LA,18,00-0037840,RB1
LA,18,00-0039738,RB2
LA,18,00-0039075,WR1
LA,18,00-0031381,WR2
LA,18,00-0040590,WR3
LA,18,00-0036244,TE1
LA,2,00-0026498,QB1
LA,2,00-0037840,RB1
LA,2,00-0039738,RB2
LA,2,00-0039075,WR1
LA,2,00-0031381,WR2
LA,2,00-0036849,WR3
LA,2,00-0033110,TE1
LA,3,00-0026498,QB1
LA,3,00-0037840,RB1
LA,3,00-0039738,RB2
LA,3,00-0039075,WR1
LA,3,00-0031381,WR2
LA,3,00-0039751,WR3
LA,3,00-0033110,TE1
LA,6,00-0026498,QB1
LA,6,00-0037840,RB1
LA,6,00-0039738,RB2
LA,6,00-0039075,WR1
LA,6,00-0031381,WR2
LA,6,00-0039751,WR3
LA,6,00-0033110,TE1
LA,7,00-0026498,QB1
LA,7,00-0037840,RB1
LA,7,00-0039738,RB2
LA,7,00-0039075,WR1
LA,7,00-0031381,WR2
LA,7,00-0039751,WR3
LA,7,00-0033110,TE1
LA,10,00-0026498,QB1
LA,10,00-0037840,RB1
LA,10,00-0039738,RB2
LA,10,00-0031381,WR2
LA,10,00-0039075,WR1
LA,10,00-0039751,WR3
LA,10,00-0033110,TE1
LA,13,00-0026498,QB1
LA,13,00-0039738,RB2
LA,13,00-0037840,RB1
LA,13,00-0039075,WR1
LA,13,00-0031381,WR2
LA,13,00-0039751,WR3
LA,13,00-0036244,TE1
LA,14,00-0026498,QB1
LA,14,00-0037840,RB1
LA,14,00-0039738,RB2
LA,14,00-0039075,WR1
LA,14,00-0031381,WR2
LA,14,00-0038359,WR3
LA,14,00-0036244,TE1
LA,16,00-0026498,QB1
LA,16,00-0037840,RB1
LA,16,00-0039738,RB2
LA,16,00-0039075,WR1
LA,16,00-0031381,WR2
LA,16,00-0040590,WR3
LA,16,00-0036244,TE1
LA,17,00-0026498,QB1
LA,17,00-0037840,RB1
LA,17,00-0039738,RB2
LA,17,00-0031381,WR2
LA,17,00-0039075,WR1
LA,17,00-0040590,WR3
LA,17,00-0036244,TE1
LAC,1,00-0036355,QB1
LAC,1,00-0040666,RB1
LAC,1,00-0036893,RB2
LAC,1,00-0039915,WR1
LAC,1,00-0038544,WR2
LAC,1,00-0030279,WR3
LAC,1,00-0034159,TE1
LAC,3,00-0036355,QB1
LAC,3,00-0040666,RB1
LAC,3,00-0036893,RB2
LAC,3,00-0039915,WR1
LAC,3,00-0038544,WR2
LAC,3,00-0030279,WR3
LAC,3,00-0034159,TE1
LAC,5,00-0036355,QB1
LAC,5,00-0040666,RB1
LAC,5,00-0037617,RB2
LAC,5,00-0039915,WR1
LAC,5,00-0038544,WR2
LAC,5,00-0030279,WR3
LAC,5,00-0034159,TE1
LAC,7,00-0036355,QB1
LAC,7,00-0039391,RB1
LAC,7,00-0037617,RB2
LAC,7,00-0039915,WR1
LAC,7,00-0038544,WR2
LAC,7,00-0030279,WR3
LAC,7,00-0040189,TE1
LAC,8,00-0036355,QB1
LAC,8,00-0039391,RB1
LAC,8,00-0037617,RB2
LAC,8,00-0039915,WR1
LAC,8,00-0030279,WR2
LAC,8,00-0038544,WR3
LAC,8,00-0040189,TE1
LAC,10,00-0036355,QB1
LAC,10,00-0039391,RB1
LAC,10,00-0036755,RB2
LAC,10,00-0039915,WR1
LAC,10,00-0030279,WR2
LAC,10,00-0038544,WR3
LAC,10,00-0040189,TE1
LAC,13,00-0036355,QB1
LAC,13,00-0039391,RB1
LAC,13,00-0036755,RB2
LAC,13,00-0039915,WR1
LAC,13,00-0038544,WR2
LAC,13,00-0030279,WR3
LAC,13,00-0040189,TE1
LAC,14,00-0036355,QB1
LAC,14,00-0039391,RB1
LAC,14,00-0036755,RB2
LAC,14,00-0039915,WR1
LAC,14,00-0038544,WR2
LAC,14,00-0030279,WR3
LAC,14,00-0040189,TE1
LAC,17,00-0036355,QB1
LAC,17,00-0040666,RB1
LAC,17,00-0039391,RB2
LAC,17,00-0039915,WR1
LAC,17,00-0038544,WR2
LAC,17,00-0030279,WR3
LAC,17,00-0040189,TE1
LAC,2,00-0036355,QB1
LAC,2,00-0040666,RB1
LAC,2,00-0036893,RB2
LAC,2,00-0039915,WR1
LAC,2,00-0038544,WR2
LAC,2,00-0030279,WR3
LAC,2,00-0034159,TE1
LAC,4,00-0036355,QB1
LAC,4,00-0040666,RB1
LAC,4,00-0037617,RB2
LAC,4,00-0039915,WR1
LAC,4,00-0038544,WR2
LAC,4,00-0030279,WR3
LAC,4,00-0034159,TE1
LAC,6,00-0036355,QB1
LAC,6,00-0039391,RB2
LAC,6,00-0037617,RB1
LAC,6,00-0039915,WR1
LAC,6,00-0038544,WR2
LAC,6,00-0030279,WR3
LAC,6,00-0034159,TE1
LAC,9,00-0036355,QB1
LAC,9,00-0039391,RB1
LAC,9,00-0036755,RB2
LAC,9,00-0039915,WR1
LAC,9,00-0030279,WR2
LAC,9,00-0038544,WR3
LAC,9,00-0040189,TE1
LAC,11,00-0036355,QB1
LAC,11,00-0039391,RB1
LAC,11,00-0040039,RB2
LAC,11,00-0039915,WR1
LAC,11,00-0030279,WR2
LAC,11,00-0038544,WR3
LAC,11,00-0040189,TE1
LAC,15,00-0036355,QB1
LAC,15,00-0040666,RB1
LAC,15,00-0039391,RB2
LAC,15,00-0039915,WR1
LAC,15,00-0038544,WR2
LAC,15,00-0030279,WR3
LAC,15,00-0040189,TE1
LAC,16,00-0036355,QB1
LAC,16,00-0040666,RB1
LAC,16,00-0039391,RB2
LAC,16,00-0039915,WR1
LAC,16,00-0038544,WR2
LAC,16,00-0030279,WR3
LAC,16,00-0040189,TE1
LAC,18,00-0036355,QB1
LAC,18,00-0039391,RB2
LAC,18,00-0040666,RB1
LAC,18,00-0039915,WR1
LAC,18,00-0038544,WR2
LAC,18,00-0030279,WR3
LAC,18,00-0040189,TE1
LV,2,00-0030565,QB1
LV,2,00-0040122,RB1
LV,2,00-0038040,RB2
LV,2,00-0034960,WR1
LV,2,00-0038563,WR2
LV,2,00-0040581,WR3
LV,2,00-0039338,TE1
LV,4,00-0030565,QB1
LV,4,00-0040122,RB1
LV,4,00-0038040,RB2
LV,4,00-0034960,WR1
LV,4,00-0038563,WR2
LV,4,00-0040581,WR3
LV,4,00-0039338,TE1
LV,6,00-0030565,QB1
LV,6,00-0040122,RB1
LV,6,00-0031687,RB2
LV,6,00-0038563,WR2
LV,6,00-0034960,WR1
LV,6,00-0040729,WR3
LV,6,00-0039338,TE1
LV,9,00-0030565,QB1
LV,9,00-0040122,RB1
LV,9,00-0031687,RB2
LV,9,00-0038563,WR2
LV,9,00-0034960,WR1
LV,9,00-0040729,WR3
LV,9,00-0039338,TE1
LV,11,00-0030565,QB1
LV,11,00-0040122,RB1
LV,11,00-0031687,RB2
LV,11,00-0038563,WR1
LV,11,00-0032211,WR2
LV,11,00-0040729,WR3
LV,11,00-0039338,TE1
LV,12,00-0030565,QB1
LV,12,00-0040122,RB1
LV,12,00-0031687,RB2
LV,12,00-0038563,WR1
LV,12,00-0032211,WR2
LV,12,00-0040729,WR3
LV,12,00-0039338,TE1
LV,14,00-0030565,QB1
LV,14,00-0040122,RB1
LV,14,00-0031687,RB2
LV,14,00-0038563,WR1
LV,14,00-0032211,WR2
LV,14,00-0040581,WR3
LV,14,00-0039338,TE1
LV,17,00-0030565,QB1
LV,17,00-0040122,RB1
LV,17,00-0031687,RB2
LV,17,00-0032211,WR3
LV,17,00-0040729,WR2
LV,17,00-0038563,WR1
LV,17,00-0039066,TE1
LV,18,00-0030565,QB1
LV,18,00-0040122,RB1
LV,18,00-0031687,RB2
LV,18,00-0038563,WR1
LV,18,00-0040729,WR2
LV,18,00-0040581,WR3
LV,18,00-0039066,TE1
LV,1,00-0030565,QB1
LV,1,00-0040122,RB1
LV,1,00-0031687,RB2
LV,1,00-0034960,WR1
LV,1,00-0038563,WR2
LV,1,00-0040581,WR3
LV,1,00-0039338,TE1
LV,3,00-0030565,QB1
LV,3,00-0040122,RB1
LV,3,00-0038040,RB2
LV,3,00-0034960,WR1
LV,3,00-0038563,WR2
LV,3,00-0040581,WR3
LV,3,00-0039338,TE1
LV,5,00-0030565,QB1
LV,5,00-0040122,RB1
LV,5,00-0031687,RB2
LV,5,00-0038563,WR2
LV,5,00-0034960,WR1
LV,5,00-0040581,WR3
LV,5,00-0039338,TE1
LV,7,00-0030565,QB1
LV,7,00-0040122,RB1
LV,7,00-0031687,RB2
LV,7,00-0034960,WR1
LV,7,00-0038563,WR2
LV,7,00-0040729,WR3
LV,7,00-0039338,TE1
LV,10,00-0030565,QB1
LV,10,00-0040122,RB1
LV,10,00-0031687,RB2
LV,10,00-0038563,WR1
LV,10,00-0032211,WR2
LV,10,00-0040729,WR3
LV,10,00-0039338,TE1
LV,13,00-0030565,QB1
LV,13,00-0040122,RB1
LV,13,00-0031687,RB2
LV,13,00-0038563,WR1
LV,13,00-0032211,WR2
LV,13,00-0040581,WR3
LV,13,00-0039338,TE1
LV,15,00-0030565,QB1
LV,15,00-0040122,RB1
LV,15,00-0031687,RB2
LV,15,00-0038563,WR1
LV,15,00-0040729,WR2
LV,15,00-0032211,WR3
LV,15,00-0039338,TE1
LV,16,00-0030565,QB1
LV,16,00-0040122,RB1
LV,16,00-0031687,RB2
LV,16,00-0040729,WR2
LV,16,00-0038563,WR1
LV,16,00-0032211,WR3
LV,16,00-0039338,TE1
MIA,2,00-0036212,QB1
MIA,2,00-0039874,RB2
MIA,2,00-0039040,RB1
MIA,2,00-0036613,WR2
MIA,2,00-0033040,WR1
MIA,2,00-0039880,WR3
MIA,2,00-0031610,TE1
MIA,4,00-0036212,QB1
MIA,4,00-0039040,RB1
MIA,4,00-0040198,RB2
MIA,4,00-0033040,WR1
MIA,4,00-0036613,WR2
MIA,4,00-0039880,WR3
MIA,4,00-0031610,TE1
MIA,6,00-0036212,QB1
MIA,6,00-0039040,RB1
MIA,6,00-0040198,RB2
MIA,6,00-0036613,WR1
MIA,6,00-0039880,WR2
MIA,6,00-0036182,WR3
MIA,6,00-0031610,TE1
MIA,9,00-0036212,QB1
MIA,9,00-0039040,RB1
MIA,9,00-0040198,RB2
MIA,9,00-0036613,WR1
MIA,9,00-0039880,WR2
MIA,9,00-0036182,WR3
MIA,9,00-0038720,TE1
MIA,10,00-0036212,QB1
MIA,10,00-0040198,RB2
MIA,10,00-0039040,RB1
MIA,10,00-0039880,WR2
MIA,10,00-0036613,WR1
MIA,10,00-0036182,WR3
MIA,10,00-0038720,TE1
MIA,11,00-0036212,QB1
MIA,11,00-0040198,RB2
MIA,11,00-0039040,RB1
MIA,11,00-0036613,WR1
MIA,11,00-0039880,WR2
MIA,11,00-0036182,WR3
MIA,11,00-0038720,TE1
MIA,13,00-0036212,QB1
MIA,13,00-0039040,RB1
MIA,13,00-0040198,RB2
MIA,13,00-0039880,WR2
MIA,13,00-0036613,WR1
MIA,13,00-0036182,WR3
MIA,13,00-0031610,TE1
MIA,16,00-0040234,QB1
MIA,16,00-0039874,RB2
MIA,16,00-0039040,RB1
MIA,16,00-0039880,WR2
MIA,16,00-0036613,WR1
MIA,16,00-0036182,WR3
MIA,16,00-0031610,TE1
MIA,17,00-0040234,QB1
MIA,17,00-0039874,RB2
MIA,17,00-0039040,RB1
MIA,17,00-0036613,WR1
MIA,17,00-0039880,WR2
MIA,17,00-0034418,WR3
MIA,17,00-0031610,TE1
MIA,1,00-0036212,QB1
MIA,1,00-0039040,RB1
MIA,1,00-0039874,RB2
MIA,1,00-0033040,WR1
MIA,1,00-0036613,WR2
MIA,1,00-0039880,WR3
MIA,1,00-0031610,TE1
MIA,3,00-0036212,QB1
MIA,3,00-0039040,RB1
MIA,3,00-0039874,RB2
MIA,3,00-0033040,WR1
MIA,3,00-0036613,WR2
MIA,3,00-0039880,WR3
MIA,3,00-0031610,TE1
MIA,5,00-0036212,QB1
MIA,5,00-0039040,RB1
MIA,5,00-0040198,RB2
MIA,5,00-0036613,WR1
MIA,5,00-0039880,WR2
MIA,5,00-0036182,WR3
MIA,5,00-0031610,TE1
MIA,7,00-0036212,QB1
MIA,7,00-0039040,RB1
MIA,7,00-0040198,RB2
MIA,7,00-0036613,WR1
MIA,7,00-0039880,WR2
MIA,7,00-0036182,WR3
MIA,7,00-0031610,TE1
MIA,8,00-0036212,QB1
MIA,8,00-0040198,RB2
MIA,8,00-0039040,RB1
MIA,8,00-0036613,WR1
MIA,8,00-0039880,WR2
MIA,8,00-0036182,WR3
MIA,8,00-0038720,TE1
MIA,14,00-0036212,QB1
MIA,14,00-0039040,RB1
MIA,14,00-0040198,RB2
MIA,14,00-0036613,WR1
MIA,14,00-0039880,WR2
MIA,14,00-0036182,WR3
MIA,14,00-0031610,TE1
MIA,15,00-0036212,QB1
MIA,15,00-0039040,RB1
MIA,15,00-0039874,RB2
MIA,15,00-0036613,WR1
MIA,15,00-0039880,WR2
MIA,15,00-0036182,WR3
MIA,15,00-0031610,TE1
MIA,18,00-0040234,QB1
MIA,18,00-0039874,RB2
MIA,18,00-0039040,RB1
MIA,18,00-0034418,WR3
MIA,18,00-0036613,WR1
MIA,18,00-0039880,WR2
MIA,18,00-0037252,TE1
MIN,2,00-0039923,QB1
MIN,2,00-0033293,RB1
MIN,2,00-0037525,RB2
MIN,2,00-0036322,WR1
MIN,2,00-0037291,WR2
MIN,2,00-0030035,WR3
MIN,2,00-0035229,TE1
MIN,3,00-0039923,QB1
MIN,3,00-0037525,RB1
MIN,3,00-0036414,RB2
MIN,3,00-0030035,WR3
MIN,3,00-0036322,WR1
MIN,3,00-0037291,WR2
MIN,3,00-0035229,TE1
MIN,7,00-0039923,QB1
MIN,7,00-0037525,RB1
MIN,7,00-0038440,RB2
MIN,7,00-0036322,WR1
MIN,7,00-0038994,WR2
MIN,7,00-0037291,WR3
MIN,7,00-0035229,TE1
MIN,10,00-0039923,QB1
MIN,10,00-0033293,RB2
MIN,10,00-0037525,RB1
MIN,10,00-0038994,WR2
MIN,10,00-0036322,WR1
MIN,10,00-0037291,WR3
MIN,10,00-0035229,TE1
MIN,11,00-0039923,QB1
MIN,11,00-0033293,RB1
MIN,11,00-0037525,RB2
MIN,11,00-0037291,WR3
MIN,11,00-0038994,WR2
MIN,11,00-0036322,WR1
MIN,11,00-0035229,TE1
MIN,14,00-0039923,QB1
MIN,14,00-0033293,RB1
MIN,14,00-0037525,RB2
MIN,14,00-0038994,WR2
MIN,14,00-0036322,WR1
MIN,14,00-0037291,WR3
MIN,14,00-0035229,TE1
MIN,17,00-0039923,QB1
MIN,17,00-0033293,RB1
MIN,17,00-0037525,RB2
MIN,17,00-0037291,WR3
MIN,17,00-0038994,WR2
MIN,17,00-0036322,WR1
MIN,17,00-0035229,TE1
MIN,18,00-0039923,QB1
MIN,18,00-0037525,RB2
MIN,18,00-0033293,RB1
MIN,18,00-0038994,WR2
MIN,18,00-0037291,WR3
MIN,18,00-0036322,WR1
MIN,18,00-0035229,TE1
MIN,1,00-0039923,QB1
MIN,1,00-0037525,RB2
MIN,1,00-0033293,RB1
MIN,1,00-0030035,WR2
MIN,1,00-0036322,WR1
MIN,1,00-0037291,WR3
MIN,1,00-0035229,TE1
MIN,4,00-0039923,QB1
MIN,4,00-0037525,RB1
MIN,4,00-0038440,RB2
MIN,4,00-0037291,WR3
MIN,4,00-0038994,WR2
MIN,4,00-0036322,WR1
MIN,4,00-0035229,TE1
MIN,5,00-0039923,QB1
MIN,5,00-0038440,RB2
MIN,5,00-0037525,RB1
MIN,5,00-0036322,WR1
MIN,5,00-0037291,WR3
MIN,5,00-0038994,WR2
MIN,5,00-0035229,TE1
MIN,8,00-0039923,QB1
MIN,8,00-0037525,RB1
MIN,8,00-0038440,RB2
MIN,8,00-0036322,WR1
MIN,8,00-0038994,WR2
MIN,8,00-0037291,WR3
MIN,8,00-0035229,TE1
MIN,9,00-0039923,QB1
MIN,9,00-0037525,RB1
MIN,9,00-0033293,RB2
MIN,9,00-0037291,WR3
MIN,9,00-0038994,WR2
MIN,9,00-0036322,WR1
MIN,9,00-0035229,TE1
MIN,12,00-0039923,QB1
MIN,12,00-0033293,RB1
MIN,12,00-0037525,RB2
MIN,12,00-0036322,WR1
MIN,12,00-0038994,WR2
MIN,12,00-0037291,WR3
MIN,12,00-0035229,TE1
MIN,13,00-0039923,QB1
MIN,13,00-0033293,RB1
MIN,13,00-0037525,RB2
MIN,13,00-0037291,WR3
MIN,13,00-0038994,WR2
MIN,13,00-0036322,WR1
MIN,13,00-0035229,TE1
MIN,15,00-0039923,QB1
MIN,15,00-0037525,RB2
MIN,15,00-0033293,RB1
MIN,15,00-0038994,WR2
MIN,15,00-0036322,WR1
MIN,15,00-0037291,WR3
MIN,15,00-0035229,TE1
MIN,16,00-0039923,QB1
MIN,16,00-0037525,RB2
MIN,16,00-0033293,RB1
MIN,16,00-0036322,WR1
MIN,16,00-0038994,WR2
MIN,16,00-0037291,WR3
MIN,16,00-0035229,TE1
NE,1,00-0039851,QB1
NE,1,00-0036875,RB1
NE,1,00-0040734,RB2
NE,1,00-0031588,WR1
NE,1,00-0038621,WR2
NE,1,00-0038608,WR3
NE,1,00-0033090,TE1
NE,3,00-0039851,QB1
NE,3,00-0036875,RB1
NE,3,00-0040734,RB2
NE,3,00-0031588,WR1
NE,3,00-0038608,WR2
NE,3,00-0033555,WR3
NE,3,00-0033090,TE1
NE,4,00-0039851,QB1
NE,4,00-0036875,RB1
NE,4,00-0040734,RB2
NE,4,00-0031588,WR1
NE,4,00-0038608,WR2
NE,4,00-0033555,WR3
NE,4,00-0033090,TE1
NE,8,00-0039851,QB1
NE,8,00-0040734,RB2
NE,8,00-0036875,RB1
NE,8,00-0031588,WR1
NE,8,00-0038608,WR2
NE,8,00-0033555,WR3
NE,8,00-0033090,TE1
NE,9,00-0039851,QB1
NE,9,00-0040734,RB2
NE,9,00-0036875,RB1
NE,9,00-0038608,WR2
NE,9,00-0031588,WR1
NE,9,00-0033555,WR3
NE,9,00-0033090,TE1
NE,11,00-0039851,QB1
NE,11,00-0040734,RB2
NE,11,00-0036875,RB1
NE,11,00-0038608,WR2
NE,11,00-0031588,WR1
NE,11,00-0033555,WR3
NE,11,00-0033090,TE1
NE,13,00-0039851,QB1
NE,13,00-0040734,RB1
NE,13,00-0036875,RB2
NE,13,00-0031588,WR1
NE,13,00-0038608,WR2
NE,13,00-0033555,WR3
NE,13,00-0033090,TE1
NE,15,00-0039851,QB1
NE,15,00-0040734,RB2
NE,15,00-0036875,RB1
NE,15,00-0038608,WR2
NE,15,00-0031588,WR1
NE,15,00-0033555,WR3
NE,15,00-0033090,TE1
NE,18,00-0039851,QB1
NE,18,00-0036875,RB2
NE,18,00-0040734,RB1
NE,18,00-0038608,WR2
NE,18,00-0031588,WR1
NE,18,00-0040131,WR3
NE,18,00-0033090,TE1
NE,2,00-0039851,QB1
NE,2,00-0036875,RB1
NE,2,00-0040734,RB2
NE,2,00-0031588,WR1
NE,2,00-0038608,WR2
NE,2,00-0038621,WR3
NE,2,00-0033090,TE1
NE,5,00-0039851,QB1
NE,5,00-0036875,RB1
NE,5,00-0040734,RB2
NE,5,00-0031588,WR1
NE,5,00-0038608,WR2
NE,5,00-0033555,WR3
NE,5,00-0033090,TE1
NE,6,00-0039851,QB1
NE,6,00-0036875,RB1
NE,6,00-0040734,RB2
NE,6,00-0031588,WR1
NE,6,00-0038608,WR2
NE,6,00-0033555,WR3
NE,6,00-0033090,TE1
NE,7,00-0039851,QB1
NE,7,00-0036875,RB1
NE,7,00-0040734,RB2
NE,7,00-0031588,WR1
NE,7,00-0038608,WR2
NE,7,00-0033555,WR3
NE,7,00-0033090,TE1
NE,10,00-0039851,QB1
NE,10,00-0036875,RB1
NE,10,00-0040734,RB2
NE,10,00-0031588,WR1
NE,10,00-0038608,WR2
NE,10,00-0033555,WR3
NE,10,00-0033090,TE1
NE,12,00-0039851,QB1
NE,12,00-0036875,RB1
NE,12,00-0040734,RB2
NE,12,00-0031588,WR1
NE,12,00-0038608,WR2
NE,12,00-0033555,WR3
NE,12,00-0033090,TE1
NE,16,00-0039851,QB1
NE,16,00-0036875,RB2
NE,16,00-0040734,RB1
NE,16,00-0038608,WR2
NE,16,00-0031588,WR1
NE,16,00-0033555,WR3
NE,16,00-0033090,TE1
NE,17,00-0039851,QB1
NE,17,00-0036875,RB2
NE,17,00-0040734,RB1
NE,17,00-0038608,WR2
NE,17,00-0031588,WR1
NE,17,00-0038621,WR3
NE,17,00-0033090,TE1
NO,1,00-0039376,QB1
NO,1,00-0033906,RB1
NO,1,00-0038551,RB2
NO,1,00-0037239,WR1
NO,1,00-0037545,WR2
NO,1,00-0031236,WR3
NO,1,00-0036040,TE1
NO,2,00-0039376,QB1
NO,2,00-0038551,RB2
NO,2,00-0033906,RB1
NO,2,00-0037239,WR1
NO,2,00-0037545,WR2
NO,2,00-0031236,WR3
NO,2,00-0036040,TE1
NO,5,00-0039376,QB1
NO,5,00-0033906,RB1
NO,5,00-0038551,RB2
NO,5,00-0031236,WR3
NO,5,00-0037545,WR2
NO,5,00-0037239,WR1
NO,5,00-0036040,TE1
NO,6,00-0039376,QB1
NO,6,00-0038551,RB2
NO,6,00-0033906,RB1
NO,6,00-0037239,WR1
NO,6,00-0037545,WR2
NO,6,00-0031236,WR3
NO,6,00-0036040,TE1
NO,8,00-0039376,QB1
NO,8,00-0033906,RB1
NO,8,00-0040202,RB2
NO,8,00-0031236,WR3
NO,8,00-0037239,WR1
NO,8,00-0037545,WR2
NO,8,00-0036040,TE1
NO,12,00-0040743,QB1
NO,12,00-0033906,RB1
NO,12,00-0040202,RB2
NO,12,00-0039424,WR2
NO,12,00-0039623,WR3
NO,12,00-0037239,WR1
NO,12,00-0036040,TE1
NO,15,00-0040743,QB1
NO,15,00-0033906,RB1
NO,15,00-0040202,RB2
NO,15,00-0039424,WR2
NO,15,00-0039623,WR3
NO,15,00-0037239,WR1
NO,15,00-0036040,TE1
NO,16,00-0040743,QB1
NO,16,00-0033906,RB1
NO,16,00-0038397,RB2
NO,16,00-0037239,WR1
NO,16,00-0039623,WR2
NO,16,00-0034860,WR3
NO,16,00-0036040,TE1
NO,3,00-0039376,QB1
NO,3,00-0033906,RB1
NO,3,00-0038551,RB2
NO,3,00-0037239,WR1
NO,3,00-0037545,WR2
NO,3,00-0031236,WR3
NO,3,00-0036040,TE1
NO,4,00-0039376,QB1
NO,4,00-0038551,RB2
NO,4,00-0033906,RB1
NO,4,00-0031236,WR3
NO,4,00-0037239,WR1
NO,4,00-0037545,WR2
NO,4,00-0036040,TE1
NO,7,00-0039376,QB1
NO,7,00-0033906,RB1
NO,7,00-0038551,RB2
NO,7,00-0037239,WR1
NO,7,00-0037545,WR2
NO,7,00-0031236,WR3
NO,7,00-0036040,TE1
NO,9,00-0040743,QB1
NO,9,00-0033906,RB1
NO,9,00-0040202,RB2
NO,9,00-0031236,WR3
NO,9,00-0037239,WR1
NO,9,00-0037545,WR2
NO,9,00-0036040,TE1
NO,10,00-0040743,QB1
NO,10,00-0033906,RB1
NO,10,00-0040202,RB2
NO,10,00-0037239,WR1
NO,10,00-0031236,WR2
NO,10,00-0039424,WR3
NO,10,00-0036040,TE1
NO,13,00-0040743,QB1
NO,13,00-0033906,RB1
NO,13,00-0040202,RB2
NO,13,00-0039424,WR2
NO,13,00-0037239,WR1
NO,13,00-0039623,WR3
NO,13,00-0036040,TE1
NO,14,00-0040743,QB1
NO,14,00-0033906,RB1
NO,14,00-0040202,RB2
NO,14,00-0037239,WR1
NO,14,00-0039424,WR2
NO,14,00-0039623,WR3
NO,14,00-0036040,TE1
NO,17,00-0040743,QB1
NO,17,00-0039373,RB2
NO,17,00-0033906,RB1
NO,17,00-0039623,WR3
NO,17,00-0037239,WR1
NO,17,00-0037231,WR2
NO,17,00-0036040,TE1
NO,18,00-0040743,QB1
NO,18,00-0039373,RB2
NO,18,00-0033906,RB1
NO,18,00-0034860,WR3
NO,18,00-0037231,WR2
NO,18,00-0037239,WR1
NO,18,00-0036040,TE1
NYG,3,00-0029263,QB1
NYG,3,00-0040715,RB1
NYG,3,00-0039384,RB2
NYG,3,00-0039337,WR1
NYG,3,00-0038117,WR2
NYG,3,00-0035535,WR3
NYG,3,00-0039847,TE1
NYG,4,00-0040691,QB1
NYG,4,00-0039384,RB2
NYG,4,00-0040715,RB1
NYG,4,00-0038117,WR2
NYG,4,00-0039337,WR1
NYG,4,00-0035535,WR3
NYG,4,00-0039847,TE1
NYG,6,00-0040691,QB1
NYG,6,00-0039384,RB2
NYG,6,00-0040715,RB1
NYG,6,00-0038117,WR1
NYG,6,00-0035535,WR2
NYG,6,00-0038938,WR3
NYG,6,00-0039847,TE1
NYG,9,00-0040691,QB1
NYG,9,00-0035250,RB2
NYG,9,00-0039384,RB1
NYG,9,00-0038117,WR1
NYG,9,00-0035535,WR2
NYG,9,00-0040432,WR3
NYG,9,00-0039847,TE1
NYG,11,00-0040691,QB1
NYG,11,00-0035250,RB2
NYG,11,00-0039384,RB1
NYG,11,00-0038117,WR1
NYG,11,00-0035535,WR2
NYG,11,00-0035645,WR3
NYG,11,00-0039847,TE1
NYG,15,00-0040691,QB1
NYG,15,00-0035250,RB2
NYG,15,00-0039384,RB1
NYG,15,00-0035535,WR2
NYG,15,00-0036165,WR3
NYG,15,00-0038117,WR1
NYG,15,00-0039847,TE1
NYG,16,00-0040691,QB1
NYG,16,00-0039384,RB1
NYG,16,00-0035250,RB2
NYG,16,00-0035535,WR2
NYG,16,00-0036165,WR3
NYG,16,00-0038117,WR1
NYG,16,00-0039847,TE1
NYG,18,00-0040691,QB1
NYG,18,00-0035250,RB2
NYG,18,00-0039384,RB1
NYG,18,00-0035645,WR3
NYG,18,00-0035535,WR1
NYG,18,00-0036165,WR2
NYG,18,00-0039847,TE1
NYG,1,00-0029263,QB1
NYG,1,00-0035250,RB2
NYG,1,00-0039384,RB1
NYG,1,00-0038117,WR2
NYG,1,00-0039337,WR1
NYG,1,00-0035535,WR3
NYG,1,00-0039847,TE1
NYG,2,00-0029263,QB1
NYG,2,00-0039384,RB1
NYG,2,00-0035250,RB2
NYG,2,00-0039337,WR1
NYG,2,00-0038117,WR2
NYG,2,00-0035535,WR3
NYG,2,00-0039847,TE1
NYG,5,00-0040691,QB1
NYG,5,00-0039384,RB2
NYG,5,00-0040715,RB1
NYG,5,00-0038117,WR1
NYG,5,00-0035535,WR2
NYG,5,00-0038938,WR3
NYG,5,00-0039847,TE1
NYG,7,00-0040691,QB1
NYG,7,00-0039384,RB2
NYG,7,00-0040715,RB1
NYG,7,00-0038117,WR1
NYG,7,00-0035535,WR2
NYG,7,00-0035406,WR3
NYG,7,00-0039847,TE1
NYG,8,00-0040691,QB1
NYG,8,00-0039384,RB2
NYG,8,00-0040715,RB1
NYG,8,00-0035535,WR2
NYG,8,00-0038117,WR1
NYG,8,00-0035406,WR3
NYG,8,00-0039847,TE1
NYG,10,00-0040691,QB1
NYG,10,00-0039384,RB1
NYG,10,00-0035250,RB2
NYG,10,00-0038117,WR1
NYG,10,00-0035535,WR2
NYG,10,00-0034407,WR3
NYG,10,00-0039847,TE1
NYG,12,00-0040691,QB1
NYG,12,00-0039384,RB1
NYG,12,00-0035250,RB2
NYG,12,00-0036165,WR3
NYG,12,00-0035535,WR2
NYG,12,00-0038117,WR1
NYG,12,00-0039847,TE1
NYG,13,00-0040691,QB1
NYG,13,00-0035250,RB2
NYG,13,00-0039384,RB1
NYG,13,00-0036165,WR3
NYG,13,00-0038117,WR1
NYG,13,00-0035535,WR2
NYG,13,00-0039847,TE1
NYG,17,00-0040691,QB1
NYG,17,00-0035250,RB2
NYG,17,00-0039384,RB1
NYG,17,00-0036165,WR3
NYG,17,00-0038117,WR1
NYG,17,00-0035535,WR2
NYG,17,00-0039847,TE1
NYJ,1,00-0036945,QB1
NYJ,1,00-0038120,RB1
NYJ,1,00-0039794,RB2
NYJ,1,00-0037740,WR1
NYJ,1,00-0033943,WR2
NYJ,1,00-0034521,WR3
NYJ,1,00-0040736,TE1
NYJ,2,00-0036945,QB1
NYJ,2,00-0038120,RB1
NYJ,2,00-0039794,RB2
NYJ,2,00-0037740,WR1
NYJ,2,00-0033943,WR2
NYJ,2,00-0036427,WR3
NYJ,2,00-0040736,TE1
NYJ,5,00-0036945,QB1
NYJ,5,00-0038120,RB1
NYJ,5,00-0039798,RB2
NYJ,5,00-0037740,WR1
NYJ,5,00-0033943,WR2
NYJ,5,00-0040582,WR3
NYJ,5,00-0040736,TE1
NYJ,6,00-0036945,QB1
NYJ,6,00-0039798,RB2
NYJ,6,00-0038120,RB1
NYJ,6,00-0033943,WR2
NYJ,6,00-0037740,WR1
NYJ,6,00-0040582,WR3
NYJ,6,00-0040736,TE1
NYJ,7,00-0036945,QB1
NYJ,7,00-0038120,RB1
NYJ,7,00-0039798,RB2
NYJ,7,00-0033943,WR2
NYJ,7,00-0037740,WR1
NYJ,7,00-0040582,WR3
NYJ,7,00-0040736,TE1
NYJ,10,00-0036945,QB1
NYJ,10,00-0039798,RB2
NYJ,10,00-0038120,RB1
NYJ,10,00-0037740,WR1
NYJ,10,00-0039890,WR2
NYJ,10,00-0036427,WR3
NYJ,10,00-0040736,TE1
NYJ,13,00-0028118,QB1
NYJ,13,00-0039798,RB2
NYJ,13,00-0038120,RB1
NYJ,13,00-0034521,WR3
NYJ,13,00-0039890,WR2
NYJ,13,00-0037614,WR1
NYJ,13,00-0040736,TE1
NYJ,14,00-0028118,QB1
NYJ,14,00-0038120,RB1
NYJ,14,00-0039798,RB2
NYJ,14,00-0034521,WR3
NYJ,14,00-0039890,WR2
NYJ,14,00-0037614,WR1
NYJ,14,00-0040736,TE1
NYJ,17,00-0040398,QB1
NYJ,17,00-0038120,RB1
NYJ,17,00-0039798,RB2
NYJ,17,00-0039451,WR3
NYJ,17,00-0037614,WR1
NYJ,17,00-0039890,WR2
NYJ,17,00-0040736,TE1
NYJ,3,00-0036945,QB1
NYJ,3,00-0038120,RB1
NYJ,3,00-0039794,RB2
NYJ,3,00-0037740,WR1
NYJ,3,00-0033943,WR2
NYJ,3,00-0036427,WR3
NYJ,3,00-0040736,TE1
NYJ,4,00-0036945,QB1
NYJ,4,00-0038120,RB1
NYJ,4,00-0039794,RB2
NYJ,4,00-0033943,WR2
NYJ,4,00-0037740,WR1
NYJ,4,00-0036427,WR3
NYJ,4,00-0040736,TE1
NYJ,8,00-0036945,QB1
NYJ,8,00-0038120,RB1
NYJ,8,00-0039798,RB2
NYJ,8,00-0037740,WR1
NYJ,8,00-0040582,WR2
NYJ,8,00-0034521,WR3
NYJ,8,00-0040736,TE1
NYJ,11,00-0036945,QB1
NYJ,11,00-0039798,RB2
NYJ,11,00-0038120,RB1
NYJ,11,00-0037740,WR1
NYJ,11,00-0039890,WR2
NYJ,11,00-0040582,WR3
NYJ,11,00-0040736,TE1
NYJ,12,00-0028118,QB1
NYJ,12,00-0039798,RB2
NYJ,12,00-0038120,RB1
NYJ,12,00-0039451,WR3
NYJ,12,00-0039890,WR1
NYJ,12,00-0037614,WR2
NYJ,12,00-0040736,TE1
NYJ,15,00-0028118,QB1
NYJ,15,00-0038120,RB1
NYJ,15,00-0039798,RB2
NYJ,15,00-0039451,WR3
NYJ,15,00-0037614,WR1
NYJ,15,00-0039890,WR2
NYJ,15,00-0040736,TE1
NYJ,16,00-0040398,QB1
NYJ,16,00-0039798,RB2
NYJ,16,00-0038120,RB1
NYJ,16,00-0037614,WR1
NYJ,16,00-0039890,WR2
NYJ,16,00-0039451,WR3
NYJ,16,00-0040736,TE1
NYJ,18,00-0040398,QB1
NYJ,18,00-0038120,RB1
NYJ,18,00-0036906,RB2
NYJ,18,00-0039451,WR3
NYJ,18,00-0037614,WR1
NYJ,18,00-0039890,WR2
NYJ,18,00-0037805,TE1
PHI,1,00-0036389,QB1
PHI,1,00-0034844,RB1
PHI,1,00-0039746,RB2
PHI,1,00-0035676,WR1
PHI,1,00-0036912,WR2
PHI,1,00-0037741,WR3
PHI,1,00-0034351,TE1
PHI,3,00-0036389,QB1
PHI,3,00-0034844,RB1
PHI,3,00-0039746,RB2
PHI,3,00-0035676,WR1
PHI,3,00-0036912,WR2
PHI,3,00-0037741,WR3
PHI,3,00-0034351,TE1
PHI,5,00-0036389,QB1
PHI,5,00-0034844,RB1
PHI,5,00-0036265,RB2
PHI,5,00-0035676,WR1
PHI,5,00-0036912,WR2
PHI,5,00-0037741,WR3
PHI,5,00-0034351,TE1
PHI,8,00-0036389,QB1
PHI,8,00-0039746,RB2
PHI,8,00-0034844,RB1
PHI,8,00-0036912,WR2
PHI,8,00-0037741,WR3
PHI,8,00-0035676,WR1
PHI,8,00-0034351,TE1
PHI,11,00-0036389,QB1
PHI,11,00-0034844,RB1
PHI,11,00-0038555,RB2
PHI,11,00-0035676,WR1
PHI,11,00-0036912,WR2
PHI,11,00-0037741,WR3
PHI,11,00-0034351,TE1
PHI,13,00-0036389,QB1
PHI,13,00-0034844,RB1
PHI,13,00-0038555,RB2
PHI,13,00-0035676,WR1
PHI,13,00-0036912,WR2
PHI,13,00-0037741,WR3
PHI,13,00-0034351,TE1
PHI,15,00-0036389,QB1
PHI,15,00-0034844,RB1
PHI,15,00-0038555,RB2
PHI,15,00-0035676,WR1
PHI,15,00-0036912,WR2
PHI,15,00-0037741,WR3
PHI,15,00-0034351,TE1
PHI,18,00-0036389,QB1
PHI,18,00-0034844,RB1
PHI,18,00-0038555,RB2
PHI,18,00-0035676,WR1
PHI,18,00-0036912,WR2
PHI,18,00-0037741,WR3
PHI,18,00-0034351,TE1
PHI,2,00-0036389,QB1
PHI,2,00-0034844,RB1
PHI,2,00-0039746,RB2
PHI,2,00-0035676,WR1
PHI,2,00-0036912,WR2
PHI,2,00-0037741,WR3
PHI,2,00-0034351,TE1
PHI,4,00-0036389,QB1
PHI,4,00-0034844,RB1
PHI,4,00-0039746,RB2
PHI,4,00-0035676,WR1
PHI,4,00-0036912,WR2
PHI,4,00-0037741,WR3
PHI,4,00-0034351,TE1
PHI,6,00-0036389,QB1
PHI,6,00-0034844,RB1
PHI,6,00-0036265,RB2
PHI,6,00-0035676,WR1
PHI,6,00-0036912,WR2
PHI,6,00-0037741,WR3
PHI,6,00-0034351,TE1
PHI,7,00-0036389,QB1
PHI,7,00-0036265,RB2
PHI,7,00-0034844,RB1
PHI,7,00-0036912,WR2
PHI,7,00-0035676,WR1
PHI,7,00-0037741,WR3
PHI,7,00-0034351,TE1
PHI,10,00-0036389,QB1
PHI,10,00-0038555,RB2
PHI,10,00-0034844,RB1
PHI,10,00-0036912,WR2
PHI,10,00-0035676,WR1
PHI,10,00-0037741,WR3
PHI,10,00-0034351,TE1
PHI,12,00-0036389,QB1
PHI,12,00-0034844,RB1
PHI,12,00-0038555,RB2
PHI,12,00-0035676,WR1
PHI,12,00-0036912,WR2
PHI,12,00-0037741,WR3
PHI,12,00-0034351,TE1
PHI,14,00-0036389,QB1
PHI,14,00-0034844,RB1
PHI,14,00-0038555,RB2
PHI,14,00-0035676,WR1
PHI,14,00-0036912,WR2
PHI,14,00-0037741,WR3
PHI,14,00-0034351,TE1
PHI,16,00-0036389,QB1
PHI,16,00-0038555,RB2
PHI,16,00-0034844,RB1
PHI,16,00-0036912,WR2
PHI,16,00-0035676,WR1
PHI,16,00-0037741,WR3
PHI,16,00-0034351,TE1
PHI,17,00-0036389,QB1
PHI,17,00-0034844,RB1
PHI,17,00-0038555,RB2
PHI,17,00-0035676,WR1
PHI,17,00-0036912,WR2
PHI,17,00-0037741,WR3
PHI,17,00-0034351,TE1
PIT,2,00-0023459,QB1
PIT,2,00-0037228,RB1
PIT,2,00-0036919,RB2
PIT,2,00-0035640,WR1
PIT,2,00-0037837,WR2
PIT,2,00-0039739,WR3
PIT,2,00-0033858,TE1
PIT,4,00-0023459,QB1
PIT,4,00-0037228,RB1
PIT,4,00-0036919,RB2
PIT,4,00-0035640,WR1
PIT,4,00-0037837,WR2
PIT,4,00-0039739,WR3
PIT,4,00-0033858,TE1
PIT,6,00-0023459,QB1
PIT,6,00-0037228,RB1
PIT,6,00-0036919,RB2
PIT,6,00-0035640,WR1
PIT,6,00-0037837,WR2
PIT,6,00-0036862,WR3
PIT,6,00-0033858,TE1
PIT,8,00-0023459,QB1
PIT,8,00-0037228,RB1
PIT,8,00-0036919,RB2
PIT,8,00-0035640,WR1
PIT,8,00-0037837,WR2
PIT,8,00-0039739,WR3
PIT,8,00-0033858,TE1
PIT,9,00-0023459,QB1
PIT,9,00-0036919,RB2
PIT,9,00-0037228,RB1
PIT,9,00-0035640,WR1
PIT,9,00-0037837,WR2
PIT,9,00-0039739,WR3
PIT,9,00-0033858,TE1
PIT,11,00-0023459,QB1
PIT,11,00-0036919,RB2
PIT,11,00-0037228,RB1
PIT,11,00-0035640,WR1
PIT,11,00-0037837,WR2
PIT,11,00-0039739,WR3
PIT,11,00-0033858,TE1
PIT,13,00-0023459,QB1
PIT,13,00-0037228,RB1
PIT,13,00-0036919,RB2
PIT,13,00-0035640,WR1
PIT,13,00-0037837,WR2
PIT,13,00-0039739,WR3
PIT,13,00-0038558,TE1
PIT,15,00-0023459,QB1
PIT,15,00-0036919,RB2
PIT,15,00-0037228,RB1
PIT,15,00-0037837,WR2
PIT,15,00-0035640,WR1
PIT,15,00-0030035,WR3
PIT,15,00-0038558,TE1
PIT,18,00-0023459,QB1
PIT,18,00-0036919,RB2
PIT,18,00-0037228,RB1
PIT,18,00-0035640,WR1
PIT,18,00-0037837,WR2
PIT,18,00-0030035,WR3
PIT,18,00-0036894,TE1
PIT,1,00-0023459,QB1
PIT,1,00-0037228,RB1
PIT,1,00-0040142,RB2
PIT,1,00-0035640,WR1
PIT,1,00-0037837,WR2
PIT,1,00-0039739,WR3
PIT,1,00-0036894,TE1
PIT,3,00-0023459,QB1
PIT,3,00-0037228,RB1
PIT,3,00-0036919,RB2
PIT,3,00-0035640,WR1
PIT,3,00-0037837,WR2
PIT,3,00-0039739,WR3
PIT,3,00-0033858,TE1
PIT,7,00-0023459,QB1
PIT,7,00-0036919,RB2
PIT,7,00-0037228,RB1
PIT,7,00-0037837,WR2
PIT,7,00-0035640,WR1
PIT,7,00-0035298,WR3
PIT,7,00-0038558,TE1
PIT,10,00-0023459,QB1
PIT,10,00-0036919,RB2
PIT,10,00-0037228,RB1
PIT,10,00-0035640,WR1
PIT,10,00-0037837,WR2
PIT,10,00-0039739,WR3
PIT,10,00-0033858,TE1
PIT,12,00-0023459,QB1
PIT,12,00-0037228,RB1
PIT,12,00-0036919,RB2
PIT,12,00-0035640,WR1
PIT,12,00-0037837,WR2
PIT,12,00-0039739,WR3
PIT,12,00-0038558,TE1
PIT,14,00-0023459,QB1
PIT,14,00-0036919,RB2
PIT,14,00-0037228,RB1
PIT,14,00-0037837,WR2
PIT,14,00-0035640,WR1
PIT,14,00-0039739,WR3
PIT,14,00-0038558,TE1
PIT,16,00-0023459,QB1
PIT,16,00-0036919,RB2
PIT,16,00-0037228,RB1
PIT,16,00-0035640,WR1
PIT,16,00-0037837,WR2
PIT,16,00-0030035,WR3
PIT,16,00-0038558,TE1
PIT,17,00-0023459,QB1
PIT,17,00-0037228,RB1
PIT,17,00-0036919,RB2
PIT,17,00-0035640,WR1
PIT,17,00-0037837,WR2
PIT,17,00-0030035,WR3
PIT,17,00-0038558,TE1
SEA,1,00-0034869,QB1
SEA,1,00-0038134,RB1
SEA,1,00-0039165,RB2
SEA,1,00-0033908,WR2
SEA,1,00-0038543,WR1
SEA,1,00-0040648,WR3
SEA,1,00-0039793,TE1
SEA,3,00-0034869,QB1
SEA,3,00-0039165,RB2
SEA,3,00-0038134,RB1
SEA,3,00-0033908,WR2
SEA,3,00-0038543,WR1
SEA,3,00-0040648,WR3
SEA,3,00-0039793,TE1
SEA,5,00-0034869,QB1
SEA,5,00-0038134,RB1
SEA,5,00-0039165,RB2
SEA,5,00-0038543,WR1
SEA,5,00-0033908,WR2
SEA,5,00-0040648,WR3
SEA,5,00-0039793,TE1
SEA,7,00-0034869,QB1
SEA,7,00-0038134,RB1
SEA,7,00-0039165,RB2
SEA,7,00-0038543,WR1
SEA,7,00-0033908,WR2
SEA,7,00-0040648,WR3
SEA,7,00-0039793,TE1
SEA,10,00-0034869,QB1
SEA,10,00-0039165,RB2
SEA,10,00-0038134,RB1
SEA,10,00-0037545,WR2
SEA,10,00-0038543,WR1
SEA,10,00-0033908,WR3
SEA,10,00-0039793,TE1
SEA,13,00-0034869,QB1
SEA,13,00-0039165,RB2
SEA,13,00-0038134,RB1
SEA,13,00-0038543,WR1
SEA,13,00-0033908,WR2
SEA,13,00-0037545,WR3
SEA,13,00-0039793,TE1
SEA,15,00-0034869,QB1
SEA,15,00-0038134,RB1
SEA,15,00-0039165,RB2
SEA,15,00-0038543,WR1
SEA,15,00-0033908,WR2
SEA,15,00-0037545,WR3
SEA,15,00-0039793,TE1
SEA,16,00-0034869,QB1
SEA,16,00-0038134,RB1
SEA,16,00-0039165,RB2
SEA,16,00-0038543,WR1
SEA,16,00-0033908,WR2
SEA,16,00-0037545,WR3
SEA,16,00-0039793,TE1
SEA,2,00-0034869,QB1
SEA,2,00-0038134,RB1
SEA,2,00-0039165,RB2
SEA,2,00-0038543,WR1
SEA,2,00-0033908,WR2
SEA,2,00-0040648,WR3
SEA,2,00-0039793,TE1
SEA,4,00-0034869,QB1
SEA,4,00-0038134,RB1
SEA,4,00-0039165,RB2
SEA,4,00-0038543,WR1
SEA,4,00-0033908,WR2
SEA,4,00-0040648,WR3
SEA,4,00-0039793,TE1
SEA,6,00-0034869,QB1
SEA,6,00-0039165,RB2
SEA,6,00-0038134,RB1
SEA,6,00-0038543,WR1
SEA,6,00-0033908,WR2
SEA,6,00-0040648,WR3
SEA,6,00-0039793,TE1
SEA,9,00-0034869,QB1
SEA,9,00-0038134,RB1
SEA,9,00-0039165,RB2
SEA,9,00-0038543,WR1
SEA,9,00-0033908,WR2
SEA,9,00-0040648,WR3
SEA,9,00-0039793,TE1
SEA,11,00-0034869,QB1
SEA,11,00-0039165,RB2
SEA,11,00-0038134,RB1
SEA,11,00-0033908,WR2
SEA,11,00-0037545,WR3
SEA,11,00-0038543,WR1
SEA,11,00-0039793,TE1
SEA,12,00-0034869,QB1
SEA,12,00-0038134,RB1
SEA,12,00-0039165,RB2
SEA,12,00-0038543,WR1
SEA,12,00-0033908,WR2
SEA,12,00-0037545,WR3
SEA,12,00-0039793,TE1
SEA,14,00-0034869,QB1
SEA,14,00-0039165,RB2
SEA,14,00-0038134,RB1
SEA,14,00-0038543,WR1
SEA,14,00-0033908,WR2
SEA,14,00-0037545,WR3
SEA,14,00-0039793,TE1
SEA,17,00-0034869,QB1
SEA,17,00-0039165,RB2
SEA,17,00-0038134,RB1
SEA,17,00-0038543,WR1
SEA,17,00-0033908,WR2
SEA,17,00-0037545,WR3
SEA,17,00-0039793,TE1
SEA,18,00-0034869,QB1
SEA,18,00-0038134,RB1
SEA,18,00-0039165,RB2
SEA,18,00-0038543,WR1
SEA,18,00-0033908,WR2
SEA,18,00-0037545,WR3
SEA,18,00-0039793,TE1
SF,3,00-0037834,QB1
SF,3,00-0033280,RB1
SF,3,00-0037746,RB2
SF,3,00-0036259,WR1
SF,3,00-0039916,WR2
SF,3,00-0033307,WR3
SF,3,00-0037112,TE1
SF,4,00-0037834,QB1
SF,4,00-0033280,RB1
SF,4,00-0037746,RB2
SF,4,00-0033307,WR3
SF,4,00-0036259,WR1
SF,4,00-0039916,WR2
SF,4,00-0037112,TE1
SF,7,00-0037834,QB1
SF,7,00-0037746,RB2
SF,7,00-0033280,RB1
SF,7,00-0033307,WR3
SF,7,00-0036259,WR1
SF,7,00-0039916,WR2
SF,7,00-0033288,TE1
SF,10,00-0036972,QB1
SF,10,00-0033280,RB1
SF,10,00-0037746,RB2
SF,10,00-0039916,WR2
SF,10,00-0033307,WR3
SF,10,00-0036259,WR1
SF,10,00-0033288,TE1
SF,12,00-0037834,QB1
SF,12,00-0033280,RB1
SF,12,00-0037746,RB2
SF,12,00-0032775,WR3
SF,12,00-0039916,WR2
SF,12,00-0036259,WR1
SF,12,00-0033288,TE1
SF,15,00-0037834,QB1
SF,15,00-0033280,RB1
SF,15,00-0037746,RB2
SF,15,00-0032775,WR3
SF,15,00-0039916,WR2
SF,15,00-0036259,WR1
SF,15,00-0033288,TE1
SF,17,00-0037834,QB1
SF,17,00-0037746,RB2
SF,17,00-0033280,RB1
SF,17,00-0036259,WR1
SF,17,00-0039916,WR2
SF,17,00-0033307,WR3
SF,17,00-0033288,TE1
SF,18,00-0037834,QB1
SF,18,00-0033280,RB1
SF,18,00-0037746,RB2
SF,18,00-0036259,WR1
SF,18,00-0039916,WR2
SF,18,00-0032775,WR3
SF,18,00-0033288,TE1
SF,1,00-0037834,QB1
SF,1,00-0033280,RB1
SF,1,00-0037746,RB2
SF,1,00-0039916,WR2
SF,1,00-0034272,WR3
SF,1,00-0036259,WR1
SF,1,00-0033288,TE1
SF,2,00-0037834,QB1
SF,2,00-0033280,RB1
SF,2,00-0037746,RB2
SF,2,00-0033307,WR3
SF,2,00-0036259,WR1
SF,2,00-0039916,WR2
SF,2,00-0036887,TE1
SF,5,00-0037834,QB1
SF,5,00-0033280,RB1
SF,5,00-0037746,RB2
SF,5,00-0033307,WR3
SF,5,00-0036259,WR1
SF,5,00-0039916,WR2
SF,5,00-0037112,TE1
SF,6,00-0037834,QB1
SF,6,00-0033280,RB1
SF,6,00-0037746,RB2
SF,6,00-0033307,WR3
SF,6,00-0036259,WR1
SF,6,00-0039916,WR2
SF,6,00-0037112,TE1
SF,8,00-0037834,QB1
SF,8,00-0033280,RB1
SF,8,00-0037746,RB2
SF,8,00-0036259,WR1
SF,8,00-0039916,WR2
SF,8,00-0033307,WR3
SF,8,00-0033288,TE1
SF,9,00-0037834,QB1
SF,9,00-0037746,RB2
SF,9,00-0033280,RB1
SF,9,00-0039916,WR2
SF,9,00-0033307,WR3
SF,9,00-0036259,WR1
SF,9,00-0033288,TE1
SF,11,00-0037834,QB1
SF,11,00-0033280,RB1
SF,11,00-0037746,RB2
SF,11,00-0033307,WR3
SF,11,00-0036259,WR1
SF,11,00-0039916,WR2
SF,11,00-0033288,TE1
SF,13,00-0037834,QB1
SF,13,00-0033280,RB1
SF,13,00-0037746,RB2
SF,13,00-0036259,WR1
SF,13,00-0039916,WR2
SF,13,00-0032775,WR3
SF,13,00-0033288,TE1
SF,16,00-0037834,QB1
SF,16,00-0033280,RB1
SF,16,00-0037746,RB2
SF,16,00-0036259,WR1
SF,16,00-0039916,WR2
SF,16,00-0033307,WR3
SF,16,00-0033288,TE1
TB,3,00-0034855,QB1
TB,3,00-0039361,RB1
TB,3,00-0037256,RB2
TB,3,00-0031408,WR1
TB,3,00-0033921,WR2
TB,3,00-0040129,WR3
TB,3,00-0038129,TE1
TB,4,00-0034855,QB1
TB,4,00-0039361,RB1
TB,4,00-0037256,RB2
TB,4,00-0031408,WR1
TB,4,00-0033921,WR2
TB,4,00-0040129,WR3
TB,4,00-0038129,TE1
TB,6,00-0034855,QB1
TB,6,00-0039361,RB1
TB,6,00-0037256,RB2
TB,6,00-0040129,WR3
TB,6,00-0031408,WR1
TB,6,00-0033921,WR2
TB,6,00-0038129,TE1
TB,10,00-0034855,QB1
TB,10,00-0039361,RB1
TB,10,00-0037256,RB2
TB,10,00-0040129,WR1
TB,10,00-0033921,WR2
TB,10,00-0040237,WR3
TB,10,00-0038129,TE1
TB,13,00-0034855,QB1
TB,13,00-0038951,RB2
TB,13,00-0039361,RB1
TB,13,00-0040237,WR3
TB,13,00-0040129,WR1
TB,13,00-0033921,WR2
TB,13,00-0038129,TE1
TB,14,00-0034855,QB1
TB,14,00-0039361,RB1
TB,14,00-0037256,RB2
TB,14,00-0040237,WR3
TB,14,00-0033921,WR2
TB,14,00-0040129,WR1
TB,14,00-0038129,TE1
TB,15,00-0034855,QB1
TB,15,00-0037256,RB2
TB,15,00-0039361,RB1
TB,15,00-0031408,WR1
TB,15,00-0040129,WR2
TB,15,00-0033921,WR3
TB,15,00-0038129,TE1
TB,18,00-0034855,QB1
TB,18,00-0039361,RB1
TB,18,00-0037256,RB2
TB,18,00-0031408,WR1
TB,18,00-0033921,WR2
TB,18,00-0040129,WR3
TB,18,00-0038129,TE1
TB,1,00-0034855,QB1
TB,1,00-0039361,RB1
TB,1,00-0037256,RB2
TB,1,00-0040129,WR3
TB,1,00-0033921,WR2
TB,1,00-0031408,WR1
TB,1,00-0038129,TE1
TB,2,00-0034855,QB1
TB,2,00-0037256,RB2
TB,2,00-0039361,RB1
TB,2,00-0033921,WR2
TB,2,00-0031408,WR1
TB,2,00-0040129,WR3
TB,2,00-0038129,TE1
TB,5,00-0034855,QB1
TB,5,00-0039361,RB1
TB,5,00-0037256,RB2
TB,5,00-0040129,WR3
TB,5,00-0033921,WR2
TB,5,00-0031408,WR1
TB,5,00-0038129,TE1
TB,7,00-0034855,QB1
TB,7,00-0037256,RB2
TB,7,00-0039361,RB1
TB,7,00-0031408,WR1
TB,7,00-0040129,WR2
TB,7,00-0033921,WR3
TB,7,00-0038129,TE1
TB,8,00-0034855,QB1
TB,8,00-0039361,RB1
TB,8,00-0037256,RB2
TB,8,00-0032385,WR3
TB,8,00-0040129,WR1
TB,8,00-0033921,WR2
TB,8,00-0038129,TE1
TB,11,00-0034855,QB1
TB,11,00-0037256,RB2
TB,11,00-0039361,RB1
TB,11,00-0033921,WR2
TB,11,00-0040129,WR1
TB,11,00-0040237,WR3
TB,11,00-0038129,TE1
TB,12,00-0034855,QB1
TB,12,00-0039361,RB1
TB,12,00-0038951,RB2
TB,12,00-0040129,WR1
TB,12,00-0033921,WR2
TB,12,00-0040237,WR3
TB,12,00-0038129,TE1
TB,16,00-0034855,QB1
TB,16,00-0039361,RB1
TB,16,00-0037256,RB2
TB,16,00-0031408,WR1
TB,16,00-0040129,WR2
TB,16,00-0033921,WR3
TB,16,00-0038129,TE1
TB,17,00-0034855,QB1
TB,17,00-0037256,RB2
TB,17,00-0039361,RB1
TB,17,00-0040129,WR2
TB,17,00-0031408,WR1
TB,17,00-0033921,WR3
TB,17,00-0038129,TE1
TEN,2,00-0040676,QB1
TEN,2,00-0035261,RB1
TEN,2,00-0037594,RB2
TEN,2,00-0034837,WR1
TEN,2,00-0040170,WR2
TEN,2,00-0032211,WR3
TEN,2,00-0037809,TE1
TEN,3,00-0040676,QB1
TEN,3,00-0035261,RB1
TEN,3,00-0037594,RB2
TEN,3,00-0034837,WR1
TEN,3,00-0040170,WR2
TEN,3,00-0032211,WR3
TEN,3,00-0037809,TE1
TEN,7,00-0040676,QB1
TEN,7,00-0039032,RB2
TEN,7,00-0035261,RB1
TEN,7,00-0040170,WR2
TEN,7,00-0034837,WR1
TEN,7,00-0036415,WR3
TEN,7,00-0037809,TE1
TEN,9,00-0040676,QB1
TEN,9,00-0039032,RB2
TEN,9,00-0035261,RB1
TEN,9,00-0034837,WR1
TEN,9,00-0040170,WR2
TEN,9,00-0040705,WR3
TEN,9,00-0037809,TE1
TEN,11,00-0040676,QB1
TEN,11,00-0035261,RB1
TEN,11,00-0039032,RB2
TEN,11,00-0034837,WR1
TEN,11,00-0040170,WR2
TEN,11,00-0040705,WR3
TEN,11,00-0037809,TE1
TEN,12,00-0040676,QB1
TEN,12,00-0035261,RB1
TEN,12,00-0039032,RB2
TEN,12,00-0040705,WR2
TEN,12,00-0036415,WR3
TEN,12,00-0040170,WR1
TEN,12,00-0037809,TE1
TEN,13,00-0040676,QB1
TEN,13,00-0039032,RB2
TEN,13,00-0035261,RB1
TEN,13,00-0040705,WR2
TEN,13,00-0040170,WR1
TEN,13,00-0036415,WR3
TEN,13,00-0040584,TE1
TEN,16,00-0040676,QB1
TEN,16,00-0035261,RB1
TEN,16,00-0039032,RB2
TEN,16,00-0040170,WR1
TEN,16,00-0040705,WR2
TEN,16,00-0036415,WR3
TEN,16,00-0040584,TE1
TEN,17,00-0040676,QB1
TEN,17,00-0035261,RB1
TEN,17,00-0039032,RB2
TEN,17,00-0040170,WR1
TEN,17,00-0040705,WR2
TEN,17,00-0036415,WR3
TEN,17,00-0040584,TE1
TEN,1,00-0040676,QB1
TEN,1,00-0035261,RB1
TEN,1,00-0037594,RB2
TEN,1,00-0032211,WR2
TEN,1,00-0034837,WR1
TEN,1,00-0040170,WR3
TEN,1,00-0037809,TE1
TEN,4,00-0040676,QB1
TEN,4,00-0035261,RB1
TEN,4,00-0037594,RB2
TEN,4,00-0034837,WR1
TEN,4,00-0032211,WR3
TEN,4,00-0040170,WR2
TEN,4,00-0037809,TE1
TEN,5,00-0040676,QB1
TEN,5,00-0035261,RB1
TEN,5,00-0039032,RB2
TEN,5,00-0034837,WR1
TEN,5,00-0040170,WR2
TEN,5,00-0032211,WR3
TEN,5,00-0037809,TE1
TEN,6,00-0040676,QB1
TEN,6,00-0039032,RB2
TEN,6,00-0035261,RB1
TEN,6,00-0034837,WR1
TEN,6,00-0040170,WR2
TEN,6,00-0040705,WR3
TEN,6,00-0037809,TE1
TEN,8,00-0040676,QB1
TEN,8,00-0035261,RB1
TEN,8,00-0039032,RB2
TEN,8,00-0040170,WR2
TEN,8,00-0034837,WR1
TEN,8,00-0036415,WR3
TEN,8,00-0037809,TE1
TEN,14,00-0040676,QB1
TEN,14,00-0039032,RB2
TEN,14,00-0035261,RB1
TEN,14,00-0040705,WR2
TEN,14,00-0040170,WR1
TEN,14,00-0036415,WR3
TEN,14,00-0040584,TE1
TEN,15,00-0040676,QB1
TEN,15,00-0035261,RB1
TEN,15,00-0039032,RB2
TEN,15,00-0040170,WR1
TEN,15,00-0040705,WR2
TEN,15,00-0036415,WR3
TEN,15,00-0040584,TE1
TEN,18,00-0040676,QB1
TEN,18,00-0035261,RB1
TEN,18,00-0039032,RB2
TEN,18,00-0040170,WR1
TEN,18,00-0040705,WR2
TEN,18,00-0036133,WR3
TEN,18,00-0037809,TE1
WAS,1,00-0039910,QB1
WAS,1,00-0040242,RB2
WAS,1,00-0033699,RB1
WAS,1,00-0035719,WR2
WAS,1,00-0035659,WR1
WAS,1,00-0033591,WR3
WAS,1,00-0030061,TE1
WAS,3,00-0039910,QB1
WAS,3,00-0040242,RB1
WAS,3,00-0033955,RB2
WAS,3,00-0035719,WR2
WAS,3,00-0035659,WR1
WAS,3,00-0033591,WR3
WAS,3,00-0030061,TE1
WAS,6,00-0039910,QB1
WAS,6,00-0040242,RB1
WAS,6,00-0038611,RB2
WAS,6,00-0035719,WR2
WAS,6,00-0035659,WR1
WAS,6,00-0033591,WR3
WAS,6,00-0030061,TE1
WAS,9,00-0039910,QB1
WAS,9,00-0040242,RB1
WAS,9,00-0033955,RB2
WAS,9,00-0035659,WR1
WAS,9,00-0039355,WR3
WAS,9,00-0035719,WR2
WAS,9,00-0030061,TE1
WAS,10,00-0032268,QB1
WAS,10,00-0038611,RB2
WAS,10,00-0040242,RB1
WAS,10,00-0035719,WR2
WAS,10,00-0035659,WR1
WAS,10,00-0040164,WR3
WAS,10,00-0030061,TE1
WAS,13,00-0039910,QB1
WAS,13,00-0040242,RB2
WAS,13,00-0038611,RB1
WAS,13,00-0035659,WR1
WAS,13,00-0035719,WR2
WAS,13,00-0037742,WR3
WAS,13,00-0030061,TE1
WAS,16,00-0032268,QB1
WAS,16,00-0038611,RB1
WAS,16,00-0040242,RB2
WAS,16,00-0037742,WR3
WAS,16,00-0035659,WR1
WAS,16,00-0035719,WR2
WAS,16,00-0036628,TE1
WAS,17,00-0032268,QB1
WAS,17,00-0038611,RB1
WAS,17,00-0040242,RB2
WAS,17,00-0037742,WR3
WAS,17,00-0035659,WR1
WAS,17,00-0035719,WR2
WAS,17,00-0036628,TE1
WAS,2,00-0039910,QB1
WAS,2,00-0033699,RB1
WAS,2,00-0040242,RB2
WAS,2,00-0035659,WR1
WAS,2,00-0035719,WR2
WAS,2,00-0033591,WR3
WAS,2,00-0030061,TE1
WAS,4,00-0039910,QB1
WAS,4,00-0040242,RB1
WAS,4,00-0038611,RB2
WAS,4,00-0035659,WR1
WAS,4,00-0035719,WR2
WAS,4,00-0033591,WR3
WAS,4,00-0030061,TE1
WAS,5,00-0039910,QB1
WAS,5,00-0038611,RB2
WAS,5,00-0040242,RB1
WAS,5,00-0035719,WR2
WAS,5,00-0035659,WR1
WAS,5,00-0033591,WR3
WAS,5,00-0030061,TE1
WAS,7,00-0039910,QB1
WAS,7,00-0038611,RB2
WAS,7,00-0040242,RB1
WAS,7,00-0035659,WR1
WAS,7,00-0035719,WR2
WAS,7,00-0039355,WR3
WAS,7,00-0030061,TE1
WAS,8,00-0039910,QB1
WAS,8,00-0040242,RB1
WAS,8,00-0033955,RB2
WAS,8,00-0035659,WR1
WAS,8,00-0035719,WR2
WAS,8,00-0032398,WR3
WAS,8,00-0030061,TE1
WAS,11,00-0039910,QB1
WAS,11,00-0040242,RB1
WAS,11,00-0038611,RB2
WAS,11,00-0035659,WR1
WAS,11,00-0035719,WR2
WAS,11,00-0037742,WR3
WAS,11,00-0030061,TE1
WAS,14,00-0039910,QB1
WAS,14,00-0038611,RB1
WAS,14,00-0033955,RB2
WAS,14,00-0035719,WR2
WAS,14,00-0035659,WR1
WAS,14,00-0033591,WR3
WAS,14,00-0030061,TE1
WAS,15,00-0039910,QB1
WAS,15,00-0038611,RB1
WAS,15,00-0033955,RB2
WAS,15,00-0033591,WR3
WAS,15,00-0035719,WR2
WAS,15,00-0035659,WR1
WAS,15,00-0036628,TE1
WAS,18,00-0032268,QB1
WAS,18,00-0040242,RB2
WAS,18,00-0038611,RB1
WAS,18,00-0035719,WR2
WAS,18,00-0035659,WR1
WAS,18,00-0037742,WR3
WAS,18,00-0039912,TE1
