player,sleeper_id,pos,team,bye,proj_pts,vorp,vorp_flex,tier,cliff_flag,pos_rank,value_rank,ecr,adp,adp_delta,proj_source,avail_status,exp_games,rookie_flag,backs_up,starter_exp_games,starter_avail,wopr,tprr,yprr,hv_touches,routes_proxy,upside_flag,upside_why,alpha_used,proj_model_pts,proj_market_pts,proj_consensus_pts,market_source_used,role_share,backs_up_pos,starter_fragility,starter_fragility_label
Christian McCaffrey,4034,RB,SFO,8,352.2,218.4,204.0286296124985,1,true,1,1,9.24,6.6,5.6,blend,compromised,12.0,false,,,,0.405,0.234,1.68,50,true,true,RB receiving profile,0.65,386.5710999311556,288.4371136813612,273.88,ecr_curve,1.0,,,""
Ja'Marr Chase,7564,WR,CIN,6,312.4,188.1,164.23607911717187,1,true,1,2,1.55,3.9,1.9,blend,compromised,15.3,false,,,,0.737,0.285,2.17,8,true,false,,0.2,260.71364520060314,325.3611565103504,290.92,ecr_curve,1.0,,,""
Jahmyr Gibbs,9221,RB,DET,6,317.6,183.8,169.3791224892782,2,false,2,3,2.48,1.5,-1.5,blend,,15.3,false,,,,0.253,0.215,1.41,26,true,true,RB receiving profile,0.65,291.82354735516515,365.3982623989997,310.02,ecr_curve,1.0,,,""
Bijan Robinson,9509,RB,ATL,11,313.0,179.1,164.75754409440447,2,true,3,4,4.1,2.3,-1.7,blend,,16.0,false,,,,0.311,0.212,1.69,22,true,true,RB receiving profile,0.65,300.5528858292603,335.9821241046124,303.91,ecr_curve,1.0,,,""
Puka Nacua,9493,WR,LAR,11,292.7,168.4,144.54021938471072,2,true,2,5,3.19,3.0,-2.0,blend,compromised,13.7,false,,,,0.675,0.386,3.99,11,true,false,,0.2,288.2095843281569,293.86734706288553,292.24,ecr_curve,1.0,,,""
Jaxon Smith-Njigba,9488,WR,SEA,11,279.9,155.6,131.7298342982058,3,false,3,6,4.67,5.5,-0.5,blend,,16.0,false,,,,0.904,0.377,4.15,7,true,false,,0.2,290.6805633169656,277.23662095755213,265.98,ecr_curve,1.0,,,""
Jonathan Taylor,6813,RB,IND,13,286.2,152.4,137.994432530756,3,true,4,7,11.93,7.5,0.5,blend,,12.7,false,,,,0.157,0.104,0.72,42,true,false,,0.65,293.0305155740926,273.48620725378544,254.4,ecr_curve,1.0,,,""
Amon-Ra St. Brown,7547,WR,DET,6,271.2,146.8,123.00974429214386,4,true,4,8,5.42,6.5,-1.5,blend,,15.7,false,,,,0.746,0.309,2.51,21,true,false,,0.2,273.07516165356725,270.73785886582436,262.12,ecr_curve,1.0,,,""
De'Von Achane,9226,RB,MIA,6,261.8,127.9,113.57522458353304,4,true,5,9,20.99,10.4,1.4,blend,,13.7,false,,,,0.289,0.216,1.24,16,true,true,RB receiving profile,0.65,273.2636343869067,240.42696389506503,242.26,ecr_curve,1.0,,,""
CeeDee Lamb,6786,WR,DAL,14,241.3,116.9,93.06319484891847,5,false,5,10,9.0,10.6,0.6,blend,,14.0,false,,,,0.611,0.258,2.37,7,true,false,,0.2,211.85540565561305,248.60961106128116,252.71,ecr_curve,1.0,,,""
Justin Jefferson,6794,WR,MIN,6,238.1,113.8,89.95353295310045,5,false,6,11,9.36,11.8,0.8,blend,,13.7,false,,,,0.741,0.246,1.83,11,true,false,,0.2,203.1525817806236,246.898239660256,235.67,ecr_curve,1.0,,,""
Chase Brown,9224,RB,CIN,6,247.1,113.3,98.94462422928109,5,false,6,12,17.86,13.1,1.1,blend,,13.3,false,,,,0.224,0.181,0.9,26,true,true,RB receiving profile,0.65,245.66718911034502,249.87578982510257,240.19,ecr_curve,1.0,,,""
Drake London,8112,WR,ATL,11,233.7,109.3,85.50298341960021,5,false,7,13,12.91,11.0,-2.0,blend,,14.0,false,,,,0.727,0.279,2.29,9,true,false,,0.2,237.0235771875954,232.86730389163773,233.6,ecr_curve,1.0,,,""
James Cook III,8138,RB,BUF,7,242.2,108.4,94.05166767033,5,true,7,14,15.97,12.6,-1.4,blend,,15.7,false,,,,0.127,0.112,0.82,27,true,false,,0.65,234.61545597941483,256.4205611855412,243.58,ecr_curve,1.0,,,""
A.J. Brown,5859,WR,NEP,11,225.1,100.8,76.9262687487061,6,false,8,15,14.25,17.6,2.6,blend,,14.0,false,,,,0.678,0.248,2.06,5,true,false,,0.2,211.3764035704582,228.55820395730439,230.78,ecr_curve,1.0,,,""
Trey McBride,8130,TE,ARI,14,248.0,99.8,99.77987125737127,1,true,1,16,21.0,29.1,13.1,blend,,15.7,false,,,,0.59,0.235,1.72,12,true,false,,0.65,253.36868956533894,237.9594233460858,219.2,ecr_curve,1.0,,,""
Nico Collins,7569,WR,HOU,8,221.8,97.4,73.59272468524574,6,false,9,17,16.0,20.9,3.9,blend,,13.0,false,,,,0.609,0.257,2.39,11,true,false,,0.2,214.92567988386983,223.50395479962606,244.71,ecr_curve,1.0,,,""
Chris Olave,8144,WR,NOS,8,221.2,96.8,72.99624253147945,6,false,10,18,17.99,19.0,1.0,blend,,12.3,false,,,,0.725,0.279,2.08,4,true,false,,0.2,232.4038346204506,218.388813423273,220.14,ecr_curve,1.0,,,""
Saquon Barkley,4866,RB,PHI,10,227.1,93.3,78.92478976353041,6,false,8,19,24.35,19.1,0.1,blend,,14.3,false,,,,0.176,0.112,0.61,29,true,false,,0.65,224.63361108012282,231.7386219790847,230.31,ecr_curve,1.0,,,""
George Pickens,8137,WR,DAL,14,215.7,91.3,67.47650712388713,6,false,11,20,20.43,20.8,0.8,blend,,15.0,false,,,,0.563,0.228,2.38,11,true,false,,0.2,227.00429735646776,212.8390284797783,229.36,ecr_curve,1.0,CeeDee Lamb,0.32,low
Derrick Henry,3198,RB,BAL,13,223.2,89.4,75.0433517320709,6,false,9,21,37.72,16.9,-4.1,blend,,16.0,false,,,,0.075,0.072,0.51,40,true,false,,0.65,232.4514733337203,206.1299119896622,230.49,ecr_curve,1.0,,,""
Rashee Rice,10229,WR,KCC,5,213.5,89.1,65.28379337396086,6,false,12,22,24.68,15.3,-6.7,blend,,12.0,false,,,,0.531,0.286,2.09,18,true,false,,0.2,249.02636141893822,204.59262027675285,213.93,ecr_curve,1.0,,,""
Omarion Hampton,12507,RB,LAC,7,221.2,87.3,72.96680442469412,6,false,10,23,25.57,22.8,-0.2,blend,,12.0,false,,,,0.156,0.145,0.79,16,true,false,,0.55,214.84956411719395,228.8780428699256,228.61,ecr_curve,1.0,,,""
Kyren Williams,8150,RB,LAR,11,218.1,84.3,69.9100930776803,6,false,11,24,41.52,31.7,7.7,blend,,14.0,false,,,,0.136,0.11,0.62,33,true,false,,0.65,227.5783438618796,200.51355628196472,195.76,ecr_curve,1.0,,,""
Ashton Jeanty,12527,RB,LVR,13,215.2,81.4,67.0484446382273,6,false,12,25,26.37,19.0,-6.0,blend,compromised,16.0,false,,,,0.181,0.149,0.7,20,true,false,,0.65,208.873265205219,227.07542110304001,220.14,ecr_curve,1.0,,,""
Javonte Williams,7588,RB,DAL,14,214.1,80.2,65.85870629460044,6,false,13,26,44.62,37.1,11.1,blend,,15.3,false,,,,0.119,0.107,0.29,33,true,false,,0.65,223.61416337454665,196.3002149496405,199.53,ecr_curve,1.0,,,""
Malik Nabers,11632,WR,NYG,8,203.4,79.1,55.22468366713886,7,false,13,27,24.54,27.0,0.0,blend,compromised,12.0,false,,,,0.713,0.279,2.16,3,true,false,,0.2,197.73791092376777,204.84084576701795,220.89,ecr_curve,1.0,,,""
Garrett Wilson,8146,WR,NYJ,13,201.5,77.1,53.276478013832616,7,false,14,28,29.62,26.2,-1.8,blend,,12.7,false,,,,0.925,0.254,1.7,2,true,false,,0.2,220.83530692928792,196.63123969900514,211.67,ecr_curve,1.0,,,""
DeVonta Smith,7525,WR,PHI,10,200.5,76.1,52.307917890576846,7,false,15,29,24.04,29.8,0.8,blend,,14.3,false,,,,0.594,0.22,1.96,4,true,false,,0.2,179.56116987259384,205.73907380910896,215.72,ecr_curve,1.0,,,""
Zay Flowers,9997,WR,BAL,13,199.1,74.7,50.886304001442426,7,false,16,30,30.3,26.5,-3.5,blend,compromised,15.7,false,,,,0.701,0.255,2.62,6,true,false,,0.2,212.84607245126475,195.64083080302316,214.78,ecr_curve,1.0,,,""
Brock Bowers,11604,TE,LVR,13,221.3,73.1,73.06572020088157,2,true,2,31,19.03,35.2,4.2,blend,,13.5,false,,,,0.526,0.223,1.76,10,true,false,,0.65,209.41429439865303,243.26286849424628,236.71,ecr_curve,1.0,,,""
Cam Skattebo,12481,RB,NYG,8,205.5,71.6,57.27148444570088,7,false,14,32,57.42,38.9,6.9,blend,,12.0,false,,,,0.189,0.187,1.21,14,true,true,RB receiving profile,0.55,225.04159491287766,181.54262749966054,189.36,ecr_curve,1.0,,,""
Travis Etienne Jr.,7543,RB,NOS,8,204.0,70.2,55.82867005180998,7,false,15,33,47.64,37.0,4.0,blend,,15.3,false,,,,0.135,0.125,0.7,32,true,false,,0.4,221.3583620122751,192.4681672968817,193.6,ecr_curve,1.0,,,""
Jeremiyah Love,13287,RB,ARI,14,200.6,66.8,52.43083168015829,7,false,16,34,41.44,27.1,-6.9,market_implied,compromised,16.0,true,,,,,,,,,true,rookie w/ market-backed capital,0.0,,200.62640681138737,199.34,ecr_curve,1.0,,,""
Tetairoa McMillan,12526,WR,CAR,5,190.8,66.4,42.57454615173603,8,false,17,35,35.61,30.9,-4.1,blend,,16.0,false,,,,0.708,0.225,1.87,6,true,false,,0.2,199.47138817350367,188.59480456033046,208.0,ecr_curve,1.0,,,""
Jaylen Waddle,7526,WR,DEN,10,189.4,65.0,41.193384266654846,8,false,18,36,34.78,45.5,9.5,blend,,14.0,false,,,,0.648,0.245,2.23,5,true,false,,0.2,188.4492881493266,189.62387721002327,208.0,ecr_curve,1.0,,,""
Kenneth Walker III,8151,RB,KCC,5,198.2,64.3,49.96985613754293,7,false,17,37,26.05,21.2,-15.8,blend,compromised,13.3,false,,,,0.109,0.139,1.09,11,true,false,,0.4,153.72884865601054,227.7898196772797,229.65,ecr_curve,1.0,,,""
D'Andre Swift,6790,RB,CHI,10,198.1,64.3,49.90340920057466,7,false,18,38,54.7,45.3,7.3,blend,,15.3,false,,,,0.135,0.132,0.82,24,true,false,,0.65,205.48494408121888,184.38220194003276,195.76,ecr_curve,1.0,,,""
Tee Higgins,6801,WR,CIN,6,188.1,63.7,39.91726765108149,8,false,19,39,36.89,37.1,-1.9,blend,,12.0,false,,,,0.505,0.193,1.67,8,true,false,,0.2,192.3486157884642,187.05389953077216,209.32,ecr_curve,1.0,Ja'Marr Chase,0.32,low
Davante Adams,2133,WR,LAR,11,186.9,62.6,38.742965016263696,8,false,20,40,50.13,42.4,2.4,blend,,14.0,false,,,,0.627,0.304,2.1,23,true,false,,0.2,240.00411245106147,173.6721470716006,179.29,ecr_curve,1.0,Puka Nacua,0.33,low
Ladd McConkey,11635,WR,LAC,7,185.1,60.7,36.87864681875513,8,false,21,41,34.85,38.0,-3.0,blend,compromised,15.0,false,,,,0.499,0.201,1.49,6,true,false,,0.2,167.2265309629063,189.5361446967537,214.78,ecr_curve,1.0,,,""
Emeka Egbuka,12514,WR,TBB,10,182.1,57.7,33.85811754543667,8,false,22,42,40.83,34.8,-7.2,blend,compromised,16.0,false,,,,0.601,0.237,1.75,6,true,false,,0.2,179.76433722579168,182.62603153938423,210.82,ecr_curve,1.0,,,""
Breece Hall,8155,RB,NYJ,13,188.7,54.8,40.47468601424458,8,false,19,43,39.93,33.7,-9.3,blend,compromised,15.3,false,,,,0.154,0.123,0.9,13,true,false,,0.65,181.0628387761919,202.798331259854,198.59,ecr_curve,1.0,,,""
Josh Allen,4984,QB,BUF,7,320.7,52.9,52.944717387111666,1,false,1,44,25.84,34.1,-9.9,blend,,15.3,false,,,,0.0,0.0,0.0,22,true,false,,0.65,323.911306109076,314.7886432500217,336.47,ecr_curve,1.0,,,""
Jaylen Warren,8228,RB,PIT,9,186.1,52.2,37.87413572149683,8,false,20,45,77.34,60.8,15.8,blend,,15.0,false,,,,0.112,0.151,1.12,26,true,true,RB receiving profile,0.65,197.89073912400448,164.11637263463712,160.56,ecr_curve,1.0,,,""
Terry McLaurin,5927,WR,WAS,7,175.9,51.5,27.714958811126735,8,false,23,46,47.16,47.7,1.7,blend,,13.7,false,,,,0.608,0.239,2.32,3,true,false,,0.2,174.20445511874,176.33705364825977,201.22,ecr_curve,1.0,,,""
Rhamondre Stevenson,7611,RB,NEP,11,185.3,51.5,37.11757941078673,8,false,21,47,77.27,62.6,15.6,blend,,12.7,false,,,,0.181,0.115,1.07,18,true,false,,0.65,196.6982766254912,164.16935638699005,159.06,ecr_curve,1.0,,,""
Jameson Williams,8148,WR,DET,6,171.8,47.4,23.60124235913969,8,false,24,48,54.74,44.9,-3.1,blend,,13.7,false,,,,0.503,0.173,1.9,5,true,false,,0.2,179.65044921058333,169.83340956031512,194.07,ecr_curve,1.0,Amon-Ra St. Brown,0.35,low
Rome Odunze,11620,WR,CHI,10,171.1,46.7,22.892315548041466,8,false,25,49,57.49,53.8,4.8,blend,,13.5,false,,,,0.602,0.209,1.53,6,true,false,,0.2,184.66100089044227,167.69461312647758,195.67,ecr_curve,1.0,,,""
Christian Watson,8167,WR,GBP,11,170.5,46.2,22.333303658084816,8,false,26,50,57.65,59.1,9.1,blend,,12.0,false,,,,0.548,0.236,2.62,4,true,false,,0.2,182.35102081418847,167.57334328309526,195.39,ecr_curve,1.0,,,""
Mike Evans,2216,WR,SFO,8,169.6,45.2,21.40484157207908,8,false,27,51,56.16,55.2,4.2,blend,,12.0,false,,,,0.609,0.287,1.7,5,true,false,,0.2,173.13836069221793,168.7159307060807,207.25,ecr_curve,1.0,,,""
TreVeyon Henderson,12529,RB,NEP,11,179.0,45.2,30.84934414044315,8,false,22,52,70.96,64.1,12.1,blend,compromised,16.0,false,Rhamondre Stevenson,12.666666666666666,,0.126,0.139,0.73,24,true,true,contingent volume,0.65,184.37077479235032,169.15404473327007,160.94,ecr_curve,1.0,Rhamondre Stevenson,0.69,moderate
Quinshon Judkins,12512,RB,CLE,11,178.9,45.0,30.661214531551394,8,false,23,53,62.03,50.5,-2.5,blend,,13.0,false,,,,0.119,0.128,0.61,19,true,false,,0.65,179.84371121776587,177.023935346379,184.47,ecr_curve,1.0,,,""
Bucky Irving,11584,RB,TBB,10,178.7,44.9,30.54477434927702,8,false,24,54,58.68,45.1,-8.9,blend,,12.5,false,,,,0.146,0.137,1.09,7,true,false,,0.55,177.4867485255724,180.2725284254251,185.69,ecr_curve,1.0,,,""
DJ Moore,4983,WR,BUF,7,166.9,42.5,18.718718357904322,8,false,28,55,52.06,48.2,-6.8,blend,,16.0,false,,,,0.381,0.148,1.19,7,true,false,,0.2,146.47642949165333,172.02375948850343,168.47,ecr_curve,1.0,,,""
Parker Washington,9487,WR,JAC,7,165.4,41.1,17.24845485482024,8,false,29,56,63.29,64.1,8.1,blend,,12.0,false,,,,0.469,0.235,2.1,7,true,false,,0.2,173.21760041474909,163.50063737887433,198.02,ecr_curve,1.0,,,""
Luther Burden III,12519,WR,CHI,10,163.9,39.5,15.70717230321776,8,false,30,57,46.99,55.6,-1.4,blend,compromised,14.0,false,,,,0.271,0.254,2.76,0,true,false,,0.2,113.53522180591546,176.49462884157967,196.71,ecr_curve,1.0,Rome Odunze,0.32,low
RJ Harvey,12489,RB,DEN,10,172.6,38.8,24.431305824749927,8,false,25,58,97.46,93.4,35.4,blend,,16.0,false,,,,0.146,0.192,1.18,21,true,true,RB receiving profile,0.65,184.49484731916442,150.58637199577754,135.62,ecr_curve,1.0,,,""
Drake Maye,11564,QB,NEP,11,304.9,37.2,37.16236406487866,1,false,2,59,37.67,51.5,-7.5,blend,,13.5,false,,,,0.001,0.002,0.0,15,true,false,,0.65,307.3719665014162,300.4121216007242,300.01,ecr_curve,1.0,,,""
DK Metcalf,5846,WR,PIT,9,161.0,36.6,12.779086651768864,8,false,31,60,78.91,65.1,5.1,blend,compromised,14.3,false,,,,0.596,0.21,1.8,8,true,false,,0.2,189.3703521655308,153.8757391873647,172.52,ecr_curve,1.0,,,""
Wan'Dale Robinson,8126,WR,TEN,9,160.7,36.3,12.464699544375378,8,false,32,61,85.58,86.4,25.4,blend,,15.0,false,,,,0.653,0.248,1.79,6,true,false,,0.2,201.961026961451,150.3350866041428,160.66,ecr_curve,1.0,,,""
Marvin Harrison Jr.,11628,WR,ARI,14,160.6,36.2,12.368865779803059,8,false,33,62,68.6,64.6,2.6,blend,,13.5,false,,,,0.502,0.185,1.54,6,true,false,,0.2,162.88130371175907,159.9852252108504,175.25,ecr_curve,1.0,,,""
David Montgomery,5892,RB,HOU,8,169.7,35.9,21.500620270027923,8,false,26,63,61.35,57.8,-5.2,blend,,14.0,false,,,,0.083,0.12,0.79,25,true,false,,0.4,157.73710541685026,177.66892205752816,193.98,ecr_curve,1.0,,,""
Carnell Tate,13279,WR,TEN,9,160.2,35.8,12.00005955511918,8,false,34,64,68.27,79.8,15.8,market_implied,,16.0,true,,,,,,,,,true,rookie w/ market-backed capital,0.0,,160.19563468634826,166.87,ecr_curve,1.0,Wan'Dale Robinson,0.32,low
Courtland Sutton,5045,WR,DEN,10,159.0,34.6,10.769153786400437,8,false,35,65,83.3,60.6,-4.4,blend,,15.3,false,,,,0.557,0.203,1.66,8,true,false,,0.2,188.7702510068097,151.51334839533448,164.05,ecr_curve,1.0,Jaylen Waddle,0.31,low
Jadarian Price,13286,RB,SEA,11,167.3,33.5,19.123954829771606,8,false,27,66,73.22,73.9,7.9,market_implied,,16.0,true,,,,,,,,,true,rookie w/ market-backed capital,0.0,,167.31952996100068,160.0,ecr_curve,1.0,,,""
Michael Pittman Jr.,6819,WR,PIT,9,156.9,32.5,8.681062600759361,8,false,36,67,80.44,75.4,8.4,blend,compromised,15.3,false,,,,0.457,0.202,1.43,10,true,false,,0.2,172.23198084649243,153.03780195336245,160.85,ecr_curve,1.0,DK Metcalf,0.32,low
Tyler Warren,12518,TE,IND,13,180.2,32.0,32.04289850710347,3,false,3,68,53.13,65.4,-2.6,blend,,16.0,false,,,,0.425,0.208,1.52,17,true,false,,0.65,176.06722222708095,187.9850834020855,189.27,ecr_curve,1.0,,,""
Rico Dowdle,7021,RB,PIT,9,165.3,31.4,17.073226928652446,8,false,28,69,88.82,74.9,5.9,blend,,15.3,false,Jaylen Warren,15.0,,0.143,0.144,0.86,15,true,true,contingent volume,0.4,179.14479060412253,156.01814303038753,151.62,ecr_curve,1.0,Jaylen Warren,0.75,high
Michael Wilson,10232,WR,ARI,14,155.2,30.9,7.036128881977561,8,false,37,70,88.37,75.6,5.6,blend,,14.3,false,,,,0.507,0.196,1.56,5,true,false,,0.2,180.4175000745043,148.93525499788223,156.24,ecr_curve,1.0,Marvin Harrison Jr.,0.32,low
Kyle Pitts Sr.,7553,TE,ATL,11,178.9,30.7,30.71902763579348,3,false,4,71,78.91,76.0,5.0,blend,,16.0,false,,,,0.492,0.217,1.71,7,true,false,,0.65,185.49804031128542,166.68821875624866,161.51,ecr_curve,1.0,,,""
Brian Thomas Jr.,11631,WR,JAC,7,154.2,29.8,5.9991535021977995,8,false,38,72,80.0,73.0,1.0,blend,,14.5,false,,,,0.511,0.204,1.59,6,true,false,,0.2,157.86510929012923,153.27713346925128,183.91,ecr_curve,1.0,Parker Washington,0.32,low
Quentin Johnston,9754,WR,LAC,7,152.8,28.5,4.644332098686135,8,false,39,73,95.75,97.6,24.6,blend,,14.0,false,,,,0.496,0.184,1.61,7,true,false,,0.2,182.45783514420546,145.43542525134265,154.26,ecr_curve,1.0,Ladd McConkey,0.32,low
Chris Godwin Jr.,4037,WR,TBB,10,152.4,28.1,4.246560062982837,8,false,40,74,76.5,79.6,5.6,blend,,12.0,false,,,,0.379,0.197,1.39,6,true,false,,0.2,141.2940505868709,155.22915634604718,163.39,ecr_curve,1.0,Emeka Egbuka,0.32,low
George Kittle,4217,TE,SFO,8,174.8,26.6,26.56158182798083,3,false,5,75,98.93,105.4,30.4,blend,compromised,13.0,false,,,,0.451,0.211,1.92,5,true,false,,0.55,191.31893043359793,154.5149893794023,159.34,ecr_curve,1.0,,,""
Stefon Diggs,2449,WR,WAS,7,150.8,26.5,2.648229425776492,8,false,41,76,96.49,91.6,15.6,blend,compromised,13.0,false,,,,0.469,0.288,2.86,7,true,false,,0.2,173.8210420787449,145.09949517657074,148.05,ecr_curve,1.0,Terry McLaurin,0.31,low
Alec Pierce,8142,WR,IND,13,150.1,25.8,1.9246058701961033,8,false,42,77,100.32,69.8,-7.2,blend,compromised,15.0,false,,,,0.548,0.173,2.06,4,true,false,,0.2,176.9969191925901,143.40099645363395,167.44,ecr_curve,1.0,,,""
Bhayshul Tuten,12490,RB,JAC,7,159.0,25.2,10.804424868770923,8,false,29,78,67.19,52.4,-25.6,override,,14.0,false,,,,0.046,0.108,0.61,10,true,false,,0.65,97.37522565493492,172.34838020852519,164.52,ecr_curve,1.0,,,""
Ricky Pearsall,11638,WR,SF,,148.7,24.4,0.5472150436196443,8,false,43,79,,,,no_market,,12.0,false,,,,0.492,0.187,1.86,2,true,false,,1.0,148.74279017484872,,,ecr_curve,1.0,,,""
Jalen Hurts,6904,QB,PHI,10,291.7,23.9,23.92443259542108,1,false,3,80,56.5,77.8,-2.2,blend,,15.0,false,,,,0.0,0.0,0.0,15,true,false,,0.65,295.33111630615997,284.9510391934642,290.39,ecr_curve,1.0,,,""
Harold Fannin Jr.,12506,TE,CLE,11,171.9,23.7,23.742394860947883,3,false,6,81,73.44,77.7,-3.3,blend,,15.0,false,,,,0.458,0.218,1.49,5,true,false,,0.65,172.6821261254736,170.5559657446261,169.79,ecr_curve,1.0,,,""
Colston Loveland,12517,TE,CHI,10,171.6,23.4,23.430581388859764,3,false,7,82,37.44,56.5,-25.5,blend,,15.0,false,,,,0.363,0.199,1.73,8,true,false,,0.65,152.67087425675447,206.828823580567,202.73,ecr_curve,1.0,,,""
Jakobi Meyers,5947,WR,JAC,7,147.4,23.0,-0.8167303969538011,8,false,44,83,104.5,86.2,3.2,blend,,14.7,false,,,,0.541,0.21,1.59,7,true,false,,0.2,170.4152071231299,141.61975413706162,159.34,ecr_curve,1.0,Parker Washington,0.32,low
Houston Texans,HOU,DEF,HOU,8,135.0,22.0,22.0,1,false,1,84,152.91,98.1,14.1,market_implied,,16.0,false,,,,,,,,,false,,0.0,,135.0,,ecr_curve,1.0,,,""
Josh Downs,9500,WR,IND,13,146.1,21.7,-2.1428427212949828,8,false,45,85,87.25,88.9,3.9,blend,,14.7,false,,,,0.379,0.248,1.59,5,true,false,,0.2,132.29641883589142,149.49181080344476,162.16,ecr_curve,1.0,Alec Pierce,0.31,low
Trevor Lawrence,7523,QB,JAC,7,289.4,21.6,21.586834576488286,1,false,4,86,77.84,91.2,5.2,blend,,13.3,false,,,,0.0,0.0,0.0,15,true,false,,0.65,298.3151535261575,272.7304043022323,283.69,ecr_curve,1.0,,,""
Tony Pollard,5967,RB,TEN,9,155.3,21.5,7.141934915695856,8,false,30,87,84.99,69.5,-17.5,blend,,15.7,false,,,,0.114,0.096,0.48,12,true,false,,0.65,153.58224246637099,158.59729269652507,150.68,ecr_curve,1.0,,,""
Jonathon Brooks,11583,RB,CAR,5,154.7,20.9,6.506735734526046,8,false,31,88,90.84,92.5,4.5,market_implied,,16.0,true,,,,,,,,,true,rookie w/ market-backed capital,0.0,,154.70231086575512,145.79,ecr_curve,1.0,,,""
Denver Broncos,DEN,DEF,DEN,10,133.0,20.0,20.0,1,false,2,89,163.88,87.3,-1.7,market_implied,,16.0,false,,,,,,,,,false,,0.0,,133.0,,ecr_curve,1.0,,,""
Tucker Kraft,9484,TE,GBP,11,167.9,19.7,19.731969321369547,3,false,8,90,80.46,100.4,10.4,blend,,12.0,false,,,,0.351,0.18,2.0,3,true,false,,0.55,169.79840854496663,165.64093278414887,164.14,ecr_curve,1.0,,,""
Jordan Addison,9756,WR,MIN,6,143.7,19.3,-4.529316087973939,8,false,46,91,105.63,97.1,6.1,blend,,14.3,false,,,,0.504,0.181,1.4,5,true,false,,0.2,153.72949074852568,141.1504511169375,161.6,ecr_curve,1.0,Justin Jefferson,0.33,low
Patrick Mahomes II,4046,QB,KCC,5,286.7,18.9,18.902181366817047,1,false,5,92,101.49,102.3,10.3,blend,compromised,14.3,false,,,,0.002,0.002,-0.02,5,true,false,,0.65,299.6334692116632,262.6116660015181,267.93,ecr_curve,1.0,,,""
Aaron Jones Sr.,4199,RB,MIN,6,152.1,18.3,3.900720994937444,8,false,32,93,115.78,104.6,11.6,blend,,12.3,false,,,,0.203,0.184,0.89,6,true,true,RB receiving profile,0.65,158.33640495581352,140.50752258539347,129.04,ecr_curve,1.0,,,""
Seattle Seahawks,SEA,DEF,SEA,11,131.0,18.0,18.0,1,false,3,94,167.85,82.1,-11.9,market_implied,,16.0,false,,,,,,,,,false,,0.0,,131.0,,ecr_curve,1.0,,,""
Dallas Goedert,5022,TE,PHI,10,165.8,17.6,17.621385112170657,3,false,9,95,117.24,102.0,7.0,blend,,12.0,false,,,,0.418,0.18,1.3,9,true,false,,0.65,176.82547913097608,145.3725680236151,128.0,ecr_curve,1.0,,,""
J.K. Dobbins,6806,RB,DEN,10,151.2,17.4,3.0519842628398806,8,false,33,96,100.48,86.9,-9.1,blend,,12.0,false,RJ Harvey,16.0,,0.061,0.066,0.17,11,true,true,contingent volume,0.55,153.24949359407793,148.80075092739133,150.78,ecr_curve,1.0,RJ Harvey,0.71,moderate
Caleb Williams,11560,QB,CHI,10,284.9,17.1,17.098841128202537,1,false,6,97,67.1,90.5,-6.5,blend,,16.0,false,,,,0.005,0.003,0.03,8,true,false,,0.65,288.3613990251214,278.3931099519114,279.85,ecr_curve,1.0,,,""
Travis Kelce,1466,TE,KCC,5,165.0,16.8,16.79857022139933,3,false,10,98,98.53,103.3,5.3,blend,,15.0,false,,,,0.427,0.182,1.44,9,true,false,,0.65,170.51931520725768,154.7331156226026,161.32,ecr_curve,1.0,,,""
Brandon Aubrey,11533,K,DAL,14,150.0,16.5,16.5,1,false,1,99,185.31,127.5,28.5,market_implied,,12.0,false,,,,0.0,,,0,true,false,,0.0,,150.0,,ecr_curve,1.0,,,""
Los Angeles Rams,LAR,DEF,LAR,11,129.0,16.0,16.0,1,false,4,100,167.92,109.1,9.1,market_implied,,16.0,false,,,,,,,,,false,,0.0,,129.0,,ecr_curve,1.0,,,""
Makai Lemon,13294,WR,PHI,10,139.5,15.1,-8.6948065415759,8,false,47,101,109.7,118.7,17.7,market_implied,,16.0,true,,,,,,,,,true,rookie w/ market-backed capital,0.0,,139.50076858965318,158.59,ecr_curve,1.0,DeVonta Smith,0.31,low
Ka'imi Fairbairn,3451,K,HOU,8,148.5,15.0,15.0,1,false,2,102,191.8,136.1,34.1,market_implied,,16.0,false,,,,,,,,,false,,0.0,,148.5,,ecr_curve,1.0,,,""
Romeo Doubs,8121,WR,NEP,11,138.6,14.3,-9.562648305748212,8,false,48,103,127.35,113.0,10.0,blend,,14.3,false,,,,0.479,0.195,1.66,9,true,false,,0.2,161.2007818992388,132.9909630570414,151.72,ecr_curve,1.0,A.J. Brown,0.31,low
Philadelphia Eagles,PHI,DEF,PHI,10,127.0,14.0,14.0,1,false,5,104,174.88,139.2,35.2,market_implied,,16.0,false,,,,,,,,,false,,0.0,,127.0,,ecr_curve,1.0,,,""
Deebo Samuel Sr.,5872,WR,SFO,8,138.1,13.7,-10.095074541353938,8,false,49,105,138.51,106.0,1.0,blend,,14.0,false,,,,0.475,0.239,1.76,10,true,false,,0.2,173.20038166064703,129.32553032218217,146.54,ecr_curve,1.0,Mike Evans,0.31,low
Justin Herbert,6797,QB,LAC,7,281.5,13.7,13.713886996447343,1,false,7,106,71.63,105.0,-1.0,blend,,14.3,false,,,,0.0,0.0,0.0,7,true,false,,0.65,284.4954547517415,275.9014232260308,276.22,ecr_curve,1.0,,,""
Cameron Dicker,8259,K,LAC,7,147.0,13.5,13.5,1,false,3,107,194.59,140.8,33.8,market_implied,,16.0,false,,,,,,,,,false,,0.0,,147.0,,ecr_curve,1.0,,,""
Khalil Shakir,8134,WR,BUF,7,136.9,12.6,-11.253797543828597,8,false,50,108,123.36,104.2,-3.8,blend,compromised,14.7,false,,,,0.377,0.269,2.03,6,true,false,,0.2,147.18910680175065,134.37994528381293,160.66,ecr_curve,1.0,DJ Moore,0.32,low
Sam LaPorta,10859,TE,DET,6,160.7,12.5,12.485458233314603,3,false,11,109,85.85,117.9,8.9,blend,compromised,13.0,false,,,,0.399,0.16,1.59,3,true,false,,0.55,159.4792009436656,162.149939656728,184.94,ecr_curve,1.0,,,""
Matthew Stafford,421,QB,LAR,11,280.2,12.5,12.471217259484945,1,false,8,110,104.33,76.4,-33.6,blend,,15.0,false,,,,0.0,0.0,0.0,4,true,false,,0.65,290.30647093567035,261.559051064556,259.97,ecr_curve,1.0,,,""
Cam Little,11786,K,JAC,7,145.5,12.0,12.0,1,false,4,111,198.87,152.7,41.7,market_implied,,16.0,false,,,,,,,,,false,,0.0,,145.5,,ecr_curve,1.0,,,""
Minnesota Vikings,MIN,DEF,MIN,6,125.0,12.0,12.0,1,false,6,112,185.95,111.2,-0.8,market_implied,,16.0,false,,,,,,,,,false,,0.0,,125.0,,ecr_curve,1.0,,,""
KC Concepcion,13298,WR,CLE,11,136.3,11.9,-11.914253707972762,8,false,51,113,118.1,121.4,8.4,market_implied,,16.0,true,,,,,,,,,false,,0.0,,136.28132142325632,147.2,ecr_curve,1.0,,,""
Lamar Jackson,4881,QB,BAL,13,278.5,10.8,10.758089213515916,1,false,9,114,32.06,56.7,-57.3,blend,,14.3,false,,,,0.0,0.0,0.0,5,true,false,,0.65,263.43832232745734,306.5623897770399,304.94,ecr_curve,1.0,,,""
Jason Myers,2747,K,SEA,11,144.0,10.5,10.5,1,false,5,115,200.11,136.4,21.4,market_implied,,16.0,false,,,,,,,,,false,,0.0,,144.0,,ecr_curve,1.0,,,""
Bo Nix,11563,QB,DEN,10,278.1,10.4,10.36869294519903,1,false,10,116,99.3,111.7,-4.3,blend,,16.0,false,,,,0.003,0.001,0.0,6,true,false,,0.65,286.05701813284725,263.44367965755345,276.44,ecr_curve,1.0,,,""
Pittsburgh Steelers,PIT,DEF,PIT,9,123.0,10.0,10.0,1,false,7,117,186.35,134.4,17.4,market_implied,,16.0,false,,,,,,,,,false,,0.0,,123.0,,ecr_curve,1.0,,,""
Tyrone Tracy Jr.,11655,RB,NYG,8,143.6,9.8,-4.572489713674173,8,false,34,118,162.2,156.3,38.3,blend,,15.0,false,Cam Skattebo,12.0,,0.163,0.151,0.9,7,true,true,contingent volume,0.65,155.92290930458807,120.78055534163616,104.75,ecr_curve,1.0,Cam Skattebo,0.66,moderate
Woody Marks,12474,RB,HOU,8,143.0,9.2,-5.214926749790095,8,false,35,119,137.25,139.5,20.5,blend,,15.0,false,David Montgomery,14.0,,0.115,0.105,0.61,18,true,true,contingent volume,0.65,149.67205619620609,130.5537481540144,78.87,ecr_curve,1.0,David Montgomery,0.74,moderate
Eddy Pineiro,5189,K,SFO,8,142.5,9.0,9.0,1,false,6,120,207.9,166.2,46.2,market_implied,,16.0,false,,,,,,,,,false,,0.0,,142.5,,ecr_curve,1.0,,,""
Kyle Monangai,12534,RB,CHI,10,142.7,8.9,-5.494684436271655,8,false,36,121,116.95,110.2,-10.8,blend,compromised,16.0,false,D'Andre Swift,15.333333333333334,,0.086,0.107,0.58,22,true,true,contingent volume,0.65,144.19872695630232,139.91919478103114,145.51,ecr_curve,1.0,D'Andre Swift,0.73,moderate
Jalen Coker,11646,WR,CAR,5,132.8,8.4,-15.414658871792597,8,false,52,122,124.68,122.3,0.3,blend,,12.0,false,,,,0.371,0.167,1.53,4,true,false,,0.2,128.24249801574513,133.91552082035932,156.14,ecr_curve,1.0,Tetairoa McMillan,0.32,low
Jayden Daniels,11566,QB,WAS,7,276.0,8.3,8.26740773888929,1,false,11,123,53.22,71.4,-51.6,blend,,12.0,false,,,,0.0,0.0,0.0,3,true,false,,0.55,266.88479788752113,287.2320569378846,288.68,ecr_curve,1.0,,,""
Brock Purdy,8183,QB,SFO,8,275.8,8.1,8.056413685372718,1,false,12,124,96.5,86.9,-37.1,blend,,12.3,false,,,,0.0,0.0,0.0,3,true,false,,0.55,285.071833086177,264.5345826872683,281.6,ecr_curve,1.0,,,""
New England Patriots,NE,DEF,NEP,11,121.0,8.0,8.0,1,false,8,125,186.74,131.9,6.9,market_implied,,16.0,false,,,,,,,,,false,,0.0,,121.0,,ecr_curve,1.0,,,""
Tyler Loop,12711,K,BAL,13,141.0,7.5,7.5,1,false,7,126,208.72,156.5,30.5,market_implied,,16.0,false,,,,,,,,,false,,0.0,,141.0,,ecr_curve,1.0,,,""
Jauan Jennings,7049,WR,MIN,6,131.7,7.4,-16.471739066904433,8,false,53,127,166.54,147.8,20.8,blend,,13.0,false,,,,0.478,0.192,1.37,11,true,false,,0.2,173.4830995515204,121.28402019252567,99.48,ecr_curve,1.0,Justin Jefferson,0.33,low
Xavier Worthy,11624,WR,KCC,5,131.4,7.0,-16.814166049353304,8,false,54,128,129.35,105.6,-22.4,blend,,14.0,false,,,,0.428,0.172,1.25,2,true,false,,0.2,127.66296009209572,132.3110213293208,152.0,ecr_curve,1.0,Rashee Rice,0.34,low
Dak Prescott,3294,QB,DAL,14,274.8,7.0,7.010481372000129,1,false,13,129,78.25,65.8,-63.2,blend,,13.0,false,,,,0.0,0.0,0.0,10,true,false,,0.65,275.9978833754146,272.5300397122172,282.24,ecr_curve,1.0,,,""
De'Zhaun Stribling,13417,WR,SFO,8,131.1,6.7,-17.085652109639653,8,false,55,130,132.96,131.1,1.1,market_implied,,16.0,true,,,,,,,,,false,,0.0,,131.10992302158942,120.85,ecr_curve,1.0,Mike Evans,0.31,low
Jayden Reed,10222,WR,GBP,11,131.0,6.6,-17.195575131229077,8,false,56,131,104.21,95.0,-36.0,override,,12.0,false,,,,0.344,0.233,2.2,0,true,false,,0.2,124.13797369061987,141.74101308584144,185.98,ecr_curve,1.0,Christian Watson,0.31,low
Evan McPherson,7839,K,CIN,6,139.5,6.0,6.0,1,false,8,132,215.94,168.3,36.3,market_implied,,16.0,false,,,,,,,,,false,,0.0,,139.5,,ecr_curve,1.0,,,""
Jacksonville Jaguars,JAX,DEF,JAC,7,119.0,6.0,6.0,1,false,9,133,189.41,156.8,23.8,market_implied,,16.0,false,,,,,,,,,false,,0.0,,119.0,,ecr_curve,1.0,,,""
Chuba Hubbard,7594,RB,CAR,5,139.4,5.6,-8.786139471682503,8,false,37,134,98.94,81.4,-52.6,blend,compromised,14.7,false,Jonathon Brooks,16.0,,0.108,0.154,0.88,12,true,true,contingent volume,0.65,133.86594507852914,149.70448959572178,139.2,ecr_curve,1.0,Jonathon Brooks,0.55,moderate
Jake Ferguson,8110,TE,DAL,14,153.1,4.9,4.863371647243554,3,false,12,135,118.47,132.8,-2.2,blend,,15.0,false,,,,0.31,0.209,1.23,14,true,false,,0.65,157.50032658779557,144.81066998973,150.4,ecr_curve,1.0,,,""
Cairo Santos,2020,K,CHI,10,138.0,4.5,4.5,1,false,9,136,216.34,168.7,32.7,market_implied,,16.0,false,,,,,,,,,false,,0.0,,138.0,,ecr_curve,1.0,,,""
Los Angeles Chargers,LAC,DEF,LAC,7,117.0,4.0,4.0,1,false,10,137,193.51,139.8,2.8,market_implied,,16.0,false,,,,,,,,,false,,0.0,,117.0,,ecr_curve,1.0,,,""
Rachaad White,8136,RB,WAS,7,137.4,3.6,-10.767329070759445,8,false,38,138,111.88,114.7,-23.3,blend,,15.3,false,,,,0.105,0.13,0.63,11,true,false,,0.4,129.80191291845983,142.5124681551428,120.56,ecr_curve,1.0,,,""
Tre Tucker,10213,WR,LVR,13,127.5,3.1,-20.701189714983684,8,false,57,139,162.97,132.2,-6.8,blend,,14.7,false,,,,0.469,0.153,1.16,5,true,false,,0.2,148.55372563758237,122.22955036091113,118.49,ecr_curve,1.0,,,""
Jake Bates,11539,K,DET,6,136.5,3.0,3.0,1,false,10,140,221.13,146.3,6.3,market_implied,,16.0,false,,,,,,,,,false,,0.0,,136.5,,ecr_curve,1.0,,,""
Rashid Shaheed,8676,WR,SEA,11,127.2,2.8,-20.983726644445937,8,false,58,141,148.75,128.8,-12.2,blend,,12.0,false,,,,0.4,0.25,1.87,2,true,false,,0.2,131.20592511669986,126.21332932930395,129.98,ecr_curve,1.0,Jaxon Smith-Njigba,0.32,low
Tyjae Spears,9508,RB,TEN,9,136.4,2.6,-11.747478770202406,8,false,39,142,139.37,129.6,-12.4,blend,,13.0,false,Tony Pollard,15.666666666666666,,0.15,0.206,1.09,8,true,true,contingent volume,0.65,140.1049211906963,129.65685024878303,107.86,ecr_curve,1.0,Tony Pollard,0.64,moderate
Baltimore Ravens,BAL,DEF,BAL,13,115.0,2.0,2.0,1,false,11,143,198.22,165.7,22.7,market_implied,,16.0,false,,,,,,,,,false,,0.0,,115.0,,ecr_curve,1.0,,,""
Andy Borregales,12713,K,NEP,11,135.0,1.5,1.5,1,false,11,144,223.39,168.5,24.5,market_implied,,16.0,false,,,,,,,,,false,,0.0,,135.0,,ecr_curve,1.0,,,""
Dalton Kincaid,10236,TE,BUF,7,149.7,1.5,1.4601127306399917,3,false,13,145,112.42,148.3,3.3,blend,,12.7,false,,,,0.369,0.291,3.4,5,true,false,,0.65,150.74493823338923,147.6327943147602,153.98,ecr_curve,1.0,,,""
Denzel Boston,13346,WR,CLE,11,125.7,1.3,-22.524475802159913,8,false,59,146,150.61,138.2,-7.8,market_implied,,16.0,true,,,,,,,,,false,,0.0,,125.67109932906916,126.78,ecr_curve,1.0,KC Concepcion,0.3,low
Jacory Croskey-Merritt,12533,RB,WAS,7,133.8,0.0,-14.3739395209397,8,false,40,147,113.67,114.5,-32.5,blend,,16.0,false,Rachaad White,15.333333333333334,,0.041,0.055,0.29,21,true,true,contingent volume,0.65,129.64205582594494,141.58371235264332,120.38,ecr_curve,1.0,Rachaad White,0.63,moderate
Keenan Allen,1479,WR,IND,13,124.4,0.0,-23.82625943239853,8,false,60,148,193.66,132.9,-15.1,blend,,14.0,false,,,,0.49,0.307,1.96,7,true,false,,0.2,163.0427140925828,114.70096610039249,100.52,ecr_curve,1.0,Alec Pierce,0.31,low
Chase McLaughlin,6650,K,TBB,10,133.5,0.0,0.0,1,false,12,149,227.08,152.7,3.7,market_implied,,16.0,false,,,,,,,,,false,,0.0,,133.5,,ecr_curve,1.0,,,""
Green Bay Packers,GB,DEF,GBP,11,113.0,0.0,0.0,1,false,12,150,204.15,156.9,6.9,market_implied,,16.0,false,,,,,,,,,false,,0.0,,113.0,,ecr_curve,1.0,,,""
Matthew Golden,12501,WR,GBP,11,124.0,-0.4,-24.195575131229077,8,false,61,151,128.79,107.8,-43.2,override,,13.0,false,,,,0.322,0.174,1.43,0,true,false,,0.2,91.7208498048116,132.50033944891499,160.0,ecr_curve,1.0,Christian Watson,0.31,low
Jerry Jeudy,6783,WR,CLE,11,123.9,-0.4,-24.262473827284964,8,false,62,152,167.97,127.2,-24.8,blend,,15.7,false,,,,0.555,0.185,1.05,3,true,false,,0.2,136.02169898119217,120.91095188463208,112.56,ecr_curve,1.0,KC Concepcion,0.3,low
Harrison Mevis,12015,K,LAR,11,132.0,-1.5,-1.5,1,false,13,153,227.34,147.8,-5.2,market_implied,,16.0,false,,,,,,,,,false,,0.0,,132.0,,ecr_curve,1.0,,,""
Chris Rodriguez Jr.,10219,RB,JAC,7,132.3,-1.5,-15.898270341638181,8,false,41,154,140.02,157.7,3.7,blend,,12.0,false,Bhayshul Tuten,14.0,,0.022,0.027,0.2,22,true,true,contingent volume,0.4,136.66637816645704,129.38458920501347,124.71,ecr_curve,1.0,Bhayshul Tuten,0.62,moderate
Hunter Henry,3214,TE,NEP,11,146.6,-1.6,-1.6432149998214527,3,false,14,155,164.67,156.5,1.5,blend,,14.3,false,,,,0.369,0.166,1.46,10,true,false,,0.65,157.03619265829113,127.08238543862393,144.47,ecr_curve,1.0,,,""
Dalton Schultz,5001,TE,HOU,8,146.4,-1.8,-1.7926547168865454,3,false,15,156,163.71,161.0,5.0,blend,,15.3,false,,,,0.393,0.213,1.56,7,true,false,,0.65,156.63678258189285,127.39717638889198,142.02,ecr_curve,1.0,,,""
Kansas City Chiefs,KC,DEF,KCC,5,111.0,-2.0,-2.0,1,false,13,157,209.54,,,market_implied,,16.0,false,,,,,,,,,false,,0.0,,111.0,,ecr_curve,1.0,,,""
Travis Hunter,12530,WR,JAC,7,121.6,-2.7,-26.557092636771614,8,false,63,158,189.75,163.8,5.8,blend,,12.0,false,,,,0.387,0.231,1.53,2,true,false,,0.2,145.82857142857145,115.59096026092897,90.92,ecr_curve,1.0,Parker Washington,0.32,low
Juwan Johnson,7002,TE,NOS,8,145.3,-2.9,-2.8876146611756326,3,false,16,159,134.2,149.5,-9.5,blend,,14.0,false,,,,0.374,0.19,1.66,1,true,false,,0.65,149.18998240547705,138.09849116140964,132.61,ecr_curve,1.0,,,""
Brandon McManus,1433,K,FA,,130.5,-3.0,-3.0,1,false,14,160,229.8,,,market_implied,,16.0,false,,,,,,,,,false,,0.0,,130.5,,ecr_curve,1.0,,,""
Bub Means,11748,WR,,0,121.2,-3.2,-27.031911275851627,8,false,64,161,,167.0,6.0,market_implied,,16.0,true,,,,,,,,,false,,0.0,,121.16366385537745,,ecr_curve,1.0,,,""
Troy Franklin,11627,WR,DEN,10,120.5,-3.9,-27.720007216305987,8,false,65,162,216.18,182.1,20.1,blend,,15.5,false,,,,0.469,0.248,1.69,11,true,false,,0.2,162.77438406133066,109.90086387832119,62.21,ecr_curve,1.0,Jaylen Waddle,0.31,low
Cleveland Browns,CLE,DEF,CLE,11,109.0,-4.0,-4.0,1,false,14,163,219.26,158.8,-4.2,market_implied,,16.0,false,,,,,,,,,false,,0.0,,109.0,,ecr_curve,1.0,,,""
Joe Burrow,6770,QB,CIN,6,263.7,-4.1,-4.121529229280043,1,false,14,164,45.81,57.6,-106.4,blend,,12.0,false,,,,0.0,0.0,0.0,1,true,false,,0.55,239.68076065210911,292.9504647407896,284.35,ecr_curve,1.0,,,""
Daniel Carlson,5095,K,NOS,8,129.0,-4.5,-4.5,1,false,15,165,236.8,,,market_implied,,16.0,false,,,,,,,,,false,,0.0,,129.0,,ecr_curve,1.0,,,""
Kayshon Boutte,9504,WR,HOU,8,119.4,-4.9,-28.758879865734386,8,false,66,166,179.43,162.8,-3.2,blend,,12.0,false,,,,0.33,0.126,1.5,2,true,false,,0.2,125.05910388613327,118.03109311033504,117.84,ecr_curve,1.0,Nico Collins,0.33,low
Jaxson Dart,12508,QB,NYG,8,262.7,-5.0,-5.0310130554005354,1,false,15,167,97.46,117.6,-49.4,blend,,13.0,false,,,,0.0,0.0,0.0,12,true,false,,0.65,261.98104926221697,264.15703327272513,277.21,ecr_curve,1.0,,,""
Adonai Mitchell,11625,WR,NYJ,13,119.0,-5.3,-29.17413257055432,8,false,67,168,166.84,166.5,-1.5,blend,,15.5,false,,,,0.442,0.245,1.5,2,true,false,,0.2,110.28525565830165,121.20548928626803,92.52,ecr_curve,1.0,Garrett Wilson,0.3,low
Jared Goff,3163,QB,DET,6,261.9,-5.9,-5.914352772692098,1,false,16,169,106.4,100.5,-68.5,blend,,16.0,false,,,,0.0,0.0,0.0,2,true,false,,0.65,262.42446026948437,260.8097279241098,263.02,ecr_curve,1.0,,,""
Spencer Shrader,12185,K,IND,13,127.5,-6.0,-6.0,1,false,16,170,241.67,,,market_implied,,16.0,false,,,,,,,,,false,,0.0,,127.5,,ecr_curve,1.0,,,""
Detroit Lions,DET,DEF,DET,6,107.0,-6.0,-6.0,1,false,15,171,220.32,127.2,-43.8,market_implied,,16.0,false,,,,,,,,,false,,0.0,,107.0,,ecr_curve,1.0,,,""
Ryan Flournoy,11783,WR,DAL,14,118.0,-6.4,-30.18193346546539,8,false,68,172,184.82,172.1,0.1,blend,,12.0,false,,,,0.276,0.189,1.6,5,true,false,,0.2,123.10966074084624,116.73963689699303,114.07,ecr_curve,1.0,CeeDee Lamb,0.32,low
Omar Cooper Jr.,13276,WR,NYJ,13,117.7,-6.7,-30.50120421727209,8,false,69,173,180.82,146.1,-26.9,market_implied,,16.0,true,,,,,,,,,false,,0.0,,117.69437091395699,119.62,ecr_curve,1.0,Garrett Wilson,0.3,low
Chris Boswell,1945,K,PIT,9,126.0,-7.5,-7.5,1,false,17,174,241.99,157.9,-16.1,market_implied,,16.0,false,,,,,,,,,false,,0.0,,126.0,,ecr_curve,1.0,,,""
Jalen McMillan,11618,WR,TBB,10,116.5,-7.9,-31.679099120752397,8,false,70,175,172.6,134.5,-40.5,blend,compromised,12.0,false,,,,0.262,0.18,2.13,0,true,false,,0.2,103.68448942102933,119.7244726578385,119.91,ecr_curve,1.0,Emeka Egbuka,0.32,low
Washington Commanders,WAS,DEF,WAS,7,105.0,-8.0,-8.0,1,false,16,176,220.83,197.1,21.1,market_implied,,16.0,false,,,,,,,,,false,,0.0,,105.0,,ecr_curve,1.0,,,""
Tyreek Hill,3321,WR,FA,,115.8,-8.6,-32.434802116681595,8,false,71,177,282.61,,,blend,,12.0,false,,,,0.688,0.331,3.02,2,true,false,,0.2,185.96886304124754,98.20875050787245,88.19,ecr_curve,1.0,,,""
Kyler Murray,5849,QB,MIN,6,259.0,-8.8,-8.79111408152454,1,false,17,178,112.82,134.4,-43.6,blend,,12.0,false,,,,0.0,0.0,0.0,2,true,false,,0.4,259.59359109182344,258.5751770050691,264.53,ecr_curve,1.0,,,""
Harrison Butker,4227,K,KCC,5,124.5,-9.0,-9.0,1,true,18,179,242.72,162.4,-16.6,market_implied,,16.0,false,,,,,,,,,false,,0.0,,124.5,,ecr_curve,1.0,,,""
Baker Mayfield,4892,QB,TBB,10,258.7,-9.0,-9.037273227004505,1,false,18,180,118.39,130.4,-49.6,blend,,16.0,false,,,,0.0,0.0,0.0,1,true,false,,0.65,259.8128754412471,256.73718416422935,256.83,ecr_curve,1.0,,,""
Malik Washington,11610,WR,MIA,6,114.7,-9.7,-33.542616104805006,8,false,72,181,190.64,147.8,-33.2,blend,,13.5,false,,,,0.29,0.204,1.0,8,true,false,,0.2,111.71768779393668,115.38677683454591,123.58,ecr_curve,1.0,,,""
Kenny Gainwell,7567,RB,TBB,10,124.0,-9.8,-24.195575131229077,8,false,42,182,100.1,91.2,-90.8,override,,15.3,false,Bucky Irving,12.5,,0.234,0.27,1.55,22,true,true,contingent volume,0.4,212.7324662753076,149.02245757333344,143.34,ecr_curve,1.0,Bucky Irving,0.6,moderate
Buffalo Bills,BUF,DEF,BUF,7,103.0,-10.0,-10.0,1,false,17,183,227.39,161.6,-21.4,market_implied,,16.0,false,,,,,,,,,false,,0.0,,103.0,,ecr_curve,1.0,,,""
Calvin Ridley,4981,WR,TEN,9,114.1,-10.2,-34.048840976056326,8,false,73,184,202.32,144.4,-39.6,blend,,12.7,false,,,,0.423,0.222,1.87,1,true,false,,0.2,119.56522169854622,112.79211226932938,72.75,ecr_curve,1.0,Wan'Dale Robinson,0.32,low
Daniel Jones,5870,QB,IND,13,257.2,-10.6,-10.570005082445277,1,false,19,185,147.99,159.4,-25.6,blend,,12.0,false,,,,0.0,0.0,0.0,10,true,false,,0.65,262.03786072667396,248.22583476146298,208.51,ecr_curve,1.0,,,""
Mark Andrews,5012,TE,BAL,13,137.5,-10.7,-10.71040468278207,3,false,17,186,131.7,128.3,-57.7,blend,,13.7,false,,,,0.37,0.211,1.27,12,true,false,,0.65,136.60977132719998,139.11091167362008,152.94,ecr_curve,1.0,,,""
Jonah Coleman,13345,RB,DEN,10,122.9,-10.9,-25.269401380232523,8,false,43,187,156.36,149.1,-37.9,market_implied,,16.0,true,RJ Harvey,16.0,,,,,,,true,contingent volume,0.0,,122.92617375099655,60.14,ecr_curve,0.33433598615916954,RJ Harvey,0.71,moderate
Pat Bryant,12492,WR,DEN,10,113.5,-10.9,-34.72997285417554,8,false,74,188,190.7,151.7,-36.3,blend,,12.0,false,,,,0.301,0.165,1.27,4,true,false,,0.2,105.83582747851503,115.37304597668816,90.73,ecr_curve,1.0,Jaylen Waddle,0.31,low
Blake Corum,11586,RB,LAR,11,122.6,-11.2,-25.6213349576945,8,false,44,189,112.07,122.5,-66.5,blend,,14.5,false,Kyren Williams,14.0,,0.035,0.071,0.18,16,true,true,contingent volume,0.65,111.89173256449243,142.4131828760414,127.34,ecr_curve,1.0,Kyren Williams,0.8,high
Jalen Nailor,8180,WR,LVR,13,113.1,-11.3,-35.115319586763405,8,false,75,190,190.27,154.0,-36.0,blend,,12.0,false,,,,0.295,0.133,1.12,7,true,false,,0.2,103.51509344252793,115.47154606995011,122.92,ecr_curve,1.0,Tre Tucker,0.31,low
Dontayvion Wicks,9486,WR,PHI,10,112.8,-11.6,-35.44093039485065,8,false,76,191,186.73,168.0,-23.0,blend,,14.0,false,,,,0.31,0.202,1.46,1,true,false,,0.2,98.6091564070714,116.29101681870517,66.26,ecr_curve,1.0,DeVonta Smith,0.31,low
Joey Slye,6528,K,TEN,9,121.5,-12.0,-12.0,2,true,20,192,243.5,153.0,-39.0,market_implied,,16.0,false,,,,,,,,,false,,0.0,,121.5,,ecr_curve,1.0,,,""
Tennessee Titans,TEN,DEF,TEN,9,101.0,-12.0,-12.0,1,false,18,193,234.77,171.4,-21.6,market_implied,,16.0,false,,,,,,,,,false,,0.0,,101.0,,ecr_curve,1.0,,,""
Keon Coleman,11637,WR,BUF,7,111.8,-12.6,-36.42499416136252,8,false,77,194,246.9,152.0,-42.0,blend,compromised,12.0,false,,,,0.41,0.184,1.26,9,true,false,,0.2,142.44059774300592,104.1030767765817,80.75,ecr_curve,1.0,DJ Moore,0.32,low
Jordan Mason,8408,RB,MIN,6,121.0,-12.8,-27.16600196256553,8,false,45,195,115.68,115.9,-79.1,blend,,12.0,false,Aaron Jones Sr.,12.333333333333334,,0.042,0.064,0.2,9,true,true,contingent volume,0.65,110.51422199218956,140.5580824964009,144.66,ecr_curve,1.0,Aaron Jones Sr.,0.6,moderate
Caleb Douglas,13296,WR,MIA,6,110.9,-13.4,-37.26331079101445,8,false,78,196,211.13,165.3,-30.7,market_implied,,16.0,true,,,,,,,,,false,,0.0,,110.93226434021463,89.22,ecr_curve,1.0,Malik Washington,0.32,low
Tank Dell,9502,WR,HOU,8,110.9,-13.5,-37.32733170793534,8,false,79,197,211.44,158.4,-38.6,market_implied,compromised,16.0,true,,,,,,,,,false,,0.0,,110.86824342329373,48.85,ecr_curve,1.0,Nico Collins,0.33,low
Cooper Kupp,4039,WR,SEA,11,110.4,-14.0,-37.792165963434925,8,false,80,198,222.96,152.9,-45.1,blend,,12.3,false,,,,0.341,0.175,1.48,5,true,false,,0.2,117.80348127653349,108.5533911406093,81.32,ecr_curve,1.0,Jaxon Smith-Njigba,0.32,low
Dallas Cowboys,DAL,DEF,DAL,14,99.0,-14.0,-14.0,1,false,19,199,249.34,160.9,-38.1,market_implied,,16.0,false,,,,,,,,,false,,0.0,,99.0,,ecr_curve,1.0,,,""
Mike Washington Jr.,13305,RB,LVR,13,119.6,-14.2,-28.56170445325671,8,false,46,200,165.41,145.9,-54.1,market_implied,,16.0,true,Ashton Jeanty,16.0,compromised,,,,,,true,contingent volume,0.0,,119.63387067797237,91.76,ecr_curve,1.0,Ashton Jeanty,0.7,moderate
Brenton Strange,9480,TE,JAC,7,133.9,-14.3,-14.329898166484895,3,false,18,201,159.0,165.0,-36.0,blend,,12.0,false,,,,0.32,0.169,1.52,3,true,false,,0.65,136.5024232623654,128.96886241201906,151.53,ecr_curve,1.0,,,""
Jordan Love,6804,QB,GBP,11,252.5,-15.2,-15.231084998272308,1,false,20,202,118.95,145.9,-56.1,blend,,14.7,false,,,,0.0,0.0,0.0,3,true,false,,0.65,250.38084764344714,256.55720215652116,260.25,ecr_curve,1.0,,,""
Tre' Harris,12509,WR,LAC,7,108.9,-15.5,-39.30354818923806,8,false,83,203,181.2,167.9,-35.1,blend,,15.0,false,,,,0.199,0.123,0.93,1,true,false,,0.2,74.04906328583162,117.60276785603085,106.26,ecr_curve,1.0,Ladd McConkey,0.32,low
Cyrus Allen,13413,WR,KCC,5,108.7,-15.7,-39.52852721951612,8,false,84,204,222.38,147.9,-56.1,market_implied,,16.0,true,,,,,,,,,false,,0.0,,108.66704791171296,88.94,ecr_curve,1.0,Rashee Rice,0.34,low
Ja'Kobi Lane,13293,WR,BAL,13,108.6,-15.7,-39.5755935188416,8,false,85,205,222.62,156.8,-48.2,market_implied,,16.0,true,,,,,,,,,false,,0.0,,108.61998161238748,98.73,ecr_curve,1.0,Zay Flowers,0.32,low
Dean Connors,13315,RB,,11,117.9,-15.9,-30.30079066461394,8,false,47,206,,170.4,-35.6,market_implied,,16.0,true,,,,,,,,,false,,0.0,,117.89478446661514,7.91,ecr_curve,1.0,,,""
New York Giants,NYG,DEF,NYG,8,97.0,-16.0,-16.0,1,true,20,207,253.0,166.4,-40.6,market_implied,,16.0,false,,,,,,,,,false,,0.0,,97.0,,ecr_curve,1.0,,,""
Blake Grupe,11058,K,IND,13,117.0,-16.5,-16.5,3,false,23,208,253.43,163.0,-45.0,market_implied,,16.0,false,,,,,,,,,false,,0.0,,117.0,,ecr_curve,1.0,,,""
Calvin Austin III,8125,WR,PIT,,107.6,-16.8,-40.59739091780932,8,false,86,209,,,,no_market,,14.0,false,,,,0.375,0.203,1.37,1,true,false,,1.0,107.59818421341976,,,ecr_curve,1.0,DK Metcalf,0.32,low
Chimere Dike,12540,WR,TEN,9,107.3,-17.1,-40.87626008307883,8,false,87,210,244.36,145.1,-64.9,blend,,16.0,false,,,,0.313,0.181,1.03,7,true,false,,0.2,118.37940217646718,104.554293266071,84.14,ecr_curve,1.0,Wan'Dale Robinson,0.32,low
Braelon Allen,11576,RB,NYJ,13,116.4,-17.5,-31.83324360725132,8,false,48,211,175.43,156.8,-54.2,blend,,12.0,false,Breece Hall,15.333333333333334,compromised,0.048,,,6,true,true,contingent volume,0.55,116.50123980230595,116.19255473935442,49.13,ecr_curve,1.0,Breece Hall,0.65,moderate
Devaughn Vele,11834,WR,NOS,8,106.8,-17.5,-41.37154065771958,8,false,89,212,248.58,161.2,-50.8,blend,,12.0,false,,,,0.326,0.142,1.06,4,true,false,,0.2,118.89146153173164,103.80717770895396,104.09,ecr_curve,1.0,Chris Olave,0.31,low
Will Reichard,11792,K,MIN,6,115.5,-18.0,-18.0,3,false,24,213,253.6,161.3,-51.7,market_implied,,16.0,false,,,,,,,,,false,,0.0,,115.5,,ecr_curve,1.0,,,""
Jaylin Noel,12536,WR,HOU,8,106.1,-18.3,-42.092287986381706,8,false,93,214,200.36,165.7,-48.3,blend,,13.0,false,,,,0.158,0.192,1.6,3,true,false,,0.2,77.64888949434152,113.21688655747383,80.19,ecr_curve,1.0,Nico Collins,0.33,low
Darius Slayton,6149,WR,NYG,8,106.1,-18.3,-42.0979912905822,8,false,94,215,264.83,175.1,-39.9,blend,,14.7,false,,,,0.407,0.144,1.23,7,true,false,,0.2,126.31151436005482,101.04410121079488,71.81,ecr_curve,1.0,Malik Nabers,0.31,low
Malachi Fields,13285,WR,NYG,8,106.1,-18.3,-42.13527725797232,8,false,95,216,236.07,155.3,-60.7,market_implied,,16.0,true,,,,,,,,,false,,0.0,,106.06029787325676,99.01,ecr_curve,1.0,Malik Nabers,0.31,low
MarShawn Lloyd,11581,RB,GBP,11,115.0,-18.8,-33.19161135352164,8,false,49,217,179.03,150.4,-66.6,market_implied,,16.0,true,,,,,,,,,false,,0.0,,115.00396377770744,140.24,ecr_curve,1.0,,,""
Nick Folk,650,K,ATL,11,114.0,-19.5,-19.5,3,false,25,218,253.64,166.9,-51.1,market_implied,,16.0,false,,,,,,,,,false,,0.0,,114.0,,ecr_curve,1.0,,,""
Tyler Shough,12545,QB,NOS,8,247.9,-19.9,-19.88144159017665,1,false,21,219,124.28,135.6,-83.4,blend,,12.0,false,,,,0.0,0.0,0.0,11,true,false,,0.55,242.17053705159407,254.88537722831555,253.12,ecr_curve,1.0,,,""
Rashod Bateman,7571,WR,BAL,13,104.4,-19.9,-43.75465786275198,8,false,98,220,226.05,153.4,-66.6,blend,,13.7,false,,,,0.301,0.131,0.77,4,true,false,,0.2,90.39332649161709,107.95281496269209,96.28,ecr_curve,1.0,Zay Flowers,0.32,low
San Francisco 49ers,SF,DEF,SFO,8,93.0,-20.0,-20.0,2,false,22,221,257.6,136.4,-84.6,market_implied,,16.0,false,,,,,,,,,false,,0.0,,93.0,,ecr_curve,1.0,,,""
Jacoby Brissett,3257,QB,ARI,14,247.6,-20.1,-20.134599198109925,1,false,22,222,194.36,170.8,-51.2,blend,,12.0,false,,,,0.0,0.0,0.0,5,true,false,,0.65,252.92080300087906,237.8301016360402,150.59,ecr_curve,1.0,,,""
Trey Smack,13545,K,GBP,11,112.5,-21.0,-21.0,3,false,26,223,258.2,162.5,-60.5,market_implied,,16.0,false,,,,,,,,,false,,0.0,,112.5,,ecr_curve,1.0,,,""
Oronde Gadsden II,12493,TE,LAC,7,126.3,-21.9,-21.94213253801267,3,false,19,224,211.73,,,blend,,14.0,false,,,,0.333,0.175,1.68,5,true,false,,0.65,133.09430825834696,113.54897778654538,133.46,ecr_curve,1.0,,,""
Sterling Shepard,3200,WR,TB,,102.4,-22.0,-45.81533291306046,8,false,103,225,,,,no_market,,12.0,false,,,,0.284,0.177,1.24,3,true,false,,1.0,102.38024221816862,,0.56,ecr_curve,1.0,,,""
New York Jets,NYJ,DEF,NYJ,13,91.0,-22.0,-22.0,2,false,23,226,258.25,147.7,-78.3,market_implied,,16.0,false,,,,,,,,,false,,0.0,,91.0,,ecr_curve,1.0,,,""
Isaiah Likely,8131,TE,NYG,8,126.0,-22.2,-22.195575131229077,3,false,20,227,123.13,136.4,-90.6,override,,12.0,false,,,,0.288,0.14,1.2,2,true,false,,0.4,100.03633907642222,142.7335130107316,148.05,ecr_curve,1.0,,,""
Emmett Johnson,13337,RB,KCC,5,111.6,-22.2,-36.58820913382988,8,false,50,228,189.73,157.7,-70.3,market_implied,,16.0,true,Kenneth Walker III,13.333333333333334,compromised,,,,,,true,contingent volume,0.0,,111.6073659973992,61.36,ecr_curve,1.0,Kenneth Walker III,0.63,moderate
Wil Lutz,3678,K,DEN,10,111.0,-22.5,-22.5,3,true,27,229,264.96,159.6,-69.4,market_implied,,16.0,false,,,,,,,,,false,,0.0,,111.0,,ecr_curve,1.0,,,""
Darren Waller,2505,TE,CAR,5,125.6,-22.6,-22.628242295187988,3,false,21,230,267.85,,,blend,,12.0,false,,,,0.421,0.259,2.16,6,true,false,,0.4,162.58239741044696,100.89062311977051,115.39,ecr_curve,1.0,,,""
C.J. Stroud,9758,QB,HOU,8,244.9,-22.9,-22.873515493424463,1,false,23,231,145.31,157.4,-73.6,blend,,14.3,false,,,,0.0,0.0,0.0,3,true,false,,0.65,242.73406403947155,248.92285600632692,231.36,ecr_curve,1.0,,,""
Phil Mafah,12738,RB,DAL,14,110.7,-23.1,-37.44826356524544,8,false,51,232,327.23,,,blend,,12.0,false,Javonte Williams,15.333333333333334,,0.087,,,1,true,true,contingent volume,0.55,136.13803466770335,79.71420555277064,6.31,ecr_curve,1.0,Javonte Williams,0.8,high
Justice Hill,5995,RB,BAL,13,110.3,-23.5,-37.87416402938996,8,false,52,233,236.52,170.8,-62.2,blend,,12.3,false,Derrick Henry,16.0,,0.162,0.234,1.47,1,true,true,contingent volume,0.55,119.82222524815032,98.70930492301432,63.72,ecr_curve,1.0,Derrick Henry,0.85,high
New Orleans Saints,NO,DEF,NOS,8,89.0,-24.0,-24.0,2,false,24,234,260.49,175.7,-58.3,market_implied,,16.0,false,,,,,,,,,false,,0.0,,89.0,,ecr_curve,1.0,,,""
Dylan Sampson,12469,RB,CLE,11,109.1,-24.7,-39.10951787619115,8,false,53,235,148.86,160.4,-74.6,blend,,14.0,false,Quinshon Judkins,13.0,,0.115,0.258,1.75,3,true,true,contingent volume,0.65,100.08496786308334,125.80236612581075,83.48,ecr_curve,1.0,Quinshon Judkins,0.69,moderate
Jordyn Tyson,13281,WR,NOS,8,99.0,-25.4,-49.19557513122908,8,true,108,236,135.15,157.4,-78.6,override,compromised,16.0,true,,,,,,,,,false,,0.0,,130.39707074500265,104.47,ecr_curve,1.0,Chris Olave,0.31,low
Tyler Bass,7042,K,BUF,7,108.0,-25.5,-25.5,4,true,29,237,278.56,158.3,-78.7,market_implied,,16.0,false,,,,,,,,,false,,0.0,,108.0,,ecr_curve,1.0,,,""
Sam Darnold,4943,QB,SEA,11,242.0,-25.8,-25.81446450612259,1,false,24,238,139.95,145.1,-92.9,blend,,13.7,false,,,,0.0,0.0,0.0,4,true,false,,0.65,237.43766286696143,250.35631814756525,245.4,ecr_curve,1.0,,,""
Chig Okonkwo,8210,TE,WAS,7,122.3,-25.9,-25.894824368024246,3,false,22,239,160.38,163.1,-75.9,blend,,15.7,false,,,,0.286,0.183,1.3,3,true,false,,0.4,112.99648104053486,128.5035972449848,135.62,ecr_curve,1.0,,,""
Chicago Bears,CHI,DEF,CHI,10,87.0,-26.0,-26.0,2,true,25,240,263.0,169.1,-70.9,market_implied,,16.0,false,,,,,,,,,false,,0.0,,87.0,,ecr_curve,1.0,,,""
Bryce Young,9228,QB,CAR,5,241.6,-26.2,-26.20375817226983,1,false,25,241,172.12,162.6,-78.4,blend,,14.3,false,,,,0.0,0.0,0.0,5,true,false,,0.65,241.0879813696627,242.46488759641363,219.84,ecr_curve,1.0,,,""
AJ Barner,11603,TE,SEA,11,121.8,-26.4,-26.422901205900274,3,false,23,242,208.19,158.9,-83.1,blend,,14.5,false,,,,0.261,0.158,1.2,8,true,false,,0.65,125.71202143504519,114.45674283585555,134.02,ecr_curve,1.0,,,""
Keaton Mitchell,9511,RB,LAC,7,106.1,-27.7,-42.07614455270965,8,false,54,243,151.49,158.0,-85.0,blend,,12.0,false,Omarion Hampton,12.0,,0.057,0.173,0.91,2,true,true,contingent volume,0.4,78.13216467411263,124.77760784812398,91.2,ecr_curve,1.0,Omarion Hampton,0.67,moderate
Cade Otton,8111,TE,TBB,10,120.1,-28.1,-28.10489686903766,3,false,24,244,239.93,,,blend,,14.0,false,,,,0.342,0.135,0.95,3,true,false,,0.65,127.23793132484431,106.81720828869317,115.11,ecr_curve,1.0,,,""
Kareem Hunt,4098,RB,FA,,104.9,-28.9,-43.312345965807964,8,false,55,245,314.33,,,blend,,14.0,false,,,,0.066,0.072,0.41,22,true,false,,0.4,139.1066853611121,82.06759170162712,22.78,ecr_curve,1.0,,,""
T.J. Hockenson,5844,TE,MIN,6,118.5,-29.7,-29.657293988075367,3,false,25,246,190.29,163.7,-82.3,blend,,12.3,false,,,,0.311,0.157,1.04,3,true,false,,0.65,118.12975879455794,119.29696550483158,145.88,ecr_curve,1.0,,,""
Jake Elliott,4195,K,PHI,10,103.5,-30.0,-30.0,5,false,32,247,289.14,165.8,-81.2,market_implied,,16.0,false,,,,,,,,,false,,0.0,,103.5,,ecr_curve,1.0,,,""
Atlanta Falcons,ATL,DEF,ATL,11,83.0,-30.0,-30.0,3,false,27,248,268.04,162.5,-85.5,market_implied,,16.0,false,,,,,,,,,false,,0.0,,83.0,,ecr_curve,1.0,,,""
Nicholas Singleton,13288,RB,TEN,9,103.2,-30.6,-44.94830619571968,8,false,56,249,218.87,,,market_implied,,16.0,true,Tony Pollard,15.666666666666666,,,,,,,true,contingent volume,0.0,,103.2472689355094,59.95,ecr_curve,0.33433598615916954,Tony Pollard,0.64,moderate
Colby Parkinson,6865,TE,LAR,11,117.4,-30.7,-30.747020991742076,3,false,26,250,265.87,,,blend,,13.3,false,,,,0.206,0.153,1.11,10,true,false,,0.65,126.14926589919975,101.29008944287762,71.81,ecr_curve,1.0,,,""
Tank Bigsby,9225,RB,PHI,10,102.5,-31.4,-45.72726014075046,8,false,57,251,171.53,162.5,-88.5,blend,,12.0,false,Saquon Barkley,14.333333333333334,,0.023,0.05,0.4,9,true,true,contingent volume,0.55,90.16308611642381,117.50803916987894,61.36,ecr_curve,1.0,Saquon Barkley,0.77,high
Ty Johnson,6039,RB,BUF,7,102.4,-31.4,-45.807773093312306,8,false,58,252,259.3,182.1,-69.9,blend,compromised,12.7,false,James Cook III,15.666666666666666,,0.088,0.177,1.41,12,true,true,contingent volume,0.65,107.26569103171826,93.32886533514255,52.52,ecr_curve,1.0,James Cook III,0.75,high
Tampa Bay Buccaneers,TB,DEF,TBB,10,81.0,-32.0,-32.0,3,false,28,253,271.14,158.1,-94.9,market_implied,,16.0,false,,,,,,,,,false,,0.0,,81.0,,ecr_curve,1.0,,,""
Greg Dulcich,8172,TE,MIA,6,114.6,-33.6,-33.59377631517428,3,false,27,254,208.5,176.9,-77.1,blend,,12.0,false,,,,0.296,0.238,2.42,4,true,false,,0.55,114.78602378113038,114.3766349698513,104.38,ecr_curve,1.0,,,""
Kaytron Allen,13405,RB,WAS,7,99.8,-34.0,-48.3975787408325,8,false,59,255,232.16,,,market_implied,,16.0,true,Rachaad White,15.333333333333334,,,,,,,true,contingent volume,0.0,,99.79799639039658,43.2,ecr_curve,0.33433598615916954,Rachaad White,0.63,moderate
Michael Carter,7607,RB,TEN,9,99.6,-34.2,-48.553306525644686,8,false,60,256,330.13,,,blend,,12.0,false,Tony Pollard,15.666666666666666,,0.148,0.164,0.98,7,true,true,contingent volume,0.4,130.30877331079176,79.19793213544614,7.62,ecr_curve,1.0,Tony Pollard,0.64,moderate
Aaron Rodgers,96,QB,PIT,9,233.1,-34.6,-34.62698637624379,1,false,26,257,216.72,180.1,-76.9,blend,,15.5,false,,,,0.001,0.002,-0.02,2,true,false,,0.65,232.86117488113376,233.67687620661326,164.71,ecr_curve,1.0,,,""
Mason Taylor,12498,TE,NYJ,13,113.0,-35.2,-35.18317000372117,3,false,28,258,274.29,,,blend,,12.0,false,,,,0.355,0.164,0.93,4,true,false,,0.65,120.22829133342051,99.61147360224163,90.73,ecr_curve,1.0,,,""
Kaelon Black,13414,RB,SFO,8,98.4,-35.4,-49.79223403640799,8,false,61,259,237.76,159.9,-99.1,market_implied,,16.0,true,Christian McCaffrey,12.0,compromised,,,,,,true,contingent volume,0.0,,98.40334109482109,39.81,ecr_curve,1.0,Christian McCaffrey,0.85,high
Jawhar Jordan,11588,RB,HOU,8,97.5,-36.3,-50.669510142567646,8,false,62,260,328.08,,,blend,,12.0,false,David Montgomery,14.0,,0.072,,,2,true,true,contingent volume,0.55,112.22359961549456,79.56241155586537,25.41,ecr_curve,1.0,David Montgomery,0.74,moderate
Brian Robinson Jr.,8154,RB,ATL,11,97.0,-36.8,-51.16880955293695,8,false,63,261,177.08,159.9,-101.1,blend,,14.0,false,Bijan Robinson,16.0,,0.033,0.107,0.22,5,true,true,contingent volume,0.4,69.09973618139323,115.64478517622473,65.79,ecr_curve,1.0,Bijan Robinson,0.72,moderate
Jaylen Wright,11643,RB,MIA,6,96.5,-37.3,-51.71510016603439,8,false,64,262,236.57,,,blend,,12.0,false,De'Von Achane,13.666666666666666,,0.04,0.125,0.61,6,true,true,contingent volume,0.55,94.66700629994429,98.69693666716739,41.51,ecr_curve,1.0,De'Von Achane,0.67,moderate
Kenyon Sadiq,13330,TE,NYJ,13,110.8,-37.4,-37.35169373740996,3,false,30,263,222.64,157.9,-105.1,market_implied,compromised,16.0,true,,,,,,,,,false,,0.0,,110.84388139381912,94.31,ecr_curve,0.1723529411764706,Mason Taylor,0.36,low
Pat Freiermuth,7600,TE,PIT,9,110.7,-37.5,-37.517292566146125,3,true,31,264,238.46,177.3,-86.7,blend,,13.3,false,,,,0.257,0.17,1.53,4,true,false,,0.65,112.57915945897402,107.14808261928528,120.85,ecr_curve,1.0,,,""
Geno Smith,1373,QB,NYJ,13,229.7,-38.1,-38.07264640870136,1,false,27,265,222.37,174.7,-90.3,blend,,14.7,false,,,,0.0,0.0,0.0,2,true,false,,0.4,225.20959628205028,232.69528633295653,209.39,ecr_curve,1.0,,,""
Demond Claiborne,13347,RB,MIN,6,95.0,-38.8,-53.19809959547365,8,false,65,266,252.01,,,market_implied,,16.0,true,Aaron Jones Sr.,12.333333333333334,,,,,,,true,contingent volume,0.0,,94.99747553575543,23.34,ecr_curve,0.33433598615916954,Aaron Jones Sr.,0.6,moderate
Samaje Perine,4147,RB,CIN,6,94.5,-39.3,-53.66877251989915,8,false,66,267,262.41,155.8,-111.2,blend,,15.0,false,Chase Brown,13.333333333333334,,0.06,0.092,0.38,8,true,true,contingent volume,0.65,95.54748701473989,92.63124586214002,65.69,ecr_curve,1.0,Chase Brown,0.75,high
Nick Chubb,4988,RB,HOU,,93.8,-40.0,-54.35294896471231,8,false,67,268,,,,no_market,,12.0,false,David Montgomery,14.0,,0.062,0.102,0.34,6,true,true,contingent volume,1.0,93.84262616651677,,,ecr_curve,1.0,David Montgomery,0.74,moderate
Fernando Mendoza,13269,QB,LVR,13,226.8,-41.0,-40.96184942368049,1,false,28,269,259.46,167.1,-101.9,market_implied,,16.0,true,,,,,,,,,false,,0.0,,226.81180729761488,197.8,ecr_curve,0.15058823529411766,,,""
Jordan James,12467,RB,SFO,8,92.1,-41.8,-56.12577414880292,8,false,69,270,264.94,154.8,-115.2,market_implied,,16.0,true,Christian McCaffrey,12.0,compromised,,,,,,true,contingent volume,0.0,,92.06980098242616,56.19,ecr_curve,0.33433598615916954,Christian McCaffrey,0.85,high
Cam Ward,12522,QB,TEN,9,222.8,-45.0,-45.00167857158482,1,false,29,271,156.55,169.2,-101.8,blend,,16.0,false,,,,0.0,0.0,0.0,8,true,false,,0.65,210.22086318350784,246.08119165837266,212.56,ecr_curve,1.0,,,""
Deshaun Watson,4017,QB,CLE,11,222.6,-45.2,-45.16916899130689,1,false,30,272,289.72,165.2,-106.8,market_implied,,16.0,true,,,,,,,,,false,,0.0,,222.60448772998848,96.06,ecr_curve,1.0,,,""
Jaydon Blue,12457,RB,DAL,14,88.1,-45.8,-60.141145256701975,8,false,71,273,226.47,163.3,-109.7,blend,,12.0,false,Javonte Williams,15.333333333333334,,0.007,,,2,true,true,contingent volume,0.55,77.2580909244076,101.24995525800648,53.27,ecr_curve,1.0,Javonte Williams,0.8,high
Tua Tagovailoa,6768,QB,ATL,11,221.6,-46.1,-46.131976198922644,1,false,31,274,272.03,161.9,-112.1,blend,,13.0,false,,,,0.0,0.0,0.0,0,true,false,,0.4,216.59308756742962,225.00740915900144,81.84,ecr_curve,1.0,,,""
JuJu Smith-Schuster,4040,WR,KC,,76.8,-47.6,-71.44216711711516,9,true,176,275,,,,no_market,,12.0,false,,,,0.182,0.11,0.85,3,true,false,,1.0,76.75340801411392,,3.86,ecr_curve,1.0,,,""
Malik Willis,8161,QB,MIA,6,219.6,-48.1,-48.13641741808169,1,true,32,276,130.02,161.3,-114.7,blend,,12.0,false,,,,0.0,0.0,0.0,3,true,false,,0.4,169.34813563198753,253.1633084173644,254.23,ecr_curve,1.0,,,""
Tyler Allgeier,8132,RB,ARI,14,81.0,-52.8,-67.19557513122908,8,false,82,277,138.72,155.7,-121.3,override,,16.0,false,Jeremiyah Love,16.0,compromised,0.043,0.086,0.52,19,true,true,contingent volume,0.4,118.90593268636809,129.93038404829008,72.66,ecr_curve,1.0,Jeremiyah Love,0.55,moderate
Isiah Pacheco,8205,RB,DET,6,73.7,-60.2,-74.52943690787234,8,false,98,278,163.96,152.3,-125.7,blend,compromised,12.0,false,Jahmyr Gibbs,15.333333333333334,,0.098,0.093,0.36,9,true,true,contingent volume,0.4,3.941751754755455,120.1490625357576,50.45,ecr_curve,0.03389930795847751,Jahmyr Gibbs,0.75,high
Kimani Vidal,11647,RB,LAC,7,70.1,-63.7,-78.05735618964465,8,false,104,279,201.17,162.1,-116.9,blend,,12.0,false,Omarion Hampton,12.0,,0.083,0.073,0.45,14,true,true,contingent volume,0.65,49.65335932525889,108.1815296576176,56.47,ecr_curve,0.33433598615916954,Omarion Hampton,0.67,moderate
Najee Harris,7528,RB,NYG,8,68.4,-65.4,-79.7702730597783,8,false,106,280,249.45,167.0,-113.0,blend,,12.0,false,Cam Skattebo,12.0,,0.06,,,0,true,true,contingent volume,0.4,27.670891432531498,95.59490916406361,24.75,ecr_curve,0.33433598615916954,Cam Skattebo,0.66,moderate
Ray Davis,11575,RB,BUF,7,56.6,-77.2,-91.56521398894847,9,false,111,281,194.45,166.8,-114.2,blend,,14.0,false,James Cook III,15.666666666666666,,0.055,0.139,0.92,6,true,true,contingent volume,0.65,27.801581422179925,110.16952347961046,61.27,ecr_curve,0.33433598615916954,James Cook III,0.75,high
Alvin Kamara,4035,RB,NOS,8,56.6,-77.2,-91.6100926119559,9,false,112,282,166.12,151.3,-130.7,blend,compromised,12.0,false,Travis Etienne Jr.,15.333333333333334,,0.18,0.135,0.65,8,true,true,contingent volume,0.55,5.205491652914133,119.38324913371201,59.29,ecr_curve,0.03389930795847751,Travis Etienne Jr.,0.79,high
David Njoku,4033,TE,LAC,7,70.5,-77.7,-77.71164127851915,4,false,47,283,250.34,153.0,-130.0,blend,,12.0,false,,,,0.251,0.15,0.91,3,true,false,,0.4,19.414056127472318,104.53051900286835,54.59,ecr_curve,0.1723529411764706,Oronde Gadsden II,0.36,low
Emari Demercado,11199,RB,KCC,5,53.5,-80.4,-94.72775929601528,9,false,114,284,289.63,141.5,-142.5,blend,,12.0,false,Kenneth Walker III,13.333333333333334,compromised,0.074,0.147,0.74,7,true,true,contingent volume,0.4,3.3851736482124353,86.8562439598814,36.05,ecr_curve,0.03389930795847751,Kenneth Walker III,0.63,moderate
James Conner,4137,RB,ARI,14,50.4,-83.4,-97.78454875619505,9,true,118,285,211.4,172.3,-112.7,blend,compromised,12.0,false,Jeremiyah Love,16.0,compromised,0.135,0.139,0.59,4,true,true,contingent volume,0.55,5.5188979943039795,105.27918328481519,53.84,ecr_curve,0.03389930795847751,Jeremiyah Love,0.55,moderate
Terrance Ferguson,12487,TE,LAR,11,58.6,-89.6,-89.55129730610892,4,true,49,286,212.67,164.7,-121.3,blend,,12.0,false,,,,0.179,0.119,1.1,3,true,false,,0.55,13.917383025991981,113.31048257961015,94.4,ecr_curve,0.1723529411764706,Colby Parkinson,0.38,low
Jayden Higgins,12484,WR,HOU,,0.0,-124.4,-148.19557513122908,10,false,178,287,,,,no_market,out,16.0,false,,,,0.309,0.169,1.3,4,true,false,,1.0,115.20957989922931,,,ecr_curve,1.0,Nico Collins,0.33,low
Josh Jacobs,5850,RB,GBP,11,0.0,-133.8,-148.19557513122908,10,false,144,288,46.94,31.2,-256.8,blend,out,14.0,false,,,,0.124,0.142,0.91,32,true,false,,0.65,230.74643952006682,193.33430886704457,80.19,ecr_curve,1.0,MarShawn Lloyd,0.55,moderate
Zach Charbonnet,9753,RB,SEA,11,0.0,-133.8,-148.19557513122908,10,false,145,289,154.18,132.3,-156.7,override,out,15.3,false,,,,0.087,0.094,0.56,33,true,false,,0.65,6.305700730325757,123.74771297194832,63.25,ecr_curve,0.03389930795847751,Jadarian Price,0.55,moderate
Davis Allen,10214,TE,LA,,0.0,-148.2,-148.19557513122908,5,false,79,290,,,,no_market,,12.0,false,,,,0.114,0.095,0.6,4,true,false,,1.0,0.0,,5.55,ecr_curve,0.0,,,""
Spencer Rattler,11562,QB,NO,,32.1,-235.6,-235.63455133572506,2,false,55,291,,,,no_market,,12.0,false,,,,0.016,0.006,0.0,2,true,false,,1.0,32.139105385570296,,11.93,ecr_curve,0.15058823529411766,,,""
Davis Mills,7585,QB,HOU,,27.6,-240.2,-240.18190071571274,2,false,56,292,,,,no_market,,12.0,false,,,,0.0,0.0,0.0,2,true,false,,1.0,27.59175600558262,,11.33,ecr_curve,0.15058823529411766,C.J. Stroud,0.26,low
Carson Wentz,3161,QB,MIN,,0.0,-267.8,-267.77365672129537,3,false,57,293,,,,no_market,,12.0,false,,,,0.0,0.0,0.0,1,true,false,,1.0,0.0,,11.71,ecr_curve,0.0,Kyler Murray,0.26,low
Dillon Gabriel,12486,QB,CLE,,0.0,-267.8,-267.77365672129537,3,false,58,294,,,,no_market,,12.0,false,,,,0.0,0.0,0.0,0,true,false,,1.0,0.0,,11.16,ecr_curve,0.0,Deshaun Watson,0.25,low
