player,sleeper_id,pos,team,bye,proj_pts,vorp,vorp_flex,tier,cliff_flag,pos_rank,value_rank,ecr,adp,adp_delta,proj_source,avail_status,exp_games,rookie_flag,backs_up,starter_exp_games,starter_avail,wopr,tprr,yprr,hv_touches,routes_proxy,upside_flag,upside_why,alpha_used,proj_as_of,n_sources,proj_sd,proj_hi,proj_lo,proj_band,non_starter,contingent_of,backs_up_pos,starter_fragility,starter_fragility_label,yahoo_rank
Jahmyr Gibbs,9221,RB,DET,6,317.5,145.3,145.30823529411765,1,true,1,1,2.48,1.4,0.4,fantasypros_sheet,,15.3,false,,,,0.253,0.215,1.41,26,true,true,RB receiving profile,0.0,2026-09-01,1,0.0,317.5,317.5,17.7,false,,,,"",1.0
Bijan Robinson,9509,RB,ATL,11,299.6,127.4,127.41647058823526,2,true,2,2,4.1,2.1,0.1,fantasypros_sheet,,16.0,false,,,,0.311,0.212,1.69,22,true,true,RB receiving profile,0.0,2026-09-01,1,0.0,299.6,299.6,7.9,false,,,,"",2.0
Christian McCaffrey,4034,RB,SFO,8,278.2,106.0,105.99529411764712,3,false,3,3,9.24,5.9,2.9,fantasypros_sheet,compromised,12.0,false,,,,0.405,0.234,1.68,50,true,true,RB receiving profile,0.0,2026-09-01,1,0.0,278.2,278.2,13.1,false,,,,"",6.0
Puka Nacua,9493,WR,LAR,11,264.2,100.3,92.00941176470587,1,false,1,4,3.19,5.0,1.0,fantasypros_sheet,compromised,13.7,false,,,,0.675,0.386,3.99,11,true,false,,0.0,2026-09-01,1,0.0,264.2,264.2,2.5,false,,,,"",4.0
Jonathan Taylor,6813,RB,IND,13,272.1,99.9,99.89647058823533,3,true,4,5,11.93,6.5,1.5,fantasypros_sheet,,12.7,false,,,,0.157,0.104,0.72,42,true,false,,0.0,2026-09-01,1,0.0,272.1,272.1,22.7,false,,,,"",5.0
Ja'Marr Chase,7564,WR,CIN,6,258.9,95.0,86.72941176470584,2,false,2,6,1.55,3.5,-2.5,fantasypros_sheet,compromised,15.3,false,,,,0.737,0.285,2.17,8,true,false,,0.0,2026-09-01,1,0.0,258.9,258.9,8.3,false,,,,"",3.0
Jaxon Smith-Njigba,9488,WR,SEA,11,254.8,90.9,82.5788235294118,2,true,3,7,4.67,7.2,0.2,fantasypros_sheet,,16.0,false,,,,0.904,0.377,4.15,7,true,false,,0.0,2026-09-01,1,0.0,254.8,254.8,16.1,false,,,,"",8.0
Amon-Ra St. Brown,7547,WR,DET,6,245.8,81.9,73.63764705882352,3,true,4,8,5.42,8.0,0.0,fantasypros_sheet,,15.7,false,,,,0.746,0.309,2.51,21,true,false,,0.0,2026-09-01,1,0.0,245.8,245.8,6.3,false,,,,"",7.0
Derrick Henry,3198,RB,BAL,13,249.9,77.7,77.67529411764713,4,false,5,9,37.72,17.4,8.4,fantasypros_sheet,,16.0,false,,,,0.075,0.072,0.51,40,true,false,,0.0,2026-09-01,1,0.0,249.9,249.9,19.4,false,,,,"",17.0
De'Von Achane,9226,RB,MIA,6,244.7,72.5,72.53647058823526,4,false,6,10,20.99,15.4,5.4,fantasypros_sheet,,13.7,false,,,,0.289,0.216,1.24,16,true,true,RB receiving profile,0.0,2026-09-01,1,0.0,244.7,244.7,27.8,false,,,,"",15.0
James Cook III,8138,RB,BUF,7,239.0,66.8,66.83294117647057,4,false,7,11,15.97,9.6,-1.4,fantasypros_sheet,,15.7,false,,,,0.127,0.112,0.82,27,true,false,,0.0,2026-09-01,1,0.0,239.0,239.0,10.6,false,,,,"",9.0
Josh Allen,4984,QB,BUF,7,348.9,65.2,65.20658823529419,1,false,1,12,25.84,20.1,8.1,fantasypros_sheet,,15.3,false,,,,0.0,0.0,0.0,22,true,false,,0.0,2026-09-01,1,0.0,348.9,348.9,19.0,false,,,,"",32.0
Trey McBride,8130,TE,ARI,14,189.8,62.4,17.665882352941168,1,false,1,13,21.0,26.7,13.7,fantasypros_sheet,,15.7,false,,,,0.59,0.235,1.72,12,true,false,,0.0,2026-09-01,1,0.0,189.8,189.8,13.0,false,,,,"",31.0
Brock Bowers,11604,TE,LVR,13,187.7,60.3,15.49176470588236,1,true,2,14,19.03,21.2,7.2,fantasypros_sheet,,13.5,false,,,,0.526,0.223,1.76,10,true,false,,0.0,2026-09-01,1,0.0,187.7,187.7,14.2,false,,,,"",19.0
Chase Brown,9224,RB,CIN,6,232.0,59.8,59.77411764705883,4,false,8,15,17.86,16.0,1.0,fantasypros_sheet,,13.3,false,,,,0.224,0.181,0.9,26,true,true,RB receiving profile,0.0,2026-09-01,1,0.0,232.0,232.0,19.1,false,,,,"",14.0
Saquon Barkley,4866,RB,PHI,10,229.4,57.2,57.232941176470575,4,false,9,16,24.35,11.5,-4.5,fantasypros_sheet,,14.3,false,,,,0.176,0.112,0.61,29,true,false,,0.0,2026-09-01,1,0.0,229.4,229.4,13.5,false,,,,"",10.0
Kenneth Walker III,8151,RB,KCC,5,222.6,50.4,50.3905882352941,4,false,10,17,26.05,15.8,-1.2,fantasypros_sheet,compromised,13.3,false,,,,0.109,0.139,1.09,11,true,false,,0.0,2026-09-01,1,0.0,222.6,222.6,12.7,false,,,,"",12.0
CeeDee Lamb,6786,WR,DAL,14,210.6,46.7,38.38117647058823,4,false,5,18,9.0,10.9,-7.1,fantasypros_sheet,,14.0,false,,,,0.611,0.258,2.37,7,true,false,,0.0,2026-09-01,1,0.0,210.6,210.6,18.6,false,,,,"",11.0
Jeremiyah Love,13287,RB,ARI,14,218.4,46.2,46.199397647058845,4,false,11,19,41.44,30.0,11.0,fantasypros_sheet,compromised,16.0,true,,,,,,,,,true,rookie w/ market-backed capital,0.0,2026-09-01,1,0.0,218.4,218.4,17.6,false,,,,"",28.0
Ashton Jeanty,12527,RB,LVR,13,218.0,45.8,45.778823529411795,4,false,12,20,26.37,16.9,-3.1,fantasypros_sheet,compromised,16.0,false,,,,0.181,0.149,0.7,20,true,false,,0.0,2026-09-01,1,0.0,218.0,218.0,29.2,false,,,,"",21.0
Drake London,8112,WR,ATL,11,209.4,45.5,37.2235294117647,4,false,6,21,12.91,19.8,-1.2,fantasypros_sheet,,14.0,false,,,,0.727,0.279,2.29,9,true,false,,0.0,2026-09-01,1,0.0,209.4,209.4,11.1,false,,,,"",20.0
Justin Jefferson,6794,WR,MIN,6,208.2,44.3,36.047058823529426,4,false,7,22,9.36,13.2,-8.8,fantasypros_sheet,,13.7,false,,,,0.741,0.246,1.83,11,true,false,,0.0,2026-09-01,1,0.0,208.2,208.2,12.5,false,,,,"",13.0
Omarion Hampton,12507,RB,LAC,7,215.7,43.5,43.49176470588236,4,false,13,23,25.57,18.5,-4.5,fantasypros_sheet,,12.0,false,,,,0.156,0.145,0.79,16,true,false,,0.0,2026-09-01,1,0.0,215.7,215.7,15.8,false,,,,"",16.0
Rashee Rice,10229,WR,KCC,5,206.6,42.8,34.46588235294121,4,false,8,24,24.68,35.4,11.4,fantasypros_sheet,,12.0,false,,,,0.531,0.286,2.09,18,true,false,,0.0,2026-09-01,1,0.0,206.6,206.6,24.4,false,,,,"",36.0
Javonte Williams,7588,RB,DAL,14,210.8,38.6,38.60705882352937,4,false,14,25,44.62,34.4,9.4,fantasypros_sheet,,15.3,false,,,,0.119,0.107,0.29,33,true,false,,0.0,2026-09-01,1,0.0,210.8,210.8,13.4,false,,,,"",34.0
Chris Olave,8144,WR,NOS,8,201.4,37.5,29.214117647058828,5,false,9,26,17.99,32.0,6.0,fantasypros_sheet,,12.3,false,,,,0.725,0.279,2.08,4,true,false,,0.0,2026-09-01,1,0.0,201.4,201.4,13.3,false,,,,"",25.0
Breece Hall,8155,RB,NYJ,13,208.9,36.7,36.72470588235288,4,false,15,27,39.93,34.9,7.9,fantasypros_sheet,compromised,15.3,false,,,,0.154,0.123,0.9,13,true,false,,0.0,2026-09-01,1,0.0,208.9,208.9,18.9,false,,,,"",30.0
A.J. Brown,5859,WR,NEP,11,200.3,36.4,28.103529411764725,5,false,10,28,14.25,24.2,-3.8,fantasypros_sheet,,14.0,false,,,,0.678,0.248,2.06,5,true,false,,0.0,2026-09-01,1,0.0,200.3,200.3,12.7,false,,,,"",23.0
Colston Loveland,12517,TE,CHI,10,162.1,34.7,-10.032941176470587,2,false,3,29,37.44,39.5,10.5,fantasypros_sheet,,15.0,false,,,,0.363,0.199,1.73,8,true,false,,0.0,2026-09-01,1,0.0,162.1,162.1,14.3,false,,,,"",37.0
George Pickens,8137,WR,DAL,14,198.4,34.5,26.18352941176471,5,false,11,30,20.43,22.5,-7.5,fantasypros_sheet,,15.0,false,,,,0.563,0.228,2.38,11,true,false,,0.0,2026-09-01,1,0.0,198.4,198.4,22.3,false,,CeeDee Lamb,0.32,low,22.0
Kyren Williams,8150,RB,LAR,11,205.6,33.4,33.3929411764706,4,false,16,31,41.52,28.3,-2.7,fantasypros_sheet,,14.0,false,,,,0.136,0.11,0.62,33,true,false,,0.0,2026-09-01,1,0.0,205.6,205.6,12.5,false,,,,"",27.0
Nico Collins,7569,WR,HOU,8,197.2,33.3,24.99764705882353,5,true,12,32,16.0,22.0,-10.0,fantasypros_sheet,,13.0,false,,,,0.609,0.257,2.39,11,true,false,,0.0,2026-09-01,1,0.0,197.2,197.2,12.0,false,,,,"",18.0
Travis Etienne Jr.,7543,RB,NOS,8,201.2,29.1,29.063529411764677,4,false,17,33,47.64,42.6,9.6,fantasypros_sheet,,15.3,false,,,,0.135,0.125,0.7,32,true,false,,0.0,2026-09-01,1,0.0,201.2,201.2,18.7,false,,,,"",41.0
Cam Skattebo,12481,RB,NYG,8,200.0,27.9,27.85882352941175,4,false,18,34,57.42,42.6,8.6,fantasypros_sheet,,12.0,false,,,,0.189,0.187,1.21,14,true,true,RB receiving profile,0.0,2026-09-01,1,0.0,200.0,200.0,19.2,false,,,,"",46.0
Zay Flowers,9997,WR,BAL,13,189.3,25.4,17.12941176470585,6,false,13,35,30.3,35.7,0.7,fantasypros_sheet,compromised,15.7,false,,,,0.701,0.255,2.62,6,true,false,,0.0,2026-09-01,1,0.0,189.3,189.3,12.2,false,,,,"",33.0
Malik Nabers,11632,WR,NYG,8,188.3,24.4,16.094117647058795,6,false,14,36,24.54,31.0,-5.0,fantasypros_sheet,compromised,12.0,false,,,,0.713,0.279,2.16,3,true,false,,0.0,2026-09-01,1,0.0,188.3,188.3,15.9,false,,,,"",24.0
Tyler Warren,12518,TE,IND,13,150.2,22.8,-21.938823529411764,2,false,4,37,53.13,47.3,10.3,fantasypros_sheet,,16.0,false,,,,0.425,0.208,1.52,17,true,false,,0.0,2026-09-01,1,0.0,150.2,150.2,7.4,false,,,,"",48.0
Lamar Jackson,4881,QB,BAL,13,305.4,21.7,21.684705882353,2,false,2,38,32.06,38.2,0.2,fantasypros_sheet,,14.3,false,,,,0.0,0.0,0.0,5,true,false,,0.0,2026-09-01,1,0.0,305.4,305.4,24.4,false,,,,"",50.0
D'Andre Swift,6790,RB,CHI,10,192.9,20.8,20.752941176470557,4,false,19,39,54.7,46.3,7.3,fantasypros_sheet,,15.3,false,,,,0.135,0.132,0.82,24,true,false,,0.0,2026-09-01,1,0.0,192.9,192.9,13.9,false,,,,"",42.0
Harold Fannin Jr.,12506,TE,CLE,11,148.1,20.7,-24.103529411764697,2,false,5,40,73.44,70.9,30.9,fantasypros_sheet,,15.0,false,,,,0.458,0.218,1.49,5,true,false,,0.0,2026-09-01,1,0.0,148.1,148.1,18.6,false,,,,"",77.0
Jayden Daniels,11566,QB,WAS,7,303.5,19.7,19.736470588235306,2,false,3,41,53.22,54.4,13.4,fantasypros_sheet,,12.0,false,,,,0.0,0.0,0.0,3,true,false,,0.0,2026-09-01,1,0.0,303.5,303.5,20.9,false,,,,"",65.0
Garrett Wilson,8146,WR,NYJ,13,182.9,19.1,10.767058823529425,7,false,15,42,29.62,49.1,7.1,fantasypros_sheet,,12.7,false,,,,0.925,0.254,1.7,2,true,false,,0.0,2026-09-01,1,0.0,182.9,182.9,20.5,false,,,,"",38.0
Drake Maye,11564,QB,NEP,11,301.8,18.1,18.07811764705889,2,false,4,43,37.67,47.2,4.2,fantasypros_sheet,,13.5,false,,,,0.001,0.002,0.0,15,true,false,,0.0,2026-09-01,1,0.0,301.8,301.8,13.2,false,,,,"",61.0
Houston Texans,HOU,DEF,HOU,8,135.0,18.0,18.0,1,false,1,44,152.91,97.6,53.6,kdef_synthetic,,16.0,false,,,,,,,,,false,,0.0,,0,,,,,false,,,,"",155.0
Jalen Hurts,6904,QB,PHI,10,301.7,18.0,17.991529411764645,2,false,5,45,56.5,56.4,11.4,fantasypros_sheet,,15.0,false,,,,0.0,0.0,0.0,15,true,false,,0.0,2026-09-01,1,0.0,301.7,301.7,16.8,false,,,,"",66.0
DeVonta Smith,7525,WR,PHI,10,181.6,17.7,9.42117647058825,7,false,16,46,24.04,29.6,-16.4,fantasypros_sheet,,14.3,false,,,,0.594,0.22,1.96,4,true,false,,0.0,2026-09-01,1,0.0,181.6,181.6,3.3,false,,,,"",26.0
Tetairoa McMillan,12526,WR,CAR,5,181.5,17.6,9.336470588235272,7,false,17,47,35.61,41.8,-5.2,fantasypros_sheet,,16.0,false,,,,0.708,0.225,1.87,6,true,false,,0.0,2026-09-01,1,0.0,181.5,181.5,9.9,false,,,,"",39.0
Emeka Egbuka,12514,WR,TBB,10,180.2,16.3,7.981176470588252,7,false,18,48,40.83,45.2,-2.8,fantasypros_sheet,compromised,16.0,false,,,,0.601,0.237,1.75,6,true,false,,0.0,2026-09-01,1,0.0,180.2,180.2,8.2,false,,,,"",43.0
Denver Broncos,DEN,DEF,DEN,10,133.0,16.0,16.0,1,false,2,49,163.88,93.7,44.7,kdef_synthetic,,16.0,false,,,,,,,,,false,,0.0,,0,,,,,false,,,,"",175.0
Quinshon Judkins,12512,RB,CLE,11,188.1,15.9,15.8870588235294,4,false,20,50,62.03,54.3,4.3,fantasypros_sheet,,13.0,false,,,,0.119,0.128,0.61,19,true,false,,0.0,2026-09-01,1,0.0,188.1,188.1,22.8,false,,,,"",58.0
Bucky Irving,11584,RB,TBB,10,187.8,15.7,15.651764705882357,4,false,21,51,58.68,55.4,4.4,fantasypros_sheet,,12.5,false,,,,0.146,0.137,1.09,7,true,false,,0.0,2026-09-01,1,0.0,187.8,187.8,11.5,false,,,,"",51.0
George Kittle,4217,TE,SFO,8,142.6,15.2,-29.609411764705897,2,false,6,52,98.93,83.6,31.6,fantasypros_sheet,compromised,13.0,false,,,,0.451,0.211,1.92,5,true,false,,0.0,2026-09-01,1,0.0,142.6,142.6,20.6,false,,,,"",88.0
Seattle Seahawks,SEA,DEF,SEA,11,131.0,14.0,14.0,1,false,3,53,167.85,80.1,27.1,kdef_synthetic,,16.0,false,,,,,,,,,false,,0.0,,0,,,,,false,,,,"",176.0
Brandon Aubrey,11533,K,DAL,14,150.0,13.5,13.5,1,false,1,54,185.31,85.7,31.7,kdef_synthetic,,12.0,false,,,,0.0,,,0,true,false,,0.0,,0,,,,,false,,,,"",168.0
Kyle Pitts Sr.,7553,TE,ATL,11,140.5,13.1,-31.642352941176455,2,false,7,55,78.91,72.2,17.2,fantasypros_sheet,,16.0,false,,,,0.492,0.217,1.71,7,true,false,,0.0,2026-09-01,1,0.0,140.5,140.5,9.1,false,,,,"",79.0
Sam LaPorta,10859,TE,DET,6,140.4,13.0,-31.736470588235306,2,false,8,56,85.85,63.1,7.1,fantasypros_sheet,compromised,13.0,false,,,,0.399,0.16,1.59,3,true,false,,0.0,2026-09-01,1,0.0,140.4,140.4,12.3,false,,,,"",70.0
Davante Adams,2133,WR,LAR,11,176.7,12.8,4.545882352941163,7,false,19,57,50.13,56.5,-0.5,fantasypros_sheet,,14.0,false,,,,0.627,0.304,2.1,23,true,false,,0.0,2026-09-01,1,0.0,176.7,176.7,8.4,false,,Puka Nacua,0.33,low,56.0
Ka'imi Fairbairn,3451,K,HOU,8,148.5,12.0,12.0,1,false,2,58,191.8,117.4,59.4,kdef_synthetic,,16.0,false,,,,,,,,,false,,0.0,,0,,,,,false,,,,"",181.0
Los Angeles Rams,LAR,DEF,LAR,11,129.0,12.0,12.0,1,false,4,59,167.92,111.0,52.0,kdef_synthetic,,16.0,false,,,,,,,,,false,,0.0,,0,,,,,false,,,,"",169.0
Tee Higgins,6801,WR,CIN,6,175.2,11.3,3.0023529411764684,7,false,20,60,36.89,33.4,-26.6,fantasypros_sheet,,12.0,false,,,,0.505,0.193,1.67,8,true,false,,0.0,2026-09-01,1,0.0,175.2,175.2,13.9,false,,Ja'Marr Chase,0.32,low,29.0
Jadarian Price,13286,RB,SEA,11,183.3,11.1,11.142079999999964,4,false,22,61,73.22,65.3,4.3,fantasypros_sheet,,16.0,true,,,,,,,,,true,rookie w/ market-backed capital,0.0,2026-09-01,1,0.0,183.3,183.3,12.6,false,,,,"",59.0
Bhayshul Tuten,12490,RB,JAC,7,183.2,11.0,11.011764705882342,4,false,23,62,67.19,62.6,0.6,fantasypros_sheet,,14.0,false,,,,0.046,0.108,0.61,10,true,false,,0.0,2026-09-01,1,0.0,183.2,183.2,33.8,false,,,,"",54.0
Dallas Goedert,5022,TE,PHI,10,138.3,10.9,-33.863529411764716,2,false,9,63,117.24,105.4,42.4,fantasypros_sheet,,12.0,false,,,,0.418,0.18,1.3,9,true,false,,0.0,2026-09-01,1,0.0,138.3,138.3,18.8,false,,,,"",119.0
Cameron Dicker,8259,K,LAC,7,147.0,10.5,10.5,1,false,3,64,194.59,121.9,57.9,kdef_synthetic,,16.0,false,,,,,,,,,false,,0.0,,0,,,,,false,,,,"",187.0
Jameson Williams,8148,WR,DET,6,174.3,10.4,2.1176470588235077,7,false,21,65,54.74,65.9,0.9,fantasypros_sheet,,13.7,false,,,,0.503,0.173,1.9,5,true,false,,0.0,2026-09-01,1,0.0,174.3,174.3,8.9,false,,Amon-Ra St. Brown,0.35,low,52.0
Philadelphia Eagles,PHI,DEF,PHI,10,127.0,10.0,10.0,1,false,5,66,174.88,134.1,68.1,kdef_synthetic,,16.0,false,,,,,,,,,false,,0.0,,0,,,,,false,,,,"",185.0
Joe Burrow,6770,QB,CIN,6,292.8,9.0,9.031529411764666,2,false,6,67,45.81,50.1,-16.9,fantasypros_sheet,,12.0,false,,,,0.0,0.0,0.0,1,true,false,,0.0,2026-09-01,1,0.0,292.8,292.8,10.3,false,,,,"",63.0
Cam Little,11786,K,JAC,7,145.5,9.0,9.0,1,false,4,68,198.87,129.3,61.3,kdef_synthetic,,16.0,false,,,,,,,,,false,,0.0,,0,,,,,false,,,,"",193.0
Travis Kelce,1466,TE,KCC,5,135.7,8.3,-36.52705882352939,2,false,10,69,98.53,94.1,25.1,fantasypros_sheet,,15.0,false,,,,0.427,0.182,1.44,9,true,false,,0.0,2026-09-01,1,0.0,135.7,135.7,7.7,false,,,,"",121.0
Tucker Kraft,9484,TE,GBP,11,135.6,8.2,-36.54588235294119,2,false,11,70,80.46,60.5,-9.5,fantasypros_sheet,,12.0,false,,,,0.351,0.18,2.0,3,true,false,,0.0,2026-09-01,1,0.0,135.6,135.6,18.5,false,,,,"",67.0
Minnesota Vikings,MIN,DEF,MIN,6,125.0,8.0,8.0,1,false,6,71,185.95,106.2,35.2,kdef_synthetic,,16.0,false,,,,,,,,,false,,0.0,,0,,,,,false,,,,"",189.0
Jaxson Dart,12508,QB,NYG,8,291.6,7.8,7.838117647058823,2,false,7,72,97.46,91.3,19.3,fantasypros_sheet,,13.0,false,,,,0.0,0.0,0.0,12,true,false,,0.0,2026-09-01,1,0.0,291.6,291.6,18.7,false,,,,"",106.0
Jason Myers,2747,K,SEA,11,144.0,7.5,7.5,1,false,5,73,200.11,121.5,48.5,kdef_synthetic,,16.0,false,,,,,,,,,false,,0.0,,0,,,,,false,,,,"",188.0
Eddy Pineiro,5189,K,SFO,8,142.5,6.0,6.0,1,false,6,74,207.9,162.7,88.7,kdef_synthetic,,16.0,false,,,,,,,,,false,,0.0,,0,,,,,false,,,,"",217.0
Pittsburgh Steelers,PIT,DEF,PIT,9,123.0,6.0,6.0,1,false,7,75,186.35,136.7,61.7,kdef_synthetic,,16.0,false,,,,,,,,,false,,0.0,,0,,,,,false,,,,"",199.0
Trevor Lawrence,7523,QB,JAC,7,288.3,4.5,4.545882352941192,2,false,8,76,77.84,83.8,7.8,fantasypros_sheet,,13.3,false,,,,0.0,0.0,0.0,15,true,false,,0.0,2026-09-01,1,0.0,288.3,288.3,19.0,false,,,,"",80.0
Tyler Loop,12711,K,BAL,13,141.0,4.5,4.5,1,false,7,77,208.72,150.7,73.7,kdef_synthetic,,16.0,false,,,,,,,,,false,,0.0,,0,,,,,false,,,,"",201.0
Dak Prescott,3294,QB,DAL,14,287.8,4.1,4.054588235294091,2,false,9,78,78.25,73.9,-4.1,fantasypros_sheet,,13.0,false,,,,0.0,0.0,0.0,10,true,false,,0.0,2026-09-01,1,0.0,287.8,287.8,15.7,false,,,,"",78.0
New England Patriots,NE,DEF,NEP,11,121.0,4.0,4.0,1,false,8,79,186.74,130.6,51.6,kdef_synthetic,,16.0,false,,,,,,,,,false,,0.0,,0,,,,,false,,,,"",197.0
Brock Purdy,8183,QB,SFO,8,287.7,4.0,3.996235294117639,2,false,10,80,96.5,98.3,18.3,fantasypros_sheet,,12.3,false,,,,0.0,0.0,0.0,3,true,false,,0.0,2026-09-01,1,0.0,287.7,287.7,15.0,false,,,,"",97.0
Ladd McConkey,11635,WR,LAC,7,167.8,3.9,-4.357647058823517,8,false,22,81,34.85,44.8,-36.2,fantasypros_sheet,compromised,15.0,false,,,,0.499,0.201,1.49,6,true,false,,0.0,2026-09-01,1,0.0,167.8,167.8,7.1,false,,,,"",40.0
Evan McPherson,7839,K,CIN,6,139.5,3.0,3.0,1,false,8,82,215.94,169.9,87.9,kdef_synthetic,,16.0,false,,,,,,,,,false,,0.0,,0,,,,,false,,,,"",219.0
Jacksonville Jaguars,JAX,DEF,JAC,7,119.0,2.0,2.0,1,false,9,83,189.41,160.4,77.4,kdef_synthetic,,16.0,false,,,,,,,,,false,,0.0,,0,,,,,false,,,,"",196.0
Mark Andrews,5012,TE,BAL,13,129.1,1.8,-43.03058823529412,2,false,12,84,131.7,113.0,29.0,fantasypros_sheet,,13.7,false,,,,0.37,0.211,1.27,12,true,false,,0.0,2026-09-01,1,0.0,129.1,129.1,12.2,false,,,,"",134.0
Cairo Santos,2020,K,CHI,10,138.0,1.5,1.5,1,false,9,85,216.34,183.5,98.5,kdef_synthetic,,16.0,false,,,,,,,,,false,,0.0,,0,,,,,false,,,,"",215.0
Terry McLaurin,5927,WR,WAS,7,164.9,1.1,-7.247058823529386,8,false,23,86,47.16,54.1,-31.9,fantasypros_sheet,,13.7,false,,,,0.608,0.239,2.32,3,true,false,,0.0,2026-09-01,1,0.0,164.9,164.9,17.3,false,,,,"",45.0
Patrick Mahomes II,4046,QB,KCC,5,284.5,0.8,0.8244705882352719,2,false,11,87,101.49,102.5,15.5,fantasypros_sheet,compromised,14.3,false,,,,0.002,0.002,-0.02,5,true,false,,0.0,2026-09-01,1,0.0,284.5,284.5,18.9,false,,,,"",120.0
Caleb Williams,11560,QB,CHI,10,283.9,0.2,0.1637647058823859,2,false,12,88,67.1,67.0,-21.0,fantasypros_sheet,,16.0,false,,,,0.005,0.003,0.03,8,true,false,,0.0,2026-09-01,1,0.0,283.9,283.9,12.8,false,,,,"",71.0
Jake Bates,11539,K,DET,6,136.5,0.0,0.0,1,false,10,89,221.13,142.5,53.5,kdef_synthetic,,16.0,false,,,,,,,,,false,,0.0,,0,,,,,false,,,,"",231.0
Rome Odunze,11620,WR,CHI,10,163.9,0.0,-8.301176470588246,8,false,24,90,57.49,66.7,-23.3,fantasypros_sheet,,13.5,false,,,,0.602,0.209,1.53,6,true,false,,0.0,2026-09-01,1,0.0,163.9,163.9,9.4,false,,,,"",49.0
David Montgomery,5892,RB,HOU,8,172.2,0.0,0.0,5,false,24,91,61.35,53.5,-37.5,fantasypros_sheet,,14.0,false,,,,0.083,0.12,0.79,25,true,false,,0.0,2026-09-01,1,0.0,172.2,172.2,13.1,false,,,,"",57.0
Los Angeles Chargers,LAC,DEF,LAC,7,117.0,0.0,0.0,1,false,10,92,193.51,143.0,51.0,kdef_synthetic,,16.0,false,,,,,,,,,false,,0.0,,0,,,,,false,,,,"",228.0
DJ Moore,4983,WR,BUF,7,163.6,-0.3,-8.592941176470589,8,false,25,93,52.06,60.1,-32.9,fantasypros_sheet,,16.0,false,,,,0.381,0.148,1.19,7,true,false,,0.0,2026-09-01,1,0.0,163.6,163.6,15.2,false,,,,"",47.0
Jaylen Waddle,7526,WR,DEN,10,162.9,-1.0,-9.280000000000001,8,false,26,94,34.78,40.5,-53.5,fantasypros_sheet,,14.0,false,,,,0.648,0.245,2.23,5,true,false,,0.0,2026-09-01,1,0.0,162.9,162.9,2.9,false,,,,"",35.0
Andy Borregales,12713,K,NEP,11,135.0,-1.5,-1.5,1,false,11,95,223.39,186.6,91.6,kdef_synthetic,,16.0,false,,,,,,,,,false,,0.0,,0,,,,,false,,,,"",286.0
Isaiah Likely,8131,TE,NYG,8,125.8,-1.6,-46.352941176470594,2,false,13,96,123.13,109.5,13.5,fantasypros_sheet,,12.0,false,,,,0.288,0.14,1.2,2,true,false,,0.0,2026-09-01,1,0.0,125.8,125.8,20.5,false,,,,"",123.0
Baltimore Ravens,BAL,DEF,BAL,13,115.0,-2.0,-2.0,1,false,11,97,198.22,166.6,69.6,kdef_synthetic,,16.0,false,,,,,,,,,false,,0.0,,0,,,,,false,,,,"",203.0
Justin Herbert,6797,QB,LAC,7,281.7,-2.0,-2.0141176470588107,2,false,13,98,71.63,70.1,-27.9,fantasypros_sheet,,14.3,false,,,,0.0,0.0,0.0,7,true,false,,0.0,2026-09-01,1,0.0,281.7,281.7,14.8,false,,,,"",74.0
Luther Burden III,12519,WR,CHI,10,161.6,-2.2,-10.541176470588255,8,false,27,99,46.99,58.7,-40.3,fantasypros_sheet,compromised,14.0,false,,,,0.271,0.254,2.76,0,true,false,,0.0,2026-09-01,1,0.0,161.6,161.6,10.3,false,,Rome Odunze,0.32,low,44.0
Bo Nix,11563,QB,DEN,10,280.8,-3.0,-2.9703529411764293,2,false,14,100,99.3,98.8,-1.2,fantasypros_sheet,,16.0,false,,,,0.003,0.001,0.0,6,true,false,,0.0,2026-09-01,1,0.0,280.8,280.8,13.4,false,,,,"",102.0
Chase McLaughlin,6650,K,TBB,10,133.5,-3.0,-3.0,1,false,12,101,227.08,145.5,44.5,kdef_synthetic,,16.0,false,,,,,,,,,false,,0.0,,0,,,,,false,,,,"",265.0
Dalton Kincaid,10236,TE,BUF,7,123.9,-3.5,-48.301176470588246,2,false,14,102,112.42,97.3,-4.7,fantasypros_sheet,,12.7,false,,,,0.369,0.291,3.4,5,true,false,,0.0,2026-09-01,1,0.0,123.9,123.9,12.8,false,,,,"",107.0
Green Bay Packers,GB,DEF,GBP,11,113.0,-4.0,-4.0,1,false,12,103,204.15,,,kdef_synthetic,,16.0,false,,,,,,,,,false,,0.0,,0,,,,,false,,,,"",237.0
Harrison Mevis,12015,K,LAR,11,132.0,-4.5,-4.5,1,false,13,104,227.34,132.4,28.4,kdef_synthetic,,16.0,false,,,,,,,,,false,,0.0,,0,,,,,false,,,,"",253.0
Jake Ferguson,8110,TE,DAL,14,122.5,-4.9,-49.67529411764707,2,false,15,105,118.47,116.7,11.7,fantasypros_sheet,,15.0,false,,,,0.31,0.209,1.23,14,true,false,,0.0,2026-09-01,1,0.0,122.5,122.5,8.8,false,,,,"",146.0
Christian Watson,8167,WR,GBP,11,157.9,-6.0,-14.258823529411757,8,false,28,106,57.65,68.0,-38.0,fantasypros_sheet,,12.0,false,,,,0.548,0.236,2.62,4,true,false,,0.0,2026-09-01,1,0.0,157.9,157.9,11.9,false,,,,"",53.0
Brandon McManus,1433,K,FA,,130.5,-6.0,-6.0,1,true,14,107,229.8,,,kdef_synthetic,,16.0,false,,,,,,,,,false,,0.0,,0,,,,,false,,,,"",368.0
Kansas City Chiefs,KC,DEF,KCC,5,111.0,-6.0,-6.0,1,false,13,108,209.54,,,kdef_synthetic,,16.0,false,,,,,,,,,false,,0.0,,0,,,,,false,,,,"",238.0
Matthew Stafford,421,QB,LAR,11,276.6,-7.1,-7.081411764705933,2,false,15,109,104.33,99.7,-9.3,fantasypros_sheet,,15.0,false,,,,0.0,0.0,0.0,4,true,false,,0.0,2026-09-01,1,0.0,276.6,276.6,10.7,false,,,,"",113.0
Jaylen Warren,8228,RB,PIT,9,164.6,-7.6,-7.585882352941184,5,false,25,110,77.34,77.0,-33.0,fantasypros_sheet,,15.0,false,,,,0.112,0.151,1.12,26,true,true,RB receiving profile,0.0,2026-09-01,1,0.0,164.6,164.6,5.5,false,,,,"",69.0
Cleveland Browns,CLE,DEF,CLE,11,109.0,-8.0,-8.0,1,false,14,111,219.26,164.4,53.4,kdef_synthetic,,16.0,false,,,,,,,,,false,,0.0,,0,,,,,false,,,,"",300.0
TreVeyon Henderson,12529,RB,NEP,11,164.0,-8.2,-8.16941176470587,5,false,26,112,70.96,66.3,-45.7,fantasypros_sheet,compromised,16.0,false,,,,0.126,0.139,0.73,24,true,false,,0.0,2026-09-01,1,0.0,164.0,164.0,7.3,false,,,,"",64.0
Courtland Sutton,5045,WR,DEN,10,155.2,-8.6,-16.94117647058826,8,false,29,113,83.3,105.2,-7.8,fantasypros_sheet,,15.3,false,,,,0.557,0.203,1.66,8,true,false,,0.0,2026-09-01,1,0.0,155.2,155.2,5.5,false,,Jaylen Waddle,0.31,low,100.0
Kyler Murray,5849,QB,MIN,6,274.4,-9.3,-9.306352941176442,2,false,16,114,112.82,112.6,-1.4,fantasypros_sheet,,12.0,false,,,,0.0,0.0,0.0,2,true,false,,0.0,2026-09-01,1,0.0,274.4,274.4,19.6,false,,,,"",115.0
Hunter Henry,3214,TE,NEP,11,117.7,-9.7,-54.48470588235294,2,false,16,115,164.67,127.2,12.2,fantasypros_sheet,,14.3,false,,,,0.369,0.166,1.46,10,true,false,,0.0,2026-09-01,1,0.0,117.7,117.7,5.6,false,,,,"",164.0
Alec Pierce,8142,WR,IND,13,154.0,-9.9,-18.164705882352933,8,false,30,116,100.32,96.2,-19.8,fantasypros_sheet,compromised,15.0,false,,,,0.548,0.173,2.06,4,true,false,,0.0,2026-09-01,1,0.0,154.0,154.0,17.6,false,,,,"",98.0
Detroit Lions,DET,DEF,DET,6,107.0,-10.0,-10.0,1,true,15,117,220.32,130.4,13.4,kdef_synthetic,,16.0,false,,,,,,,,,false,,0.0,,0,,,,,false,,,,"",233.0
Marvin Harrison Jr.,11628,WR,ARI,14,153.5,-10.4,-18.654117647058825,8,false,31,118,68.6,78.7,-39.3,fantasypros_sheet,,13.5,false,,,,0.502,0.185,1.54,6,true,false,,0.0,2026-09-01,1,0.0,153.5,153.5,6.8,false,,,,"",68.0
DK Metcalf,5846,WR,PIT,9,153.5,-10.4,-18.654117647058825,8,false,32,119,78.91,86.2,-32.8,fantasypros_sheet,compromised,14.3,false,,,,0.596,0.21,1.8,8,true,false,,0.0,2026-09-01,1,0.0,153.5,153.5,6.7,false,,,,"",76.0
Mike Evans,2216,WR,SFO,8,153.5,-10.4,-18.6729411764706,8,false,33,120,56.16,69.1,-50.9,fantasypros_sheet,,12.0,false,,,,0.609,0.287,1.7,5,true,false,,0.0,2026-09-01,1,0.0,153.5,153.5,8.0,false,,,,"",60.0
Tony Pollard,5967,RB,TEN,9,161.7,-10.5,-10.456470588235305,5,false,27,121,84.99,86.1,-34.9,fantasypros_sheet,,15.7,false,,,,0.114,0.096,0.48,12,true,false,,0.0,2026-09-01,1,0.0,161.7,161.7,11.4,false,,,,"",82.0
Rhamondre Stevenson,7611,RB,NEP,11,161.1,-11.1,-11.105882352941194,5,false,28,122,77.27,79.0,-43.0,fantasypros_sheet,,12.7,false,TreVeyon Henderson,16.0,compromised,0.181,0.115,1.07,18,true,true,contingent volume,0.0,2026-09-01,1,0.0,161.1,161.1,11.2,false,,TreVeyon Henderson,0.73,moderate,62.0
Carnell Tate,13279,WR,TEN,9,152.6,-11.3,-19.617882352941194,8,false,34,123,68.27,81.5,-41.5,fantasypros_sheet,,16.0,true,,,,,,,,,true,rookie w/ market-backed capital,0.0,2026-09-01,1,0.0,152.6,152.6,16.8,false,,,,"",73.0
Juwan Johnson,7002,TE,NOS,8,115.9,-11.5,-56.31058823529412,2,false,17,124,134.2,124.9,0.9,fantasypros_sheet,,14.0,false,,,,0.374,0.19,1.66,1,true,false,,0.0,2026-09-01,1,0.0,115.9,115.9,13.6,false,,,,"",141.0
Harrison Butker,4227,K,KCC,5,124.5,-12.0,-12.0,2,true,18,125,242.72,129.1,4.1,kdef_synthetic,,16.0,false,,,,,,,,,false,,0.0,,0,,,,,false,,,,"",275.0
Jared Goff,3163,QB,DET,6,270.9,-12.9,-12.854588235294102,2,false,17,126,106.4,113.8,-12.2,fantasypros_sheet,,16.0,false,,,,0.0,0.0,0.0,2,true,false,,0.0,2026-09-01,1,0.0,270.9,270.9,13.3,false,,,,"",118.0
Brenton Strange,9480,TE,JAC,7,114.4,-13.0,-57.79764705882356,2,false,18,127,159.0,129.2,2.2,fantasypros_sheet,,12.0,false,,,,0.32,0.169,1.52,3,true,false,,0.0,2026-09-01,1,0.0,114.4,114.4,15.7,false,,,,"",166.0
Tyler Shough,12545,QB,NOS,8,268.6,-15.2,-15.16799999999995,2,false,18,128,124.28,129.9,1.9,fantasypros_sheet,,12.0,false,,,,0.0,0.0,0.0,11,true,false,,0.0,2026-09-01,1,0.0,268.6,268.6,13.6,false,,,,"",138.0
J.K. Dobbins,6806,RB,DEN,10,156.7,-15.4,-15.43529411764709,5,false,29,129,100.48,95.3,-33.7,fantasypros_sheet,,12.0,false,,,,0.061,0.066,0.17,11,true,false,,0.0,2026-09-01,1,0.0,156.7,156.7,13.7,false,,,,"",85.0
De'Zhaun Stribling,13417,WR,SFO,8,147.6,-16.3,-24.618917647058822,9,false,35,130,132.96,109.5,-20.5,fantasypros_sheet,,16.0,true,,,,,,,,,true,rookie w/ market-backed capital,0.0,2026-09-01,1,0.0,147.6,147.6,6.0,false,,Mike Evans,0.31,low,94.0
Rico Dowdle,7021,RB,PIT,9,155.3,-16.9,-16.88470588235296,5,false,30,131,88.82,87.3,-43.7,fantasypros_sheet,,15.3,false,Jaylen Warren,15.0,,0.143,0.144,0.86,15,true,true,contingent volume,0.0,2026-09-01,1,0.0,155.3,155.3,15.5,false,,Jaylen Warren,0.75,high,81.0
Dallas Cowboys,DAL,DEF,DAL,14,99.0,-18.0,-18.0,2,false,19,132,249.34,140.6,8.6,kdef_synthetic,,16.0,false,,,,,,,,,false,,0.0,,0,,,,,false,,,,"",223.0
Baker Mayfield,4892,QB,TBB,10,265.6,-18.2,-18.160941176470544,2,false,19,133,118.39,125.4,-7.6,fantasypros_sheet,,16.0,false,,,,0.0,0.0,0.0,1,true,false,,0.0,2026-09-01,1,0.0,265.6,265.6,18.3,false,,,,"",135.0
Dalton Schultz,5001,TE,HOU,8,109.0,-18.4,-63.14352941176472,2,false,19,134,163.71,126.6,-7.4,fantasypros_sheet,,15.3,false,,,,0.393,0.213,1.56,7,true,false,,0.0,2026-09-01,1,0.0,109.0,109.0,10.3,false,,,,"",149.0
Parker Washington,9487,WR,JAC,7,143.9,-20.0,-28.254117647058848,9,false,36,135,63.29,78.8,-56.2,fantasypros_sheet,,12.0,false,,,,0.469,0.235,2.1,7,true,false,,0.0,2026-09-01,1,0.0,143.9,143.9,12.1,false,,,,"",55.0
KC Concepcion,13298,WR,CLE,11,143.9,-20.0,-28.291764705882372,9,false,37,136,118.1,124.8,-11.2,fantasypros_sheet,,16.0,true,,,,,,,,,false,,0.0,2026-09-01,1,0.0,143.9,143.9,10.7,false,,,,"",99.0
Brian Thomas Jr.,11631,WR,JAC,7,143.3,-20.6,-28.87529411764706,9,false,38,137,80.0,84.6,-52.4,fantasypros_sheet,,14.5,false,,,,0.511,0.204,1.59,6,true,false,,0.0,2026-09-01,1,0.0,143.3,143.3,11.9,false,,Parker Washington,0.32,low,72.0
Nick Folk,650,K,ATL,11,114.0,-22.5,-22.5,3,false,25,138,253.64,127.8,-10.2,kdef_synthetic,,16.0,false,,,,,,,,,false,,0.0,,0,,,,,false,,,,"",380.0
Michael Pittman Jr.,6819,WR,PIT,9,141.4,-22.5,-30.80470588235295,9,false,39,139,80.44,120.6,-18.4,fantasypros_sheet,compromised,15.3,false,,,,0.457,0.202,1.43,10,true,false,,0.0,2026-09-01,1,0.0,141.4,141.4,15.5,false,,DK Metcalf,0.32,low,104.0
Trey Smack,13545,K,GBP,11,112.5,-24.0,-24.0,3,false,26,140,258.2,129.1,-10.9,kdef_synthetic,,16.0,false,,,,,,,,,false,,0.0,,0,,,,,false,,,,"",263.0
T.J. Hockenson,5844,TE,MIN,6,102.5,-24.9,-69.64705882352943,2,false,20,141,190.29,128.3,-12.7,fantasypros_sheet,,12.3,false,,,,0.311,0.157,1.04,3,true,false,,0.0,2026-09-01,1,0.0,102.5,102.5,12.0,false,,,,"",212.0
Chuba Hubbard,7594,RB,CAR,5,147.1,-25.1,-25.091764705882355,5,false,31,142,98.94,90.2,-51.8,fantasypros_sheet,compromised,14.7,false,,,,0.108,0.154,0.88,12,true,true,RB receiving profile,0.0,2026-09-01,1,0.0,147.1,147.1,16.4,false,,,,"",89.0
Daniel Jones,5870,QB,IND,13,258.0,-25.7,-25.73176470588237,2,false,20,143,147.99,126.7,-16.3,fantasypros_sheet,,12.0,false,,,,0.0,0.0,0.0,10,true,false,,0.0,2026-09-01,1,0.0,258.0,258.0,32.0,false,,,,"",163.0
Pat Freiermuth,7600,TE,PIT,9,101.5,-25.9,-70.66352941176471,2,false,21,144,238.46,124.0,-20.0,fantasypros_sheet,,13.3,false,,,,0.257,0.17,1.53,4,true,false,,0.0,2026-09-01,1,0.0,101.5,101.5,11.8,false,,,,"",282.0
Makai Lemon,13294,WR,PHI,10,137.7,-26.2,-34.50578823529412,9,false,40,145,109.7,115.8,-29.2,fantasypros_sheet,,16.0,true,,,,,,,,,true,rookie w/ market-backed capital,0.0,2026-09-01,1,0.0,137.7,137.7,3.5,false,,DeVonta Smith,0.31,low,105.0
Jayden Reed,10222,WR,GBP,11,137.0,-26.9,-35.20941176470592,9,false,41,146,104.21,117.4,-28.6,fantasypros_sheet,,12.0,false,,,,0.344,0.233,2.2,0,true,false,,0.0,2026-09-01,1,0.0,137.0,137.0,12.0,false,,Christian Watson,0.31,low,96.0
Denzel Boston,13346,WR,CLE,11,136.6,-27.3,-35.56969411764703,9,false,42,147,150.61,131.5,-15.5,fantasypros_sheet,,16.0,true,,,,,,,,,false,,0.0,2026-09-01,1,0.0,136.6,136.6,8.6,false,,KC Concepcion,0.3,low,143.0
Greg Dulcich,8172,TE,MIA,6,100.1,-27.3,-72.07529411764708,2,false,22,148,208.5,131.4,-16.6,fantasypros_sheet,,12.0,false,,,,0.296,0.238,2.42,4,true,false,,0.0,2026-09-01,1,0.0,100.1,100.1,11.8,false,,,,"",191.0
Jordan Love,6804,QB,GBP,11,256.3,-27.4,-27.393882352941205,2,false,21,149,118.95,123.0,-26.0,fantasypros_sheet,,14.7,false,,,,0.0,0.0,0.0,3,true,false,,0.0,2026-09-01,1,0.0,256.3,256.3,13.9,false,,,,"",122.0
Jakobi Meyers,5947,WR,JAC,7,136.2,-27.6,-35.94352941176473,9,false,43,150,104.5,130.1,-19.9,fantasypros_sheet,,14.7,false,,,,0.541,0.21,1.59,7,true,false,,0.0,2026-09-01,1,0.0,136.2,136.2,4.4,false,,Parker Washington,0.32,low,126.0
Michael Wilson,10232,WR,ARI,14,135.9,-28.0,-36.28235294117647,9,false,44,151,88.37,101.5,-49.5,fantasypros_sheet,,14.3,false,,,,0.507,0.196,1.56,5,true,false,,0.0,2026-09-01,1,0.0,135.9,135.9,8.7,false,,Marvin Harrison Jr.,0.32,low,86.0
Jonathon Brooks,11583,RB,CAR,5,144.1,-28.1,-28.11294117647057,5,false,32,152,90.84,93.1,-58.9,fantasypros_sheet,,16.0,true,Chuba Hubbard,14.666666666666666,compromised,,,,,,true,contingent volume,0.0,2026-09-01,1,0.0,144.1,144.1,23.1,false,,Chuba Hubbard,0.64,moderate,75.0
Malik Willis,8161,QB,MIA,6,255.6,-28.2,-28.15623529411758,2,false,22,153,130.02,124.9,-28.1,fantasypros_sheet,,12.0,false,,,,0.0,0.0,0.0,3,true,false,,0.0,2026-09-01,1,0.0,255.6,255.6,39.8,false,,,,"",132.0
Tyler Bass,7042,K,BUF,7,108.0,-28.5,-28.5,4,false,29,154,278.56,133.7,-20.3,kdef_synthetic,,16.0,false,,,,,,,,,false,,0.0,,0,,,,,false,,,,"",2529.0
Quentin Johnston,9754,WR,LAC,7,134.6,-29.3,-37.58117647058825,9,false,45,155,95.75,111.0,-44.0,fantasypros_sheet,,14.0,false,,,,0.496,0.184,1.61,7,true,false,,0.0,2026-09-01,1,0.0,134.6,134.6,13.4,false,,Ladd McConkey,0.32,low,91.0
Chris Godwin Jr.,4037,WR,TBB,10,133.5,-30.4,-38.654117647058825,9,false,46,156,76.5,96.7,-59.3,fantasypros_sheet,,12.0,false,,,,0.379,0.197,1.39,6,true,false,,0.0,2026-09-01,1,0.0,133.5,133.5,12.2,false,,Emeka Egbuka,0.32,low,83.0
Jordan Addison,9756,WR,MIN,6,133.3,-30.6,-38.908235294117674,9,false,47,157,105.63,115.7,-41.3,fantasypros_sheet,,14.3,false,,,,0.504,0.181,1.4,5,true,false,,0.0,2026-09-01,1,0.0,133.3,133.3,10.8,false,,Justin Jefferson,0.33,low,95.0
Cade Otton,8111,TE,TBB,10,95.5,-31.9,-76.64,2,false,23,158,239.93,,,fantasypros_sheet,,14.0,false,,,,0.342,0.135,0.95,3,true,false,,0.0,2026-09-01,1,0.0,95.5,95.5,18.7,false,,,,"",262.0
Xavier Worthy,11624,WR,KCC,5,131.9,-32.0,-40.301176470588246,9,false,48,159,129.35,129.0,-30.0,fantasypros_sheet,,14.0,false,,,,0.428,0.172,1.25,2,true,false,,0.0,2026-09-01,1,0.0,131.9,131.9,11.9,false,,Rashee Rice,0.34,low,130.0
Wan'Dale Robinson,8126,WR,TEN,9,131.2,-32.7,-40.96941176470588,9,false,49,160,85.58,130.4,-29.6,fantasypros_sheet,,15.0,false,,,,0.653,0.248,1.79,6,true,false,,0.0,2026-09-01,1,0.0,131.2,131.2,9.0,false,,Carnell Tate,0.3,low,112.0
Jake Elliott,4195,K,PHI,10,103.5,-33.0,-33.0,5,false,32,161,289.14,127.7,-33.3,kdef_synthetic,,16.0,false,,,,,,,,,false,,0.0,,0,,,,,false,,,,"",347.0
AJ Barner,11603,TE,SEA,11,94.4,-33.0,-77.82588235294119,2,false,24,162,208.19,124.8,-37.2,fantasypros_sheet,,14.5,false,,,,0.261,0.158,1.2,8,true,false,,0.0,2026-09-01,1,0.0,94.4,94.4,12.8,false,,,,"",182.0
Chig Okonkwo,8210,TE,WAS,7,93.9,-33.4,-78.23058823529414,2,false,25,163,160.38,126.4,-36.6,fantasypros_sheet,,15.7,false,,,,0.286,0.183,1.3,3,true,false,,0.0,2026-09-01,1,0.0,93.9,93.9,6.6,false,,,,"",156.0
Sam Darnold,4943,QB,SEA,11,250.2,-33.6,-33.56611764705883,2,false,23,164,139.95,122.0,-42.0,fantasypros_sheet,,13.7,false,,,,0.0,0.0,0.0,4,true,false,,0.0,2026-09-01,1,0.0,250.2,250.2,18.9,false,,,,"",151.0
Kenny Gainwell,7567,RB,TBB,10,138.0,-34.2,-34.18352941176471,5,false,33,165,100.1,119.5,-45.5,fantasypros_sheet,,15.3,false,Bucky Irving,12.5,,0.234,0.27,1.55,22,true,true,contingent volume,0.0,2026-09-01,1,0.0,138.0,138.0,14.4,false,,Bucky Irving,0.6,moderate,114.0
MarShawn Lloyd,11581,RB,GBP,11,137.8,-34.4,-34.38117647058826,5,false,34,166,179.03,120.8,-45.2,fantasypros_sheet,,16.0,true,,,,,,,,,false,,0.0,2026-09-01,1,0.0,137.8,137.8,23.1,false,,,,"",84.0
Matthew Golden,12501,WR,GBP,11,129.4,-34.5,-42.7764705882353,9,false,50,167,128.79,126.5,-40.5,fantasypros_sheet,,13.0,false,,,,0.322,0.174,1.43,0,true,false,,0.0,2026-09-01,1,0.0,129.4,129.4,16.1,false,,Christian Watson,0.31,low,101.0
Ja'Kobi Lane,13293,WR,BAL,13,128.7,-35.2,-43.46428235294118,9,false,51,168,222.62,126.2,-41.8,fantasypros_sheet,,16.0,true,,,,,,,,,false,,0.0,2026-09-01,1,0.0,128.7,128.7,15.1,false,,Zay Flowers,0.32,low,172.0
Deebo Samuel Sr.,5872,WR,SFO,8,127.7,-36.2,-44.47058823529413,9,false,52,169,138.51,126.9,-42.1,fantasypros_sheet,,14.0,false,,,,0.475,0.239,1.76,10,true,false,,0.0,2026-09-01,1,0.0,127.7,127.7,8.6,false,,Mike Evans,0.31,low,150.0
Romeo Doubs,8121,WR,NEP,11,127.5,-36.4,-44.68705882352941,9,false,53,170,127.35,132.0,-38.0,fantasypros_sheet,,14.3,false,,,,0.479,0.195,1.66,9,true,false,,0.0,2026-09-01,1,0.0,127.5,127.5,9.8,false,,A.J. Brown,0.31,low,124.0
Kyle Monangai,12534,RB,CHI,10,135.6,-36.6,-36.59294117647059,5,false,35,171,116.95,107.9,-63.1,fantasypros_sheet,compromised,16.0,false,D'Andre Swift,15.333333333333334,,0.086,0.107,0.58,22,true,true,contingent volume,0.0,2026-09-01,1,0.0,135.6,135.6,15.3,false,,D'Andre Swift,0.73,moderate,109.0
Stefon Diggs,2449,WR,WAS,7,127.0,-36.9,-45.185882352941206,9,false,54,172,96.49,104.2,-67.8,fantasypros_sheet,compromised,13.0,false,,,,0.469,0.288,2.86,7,true,false,,0.0,2026-09-01,1,0.0,127.0,127.0,7.0,false,,Terry McLaurin,0.31,low,92.0
Rachaad White,8136,RB,WAS,7,135.1,-37.1,-37.08235294117645,5,false,36,173,111.88,123.8,-49.2,fantasypros_sheet,,15.3,false,,,,0.105,0.13,0.63,11,true,false,,0.0,2026-09-01,1,0.0,135.1,135.1,20.2,false,,,,"",116.0
C.J. Stroud,9758,QB,HOU,8,245.2,-38.5,-38.54682352941177,2,false,24,174,145.31,124.8,-49.2,fantasypros_sheet,,14.3,false,,,,0.0,0.0,0.0,3,true,false,,0.0,2026-09-01,1,0.0,245.2,245.2,16.4,false,,,,"",165.0
Darren Waller,2505,TE,CAR,5,88.7,-38.7,-83.45411764705882,2,false,26,175,267.85,,,fantasypros_sheet,,12.0,false,,,,0.421,0.259,2.16,6,true,false,,0.0,2026-09-01,1,0.0,88.7,88.7,8.6,false,,,,"",247.0
Aaron Jones Sr.,4199,RB,MIN,6,132.9,-39.2,-39.24705882352944,5,false,37,176,115.78,124.2,-51.8,fantasypros_sheet,,12.3,false,,,,0.203,0.184,0.89,6,true,true,RB receiving profile,0.0,2026-09-01,1,0.0,132.9,132.9,10.4,false,,,,"",125.0
Rashid Shaheed,8676,WR,SEA,11,124.5,-39.4,-47.65176470588233,9,false,55,177,148.75,128.2,-48.8,fantasypros_sheet,,12.0,false,,,,0.4,0.25,1.87,2,true,false,,0.0,2026-09-01,1,0.0,124.5,124.5,13.8,false,,Jaxon Smith-Njigba,0.32,low,133.0
Jacory Croskey-Merritt,12533,RB,WAS,7,132.7,-39.5,-39.501176470588206,5,false,38,178,113.67,107.6,-70.4,fantasypros_sheet,,16.0,false,Rachaad White,15.333333333333334,,0.041,0.055,0.29,21,true,true,contingent volume,0.0,2026-09-01,1,0.0,132.7,132.7,10.2,false,,Rachaad White,0.63,moderate,90.0
RJ Harvey,12489,RB,DEN,10,131.3,-40.9,-40.865882352941185,5,false,39,179,97.46,107.4,-71.6,fantasypros_sheet,,16.0,false,J.K. Dobbins,12.0,,0.146,0.192,1.18,21,true,true,contingent volume,0.0,2026-09-01,1,0.0,131.3,131.3,21.7,false,,J.K. Dobbins,0.63,moderate,110.0
Khalil Shakir,8134,WR,BUF,7,122.1,-41.7,-50.03294117647057,9,false,56,180,123.36,130.8,-49.2,fantasypros_sheet,compromised,14.7,false,,,,0.377,0.269,2.03,6,true,false,,0.0,2026-09-01,1,0.0,122.1,122.1,7.3,false,,DJ Moore,0.32,low,140.0
Jordan Mason,8408,RB,MIN,6,130.2,-42.0,-41.95764705882354,5,false,40,181,115.68,113.5,-67.5,fantasypros_sheet,,12.0,false,Aaron Jones Sr.,12.333333333333334,,0.042,0.064,0.2,9,true,true,contingent volume,0.0,2026-09-01,1,0.0,130.2,130.2,10.3,false,,Aaron Jones Sr.,0.6,moderate,103.0
Evan Engram,4066,TE,DEN,10,85.0,-42.4,-87.20941176470589,2,false,27,182,253.98,,,fantasypros_sheet,,13.0,false,,,,0.308,0.265,1.61,1,true,false,,0.0,2026-09-01,1,0.0,85.0,85.0,4.7,false,,,,"",287.0
Josh Downs,9500,WR,IND,13,121.4,-42.5,-50.78588235294117,9,false,57,183,87.25,107.5,-75.5,fantasypros_sheet,,14.7,false,,,,0.379,0.248,1.59,5,true,false,,0.0,2026-09-01,1,0.0,121.4,121.4,9.6,false,,Alec Pierce,0.31,low,87.0
Bryce Young,9228,QB,CAR,5,240.6,-43.1,-43.13223529411766,2,false,25,184,172.12,121.1,-62.9,fantasypros_sheet,,14.3,false,,,,0.0,0.0,0.0,5,true,false,,0.0,2026-09-01,1,0.0,240.6,240.6,22.5,false,,,,"",183.0
Jalen Coker,11646,WR,CAR,5,119.7,-44.2,-52.52705882352943,9,false,58,185,124.68,133.1,-51.9,fantasypros_sheet,,12.0,false,,,,0.371,0.167,1.53,4,true,false,,0.0,2026-09-01,1,0.0,119.7,119.7,9.9,false,,Tetairoa McMillan,0.32,low,117.0
Jerry Jeudy,6783,WR,CLE,11,118.8,-45.1,-53.36470588235295,9,false,59,186,167.97,124.2,-61.8,fantasypros_sheet,,15.7,false,,,,0.555,0.185,1.05,3,true,false,,0.0,2026-09-01,1,0.0,118.8,118.8,10.4,false,,KC Concepcion,0.3,low,194.0
Blake Corum,11586,RB,LAR,11,126.6,-45.6,-45.62823529411767,5,false,41,187,112.07,99.8,-87.2,fantasypros_sheet,,14.5,false,Kyren Williams,14.0,,0.035,0.071,0.18,16,true,true,contingent volume,0.0,2026-09-01,1,0.0,126.6,126.6,15.4,false,,Kyren Williams,0.8,high,93.0
Mike Washington Jr.,13305,RB,LVR,13,125.9,-46.2,-46.23459764705885,5,false,42,188,165.41,123.0,-65.0,fantasypros_sheet,,16.0,true,Ashton Jeanty,16.0,compromised,,,,,,true,contingent volume,0.0,2026-09-01,1,0.0,125.9,125.9,25.8,false,,Ashton Jeanty,0.7,moderate,128.0
Calvin Ridley,4981,WR,TEN,9,117.3,-46.5,-54.84235294117647,9,false,60,189,202.32,140.6,-48.4,fantasypros_sheet,,12.7,false,,,,0.423,0.222,1.87,1,true,false,,0.0,2026-09-01,1,0.0,117.3,117.3,11.0,false,,Carnell Tate,0.3,low,254.0
Jordyn Tyson,13281,WR,NOS,8,114.5,-49.4,-57.66098823529414,9,false,61,190,135.15,98.7,-91.3,fantasypros_sheet,compromised,16.0,true,,,,,,,,,true,rookie w/ market-backed capital,0.0,2026-09-01,1,0.0,114.5,114.5,6.9,false,,Chris Olave,0.31,low,129.0
Kaelon Black,13414,RB,SFO,8,119.8,-52.4,-52.40803764705885,5,false,43,191,237.76,130.0,-61.0,fantasypros_sheet,,16.0,true,Christian McCaffrey,12.0,compromised,,,,,,true,contingent volume,0.0,2026-09-01,1,0.0,119.8,119.8,23.4,false,,Christian McCaffrey,0.85,high,159.0
Tre Tucker,10213,WR,LVR,13,110.6,-53.2,-61.54352941176472,9,false,67,192,162.97,129.7,-62.3,fantasypros_sheet,,14.7,false,,,,0.469,0.153,1.16,5,true,false,,0.0,2026-09-01,1,0.0,110.6,110.6,9.7,false,,,,"",148.0
Rashod Bateman,7571,WR,BAL,13,108.1,-55.8,-64.1129411764706,9,false,68,193,226.05,138.0,-55.0,fantasypros_sheet,,13.7,false,,,,0.301,0.131,0.77,4,true,false,,0.0,2026-09-01,1,0.0,108.1,108.1,11.1,false,,Zay Flowers,0.32,low,222.0
Oronde Gadsden II,12493,TE,LAC,7,70.6,-56.8,-101.61882352941177,3,true,31,194,211.73,126.6,-67.4,fantasypros_sheet,,14.0,false,,,,0.333,0.175,1.68,5,true,false,,0.0,2026-09-01,1,0.0,70.6,70.6,11.4,false,,,,"",216.0
Keenan Allen,1479,WR,IND,13,106.1,-57.8,-66.11764705882354,9,false,70,195,193.66,125.5,-69.5,fantasypros_sheet,,14.0,false,,,,0.49,0.307,1.96,7,true,false,,0.0,2026-09-01,1,0.0,106.1,106.1,12.4,false,,Alec Pierce,0.31,low,145.0
Jalen McMillan,11618,WR,TBB,10,103.7,-60.2,-68.47058823529413,9,false,71,196,172.6,135.9,-60.1,fantasypros_sheet,compromised,12.0,false,,,,0.262,0.18,2.13,0,true,false,,0.0,2026-09-01,1,0.0,103.7,103.7,2.8,false,,Emeka Egbuka,0.32,low,153.0
Jauan Jennings,7049,WR,MIN,6,103.5,-60.3,-68.63058823529411,9,false,73,197,166.54,126.0,-71.0,fantasypros_sheet,,13.0,false,,,,0.478,0.192,1.37,11,true,false,,0.0,2026-09-01,1,0.0,103.5,103.5,15.0,false,,Justin Jefferson,0.33,low,214.0
Tyjae Spears,9508,RB,TEN,9,108.4,-63.7,-63.745882352941194,6,false,44,198,139.37,133.0,-65.0,fantasypros_sheet,,13.0,false,Tony Pollard,15.666666666666666,,0.15,0.206,1.09,8,true,true,contingent volume,0.0,2026-09-01,1,0.0,108.4,108.4,15.7,false,,Tony Pollard,0.64,moderate,139.0
Geno Smith,1373,QB,NYJ,13,219.8,-63.9,-63.8776470588235,2,false,26,199,222.37,,,fantasypros_sheet,,14.7,false,,,,0.0,0.0,0.0,2,true,false,,0.0,2026-09-01,1,0.0,219.8,219.8,25.5,false,,,,"",248.0
Woody Marks,12474,RB,HOU,8,107.2,-65.0,-64.97882352941177,6,true,45,200,137.25,130.7,-69.3,fantasypros_sheet,,15.0,false,David Montgomery,14.0,,0.115,0.105,0.61,18,true,true,contingent volume,0.0,2026-09-01,1,0.0,107.2,107.2,13.2,false,,David Montgomery,0.74,moderate,131.0
Jalen Nailor,8180,WR,LVR,13,98.9,-65.0,-73.28000000000002,9,false,77,201,190.27,128.9,-72.1,fantasypros_sheet,,12.0,false,,,,0.295,0.133,1.12,7,true,false,,0.0,2026-09-01,1,0.0,98.9,98.9,7.1,false,,Tre Tucker,0.31,low,177.0
Cam Ward,12522,QB,TEN,9,217.2,-66.5,-66.54305882352938,2,false,27,202,156.55,124.1,-77.9,fantasypros_sheet,,16.0,false,,,,0.0,0.0,0.0,8,true,false,,0.0,2026-09-01,1,0.0,217.2,217.2,24.6,false,,,,"",179.0
Cooper Kupp,4039,WR,SEA,11,95.3,-68.6,-76.90352941176472,9,true,80,203,222.96,120.2,-82.8,fantasypros_sheet,,12.3,false,,,,0.341,0.175,1.48,5,true,false,,0.0,2026-09-01,1,0.0,95.3,95.3,15.7,false,,Jaxon Smith-Njigba,0.32,low,235.0
Aaron Rodgers,96,QB,PIT,9,211.2,-72.5,-72.5195294117647,2,true,29,204,216.72,116.1,-87.9,fantasypros_sheet,,15.5,false,,,,0.001,0.002,-0.02,2,true,false,,0.0,2026-09-01,1,0.0,211.2,211.2,21.8,false,,,,"",249.0
Justice Hill,5995,RB,BAL,13,92.7,-79.5,-79.47294117647061,7,false,46,205,236.52,,,fantasypros_sheet,,12.3,false,Derrick Henry,16.0,,0.162,0.234,1.47,1,true,true,contingent volume,0.0,2026-09-01,1,0.0,92.7,92.7,14.1,false,,Derrick Henry,0.85,high,255.0
Malik Washington,11610,WR,MIA,6,82.9,-81.0,-89.29882352941176,10,false,84,206,190.64,144.3,-61.7,fantasypros_sheet,,13.5,false,,,,0.29,0.204,1.0,8,true,false,,0.0,2026-09-01,1,0.0,82.9,82.9,9.9,false,,,,"",209.0
Cyrus Allen,13413,WR,KCC,5,82.8,-81.1,-89.41552941176471,10,false,85,207,222.38,148.1,-58.9,fantasypros_sheet,,16.0,true,,,,,,,,,false,,0.0,2026-09-01,1,0.0,82.8,82.8,0.0,false,,Rashee Rice,0.34,low,173.0
Chris Rodriguez Jr.,10219,RB,JAC,7,87.6,-84.6,-84.55529411764708,7,false,47,208,140.02,131.0,-77.0,fantasypros_sheet,,12.0,false,Bhayshul Tuten,14.0,,0.022,0.027,0.2,22,true,true,contingent volume,0.0,2026-09-01,1,0.0,87.6,87.6,25.3,false,,Bhayshul Tuten,0.62,moderate,111.0
Travis Hunter,12530,WR,JAC,7,78.8,-85.1,-93.41176470588236,10,false,86,209,189.75,125.4,-83.6,fantasypros_sheet,,12.0,false,,,,0.387,0.231,1.53,2,true,false,,0.0,2026-09-01,1,0.0,78.8,78.8,0.0,false,,Parker Washington,0.32,low,174.0
Dylan Sampson,12469,RB,CLE,11,87.0,-85.2,-85.22352941176473,7,false,48,210,148.86,167.4,-42.6,fantasypros_sheet,,14.0,false,Quinshon Judkins,13.0,,0.115,0.258,1.75,3,true,true,contingent volume,0.0,2026-09-01,1,0.0,87.0,87.0,17.9,false,,Quinshon Judkins,0.69,moderate,180.0
Emmett Johnson,13337,RB,KCC,5,86.6,-85.6,-85.58678588235294,7,false,49,211,189.73,126.1,-84.9,fantasypros_sheet,,16.0,true,Kenneth Walker III,13.333333333333334,compromised,,,,,,true,contingent volume,0.0,2026-09-01,1,0.0,86.6,86.6,11.2,false,,Kenneth Walker III,0.63,moderate,167.0
Braelon Allen,11576,RB,NYJ,13,84.4,-87.7,-87.7364705882353,7,false,50,212,175.43,128.3,-83.7,fantasypros_sheet,,12.0,false,Breece Hall,15.333333333333334,compromised,0.048,,,6,true,true,contingent volume,0.0,2026-09-01,1,0.0,84.4,84.4,19.5,false,,Breece Hall,0.65,moderate,161.0
Tyler Allgeier,8132,RB,ARI,14,81.5,-90.6,-90.64470588235295,7,false,53,213,138.72,130.0,-83.0,fantasypros_sheet,,16.0,false,Jeremiyah Love,16.0,compromised,0.043,0.086,0.52,19,true,true,contingent volume,0.0,2026-09-01,1,0.0,81.5,81.5,8.9,false,,Jeremiyah Love,0.55,moderate,136.0
Tyreek Hill,3321,WR,FA,,72.7,-91.2,-99.52000000000001,11,false,95,214,282.61,129.2,-84.8,sleeper_rotowire,,12.0,false,,,,0.688,0.331,3.02,2,true,false,,0.0,2026-09-03,1,0.0,72.7,72.7,,false,,,,"",354.0
Brian Robinson Jr.,8154,RB,ATL,11,77.7,-94.4,-94.43764705882354,7,false,55,215,177.08,118.1,-96.9,fantasypros_sheet,,14.0,false,Bijan Robinson,16.0,,0.033,0.107,0.22,5,true,true,contingent volume,0.0,2026-09-01,1,0.0,77.7,77.7,7.9,false,,Bijan Robinson,0.72,moderate,160.0
Isaac TeSlaa,12535,WR,DET,6,68.1,-95.8,-104.09411764705884,11,false,102,216,217.77,124.1,-91.9,fantasypros_sheet,,13.0,false,,,,0.17,0.104,0.92,3,true,false,,0.0,2026-09-01,1,0.0,68.1,68.1,8.9,false,,Amon-Ra St. Brown,0.35,low,260.0
Tank Bigsby,9225,RB,PHI,10,75.8,-96.4,-96.3670588235294,7,false,56,217,171.53,129.6,-87.4,fantasypros_sheet,,12.0,false,Saquon Barkley,14.333333333333334,,0.023,0.05,0.4,9,true,true,contingent volume,0.0,2026-09-01,1,0.0,75.8,75.8,15.3,false,,Saquon Barkley,0.77,high,137.0
Keaton Mitchell,9511,RB,LAC,7,72.2,-100.0,-100.00941176470589,7,false,57,218,151.49,131.6,-86.4,fantasypros_sheet,,12.0,false,Omarion Hampton,12.0,,0.057,0.173,0.91,2,true,true,contingent volume,0.0,2026-09-01,1,0.0,72.2,72.2,11.2,false,,Omarion Hampton,0.67,moderate,127.0
Tyrone Tracy Jr.,11655,RB,NYG,8,68.1,-104.1,-104.10352941176471,7,true,58,219,162.2,130.7,-88.3,fantasypros_sheet,,15.0,false,Cam Skattebo,12.0,,0.163,0.151,0.9,7,true,true,contingent volume,0.0,2026-09-01,1,0.0,68.1,68.1,27.8,false,,Cam Skattebo,0.66,moderate,221.0
Jaydon Blue,12457,RB,DAL,14,49.0,-123.1,-123.14352941176472,8,true,61,220,226.47,148.7,-71.3,sleeper_rotowire,,12.0,false,Javonte Williams,15.333333333333334,,0.007,,,2,true,true,contingent volume,0.0,2026-09-03,1,0.0,49.0,49.0,,false,,Javonte Williams,0.8,high,250.0
Terrance Ferguson,12487,TE,LAR,11,0.0,-127.4,-172.17882352941177,4,false,69,221,212.67,127.0,-94.0,fantasypros_sheet,,12.0,false,,,,0.179,0.119,1.1,3,true,false,,0.0,2026-09-01,1,,,,,true,Colby Parkinson,,,"",157.0
Kenyon Sadiq,13330,TE,NYJ,13,0.0,-127.4,-172.17882352941177,4,false,84,222,222.64,130.0,-92.0,fantasypros_sheet,compromised,16.0,true,,,,,,,,,false,,0.0,2026-09-01,1,,,,,true,Mason Taylor,,,"",195.0
David Njoku,4033,TE,LAC,7,0.0,-127.4,-172.17882352941177,4,false,99,223,250.34,123.2,-99.8,fantasypros_sheet,,12.0,false,,,,0.251,0.15,0.91,3,true,false,,0.0,2026-09-01,1,,,,,true,Oronde Gadsden II,Oronde Gadsden II,0.36,low,307.0
Ollie Gordon II,12495,RB,MIA,6,0.0,-172.2,-172.17882352941177,9,false,117,224,248.68,52.0,-172.0,fantasypros_sheet,,15.0,false,De'Von Achane,13.666666666666666,,0.023,0.072,0.25,12,true,true,contingent volume,0.0,2026-09-01,1,,,,,true,De'Von Achane,De'Von Achane,0.67,moderate,280.0
Jonah Coleman,13345,RB,DEN,10,0.0,-172.2,-172.17882352941177,9,false,124,225,156.36,129.0,-96.0,fantasypros_sheet,,16.0,true,J.K. Dobbins,12.0,,,,,,,true,contingent volume,0.0,2026-09-01,1,,,,,true,J.K. Dobbins,J.K. Dobbins,0.63,moderate,142.0
Alvin Kamara,4035,RB,NOS,8,0.0,-172.2,-172.17882352941177,9,false,131,226,166.12,125.8,-100.2,fantasypros_sheet,compromised,12.0,false,Travis Etienne Jr.,15.333333333333334,,0.18,0.135,0.65,8,true,true,contingent volume,0.0,2026-09-01,1,,,,,true,Travis Etienne Jr.,Travis Etienne Jr.,0.79,high,184.0
James Conner,4137,RB,ARI,14,0.0,-172.2,-172.17882352941177,9,false,132,227,211.4,125.1,-101.9,fantasypros_sheet,compromised,12.0,false,Jeremiyah Love,16.0,compromised,0.135,0.139,0.59,4,true,true,contingent volume,0.0,2026-09-01,1,,,,,true,Jeremiyah Love,Jeremiyah Love,0.55,moderate,229.0
Josh Jacobs,5850,RB,GBP,11,0.0,-172.2,-172.17882352941177,9,false,134,228,46.94,37.2,-190.8,fantasypros_sheet,out,14.0,false,,,,0.124,0.142,0.91,32,true,false,,0.0,2026-09-01,1,,,,,false,,MarShawn Lloyd,0.55,moderate,108.0
Isiah Pacheco,8205,RB,DET,6,0.0,-172.2,-172.17882352941177,9,false,143,229,163.96,125.2,-103.8,fantasypros_sheet,compromised,12.0,false,Jahmyr Gibbs,15.333333333333334,,0.098,0.093,0.36,9,true,true,contingent volume,0.0,2026-09-01,1,,,,,true,Jahmyr Gibbs,Jahmyr Gibbs,0.75,high,178.0
Zach Charbonnet,9753,RB,SEA,11,0.0,-172.2,-172.17882352941177,9,false,147,230,154.18,130.3,-99.7,fantasypros_sheet,out,15.3,false,,,,0.087,0.094,0.56,33,true,false,,0.0,2026-09-01,1,,,,,true,Jadarian Price,Jadarian Price,0.55,moderate,144.0
Fernando Mendoza,13269,QB,LVR,13,0.0,-283.7,-283.72141176470586,3,false,55,231,259.46,118.0,-113.0,fantasypros_sheet,,16.0,true,,,,,,,,,true,rookie w/ market-backed capital,0.0,2026-09-01,1,,,,,true,Kirk Cousins,,,"",240.0
