sleeper_id,name,pos,adp,model,sleeper,sleeper_as_of,espn,espn_as_of,sheet,sheet_as_of,mean,mean_n_sources,pair,league,model_built,actual
4034,Christian McCaffrey,RB,5.9,334.04999999999995,256.0,2026-09-02,300.982753873,2026-09-03,295.56000000000006,2026-09-01,278.49137693650005,2,2026,keefamania,2026-09-02,
9221,Jahmyr Gibbs,RB,1.4,303.55625,297.90000000000003,2026-09-02,330.9349918909999,2026-09-03,337.33000000000004,2026-09-01,314.41749594550004,2,2026,keefamania,2026-09-02,
9509,Bijan Robinson,RB,2.1,297.5,290.90000000000003,2026-09-02,313.545276802,2026-09-03,318.32,2026-09-01,302.22263840100004,2,2026,keefamania,2026-09-02,
7564,Ja'Marr Chase,WR,3.5,273.59375,254.6,2026-09-02,275.98217699900005,2026-09-03,275.09,2026-09-01,265.2910884995,2,2026,keefamania,2026-09-02,
6813,Jonathan Taylor,RB,6.5,281.03125,252.3,2026-09-02,289.630686985,2026-09-03,289.08000000000004,2026-09-01,270.9653434925,2,2026,keefamania,2026-09-02,
9493,Puka Nacua,WR,5.0,257.125,257.0,2026-09-02,291.701465033,2026-09-03,280.7,2026-09-01,274.3507325165,2,2026,keefamania,2026-09-02,
9488,Jaxon Smith-Njigba,WR,7.2,245.96875,233.10000000000002,2026-09-02,267.639605131,2026-09-03,270.68000000000006,2026-09-01,250.36980256549998,2,2026,keefamania,2026-09-02,
7547,Amon-Ra St. Brown,WR,8.0,237.89375,225.5,2026-09-02,264.74765059,2026-09-03,261.18,2026-09-01,245.12382529500002,2,2026,keefamania,2026-09-02,
8130,Trey McBride,TE,26.7,212.71249999999998,184.9,2026-09-02,187.171780324,2026-09-03,201.71,2026-09-01,186.035890162,2,2026,keefamania,2026-09-02,
9226,De'Von Achane,RB,15.4,248.2,229.9,2026-09-02,260.558314905,2026-09-03,260.01,2026-09-01,245.22915745250003,2,2026,keefamania,2026-09-02,
8138,James Cook III,RB,9.6,237.89375,243.3,2026-09-02,260.9412462,2026-09-03,253.95,2026-09-01,252.1206231,2,2026,keefamania,2026-09-02,
9224,Chase Brown,RB,16.0,234.49374999999998,226.7,2026-09-02,238.115300415,2026-09-03,246.45000000000002,2026-09-01,232.4076502075,2,2026,keefamania,2026-09-02,
11604,Brock Bowers,TE,21.2,191.56875000000002,200.5,2026-09-02,190.67402282100002,2026-09-03,199.4,2026-09-01,195.5870114105,2,2026,keefamania,2026-09-02,
6786,CeeDee Lamb,WR,10.9,211.33125,220.5,2026-09-02,241.22971695299998,2026-09-03,223.72,2026-09-01,230.86485847650002,2,2026,keefamania,2026-09-02,
6794,Justin Jefferson,WR,13.2,208.25,205.4,2026-09-02,238.009325396,2026-09-03,221.24000000000004,2026-09-01,221.70466269800002,2,2026,keefamania,2026-09-02,
8112,Drake London,WR,19.8,205.16875,203.20000000000002,2026-09-02,217.827368172,2026-09-03,222.49,2026-09-01,210.513684086,2,2026,keefamania,2026-09-02,
3198,Derrick Henry,RB,17.4,223.7625,236.4,2026-09-02,266.267273949,2026-09-03,265.4700000000001,2026-09-01,251.3336369745,2,2026,keefamania,2026-09-02,
4984,Josh Allen,QB,20.1,340.63750000000005,357.5,2026-09-02,376.50182916800003,2026-09-03,370.73600000000005,2026-09-01,367.00091458400004,2,2026,keefamania,2026-09-02,
4866,Saquon Barkley,RB,11.5,220.14999999999998,226.2,2026-09-02,250.91918699500005,2026-09-03,243.75,2026-09-01,238.5595934975,2,2026,keefamania,2026-09-02,
5859,A.J. Brown,WR,24.2,197.41250000000002,205.70000000000002,2026-09-02,206.16159243500002,2026-09-03,212.80000000000004,2026-09-01,205.93079621750002,2,2026,keefamania,2026-09-02,
7569,Nico Collins,WR,22.0,194.96875,218.0,2026-09-02,203.90791957300002,2026-09-03,209.50000000000003,2026-09-01,210.9539597865,2,2026,keefamania,2026-09-02,
8150,Kyren Williams,RB,28.3,213.24374999999998,192.0,2026-09-02,214.78269537100002,2026-09-03,218.42000000000002,2026-09-01,203.39134768550002,2,2026,keefamania,2026-09-02,
8144,Chris Olave,WR,32.0,193.58749999999998,192.9,2026-09-02,203.50571852200002,2026-09-03,213.98000000000002,2026-09-01,198.20285926100001,2,2026,keefamania,2026-09-02,
12507,Omarion Hampton,RB,18.5,212.075,218.9,2026-09-02,235.29597500900002,2026-09-03,229.15,2026-09-01,227.0979875045,2,2026,keefamania,2026-09-02,
7588,Javonte Williams,RB,34.4,209.41875,193.0,2026-09-02,240.007902171,2026-09-03,223.95999999999998,2026-09-01,216.5039510855,2,2026,keefamania,2026-09-02,
8137,George Pickens,WR,22.5,189.55,203.70000000000002,2026-09-02,198.701251688,2026-09-03,210.76000000000002,2026-09-01,201.20062584400003,2,2026,keefamania,2026-09-02,
10229,Rashee Rice,WR,35.4,187.31875000000002,183.3,2026-09-02,212.14856103600002,2026-09-03,219.56000000000003,2026-09-01,197.724280518,2,2026,keefamania,2026-09-02,
12527,Ashton Jeanty,RB,16.9,204.95625,211.4,2026-09-02,245.46735087000002,2026-09-03,231.58000000000004,2026-09-01,228.433675435,2,2026,keefamania,2026-09-02,
11564,Drake Maye,QB,47.2,323.74375,318.76,2026-09-02,328.715640704,2026-09-03,320.66200000000003,2026-09-01,323.737820352,2,2026,keefamania,2026-09-02,
7543,Travis Etienne Jr.,RB,42.6,198.15625,187.7,2026-09-02,223.193210336,2026-09-03,213.82,2026-09-01,205.44660516800002,2,2026,keefamania,2026-09-02,
11632,Malik Nabers,WR,31.0,178.60625,191.7,2026-09-02,200.44521964499998,2026-09-03,200.04,2026-09-01,196.0726098225,2,2026,keefamania,2026-09-02,
12481,Cam Skattebo,RB,42.6,197.625,180.2,2026-09-02,204.27959229800004,2026-09-03,212.54,2026-09-01,192.23979614900003,2,2026,keefamania,2026-09-02,
8146,Garrett Wilson,WR,49.1,176.375,183.4,2026-09-02,198.76826968000003,2026-09-03,194.38000000000002,2026-09-01,191.08413484000002,2,2026,keefamania,2026-09-02,
12518,Tyler Warren,TE,47.3,155.125,159.6,2026-09-02,167.396625527,2026-09-03,159.63000000000002,2026-09-01,163.49831276350002,2,2026,keefamania,2026-09-02,
7525,DeVonta Smith,WR,29.6,175.41875,189.20000000000002,2026-09-02,193.263118064,2026-09-03,192.95000000000002,2026-09-01,191.231559032,2,2026,keefamania,2026-09-02,
9997,Zay Flowers,WR,35.7,174.35625,187.70000000000002,2026-09-02,197.19553293400003,2026-09-03,201.14,2026-09-01,192.447766467,2,2026,keefamania,2026-09-02,
13287,Jeremiyah Love,RB,30.0,193.16250000000002,188.3,2026-09-02,243.112823416,2026-09-03,224.63000000000002,2026-09-01,215.70641170800002,2,2026,keefamania,2026-09-02,
7553,Kyle Pitts Sr.,TE,72.2,152.25625000000002,138.60000000000002,2026-09-02,144.52317852299998,2026-09-03,149.32000000000002,2026-09-01,141.56158926150002,2,2026,keefamania,2026-09-02,
6790,D'Andre Swift,RB,46.3,192.52499999999998,189.5,2026-09-02,193.95065829799998,2026-09-03,204.98999999999998,2026-09-01,191.725329149,2,2026,keefamania,2026-09-02,
4217,George Kittle,TE,83.6,150.875,138.3,2026-09-02,154.554690571,2026-09-03,151.48,2026-09-01,146.4273452855,2,2026,keefamania,2026-09-02,
8151,Kenneth Walker III,RB,15.8,191.03750000000002,225.5,2026-09-02,247.96403691000003,2026-09-03,236.48,2026-09-01,236.732018455,2,2026,keefamania,2026-09-02,
6904,Jalen Hurts,QB,56.4,309.82500000000005,308.53999999999996,2026-09-02,326.128404646,2026-09-03,320.56999999999994,2026-09-01,317.33420232300006,2,2026,keefamania,2026-09-02,
HOU,Houston Texans,DEF,97.6,143.4375,,,,,,,,,2026,keefamania,2026-09-02,
12517,Colston Loveland,TE,39.5,148.53750000000002,173.4,2026-09-02,165.651557465,2026-09-03,172.28,2026-09-01,169.52577873250002,2,2026,keefamania,2026-09-02,
12506,Harold Fannin Jr.,TE,70.9,147.2625,143.4,2026-09-02,146.434081405,2026-09-03,157.33,2026-09-01,144.9170407025,2,2026,keefamania,2026-09-02,
9484,Tucker Kraft,TE,60.5,147.15625,140.9,2026-09-02,137.95295795370004,2026-09-03,144.10999999999999,2026-09-01,139.42647897685,2,2026,keefamania,2026-09-02,
DEN,Denver Broncos,DEF,93.7,141.3125,,,,,,,,,2026,keefamania,2026-09-02,
7523,Trevor Lawrence,QB,83.8,307.38125,301.41999999999996,2026-09-02,299.941944074,2026-09-03,306.284,2026-09-01,300.680972037,2,2026,keefamania,2026-09-02,
12526,Tetairoa McMillan,WR,41.8,167.34375,182.5,2026-09-02,193.753990208,2026-09-03,192.85999999999999,2026-09-01,188.12699510400003,2,2026,keefamania,2026-09-02,
7526,Jaylen Waddle,WR,40.5,166.175,182.5,2026-09-02,174.017139429,2026-09-03,173.08,2026-09-01,178.2585697145,2,2026,keefamania,2026-09-02,
SEA,Seattle Seahawks,DEF,80.1,139.1875,,,,,,,,,2026,keefamania,2026-09-02,
6801,Tee Higgins,WR,33.4,165.64375,184.9,2026-09-02,181.46408141999999,2026-09-03,186.13,2026-09-01,183.18204071000002,2,2026,keefamania,2026-09-02,
5022,Dallas Goedert,TE,105.4,144.5,109.5,2026-09-02,141.11768274,2026-09-03,146.96,2026-09-01,125.30884137000001,2,2026,keefamania,2026-09-02,
11533,Brandon Aubrey,K,85.7,159.375,,,,,,,,,2026,keefamania,2026-09-02,
2133,Davante Adams,WR,56.5,164.89999999999998,159.0,2026-09-02,198.105794874,2026-09-03,187.77,2026-09-01,178.55289743699998,2,2026,keefamania,2026-09-02,
4046,Patrick Mahomes II,QB,102.5,304.29999999999995,284.68,2026-09-02,299.85334250200003,2026-09-03,302.33,2026-09-01,292.266671251,2,2026,keefamania,2026-09-02,
3451,Ka'imi Fairbairn,K,117.4,157.78125,,,,,,,,,2026,keefamania,2026-09-02,
LAR,Los Angeles Rams,DEF,111.0,137.0625,,,,,,,,,2026,keefamania,2026-09-02,
11560,Caleb Williams,QB,67.0,302.28125,297.34,2026-09-02,288.08033087,2026-09-03,301.62800000000004,2026-09-01,292.710165435,2,2026,keefamania,2026-09-02,
1466,Travis Kelce,TE,94.1,141.41875,136.4,2026-09-02,139.864368811,2026-09-03,144.13000000000002,2026-09-01,138.1321844055,2,2026,keefamania,2026-09-02,
8259,Cameron Dicker,K,121.9,156.1875,,,,,,,,,2026,keefamania,2026-09-02,
11635,Ladd McConkey,WR,44.8,162.03125,187.7,2026-09-02,180.438801679,2026-09-03,178.31000000000003,2026-09-01,184.06940083950002,2,2026,keefamania,2026-09-02,
8155,Breece Hall,RB,34.9,181.05,192.5,2026-09-02,245.87575713100003,2026-09-03,221.95999999999995,2026-09-01,219.1878785655,2,2026,keefamania,2026-09-02,
PHI,Philadelphia Eagles,DEF,134.1,134.9375,,,,,,,,,2026,keefamania,2026-09-02,
8228,Jaylen Warren,RB,77.0,180.09375,152.60000000000002,2026-09-02,170.36048944299998,2026-09-03,174.88,2026-09-01,161.48024472150001,2,2026,keefamania,2026-09-02,
11786,Cam Little,K,129.3,154.59375,,,,,,,,,2026,keefamania,2026-09-02,
12514,Emeka Egbuka,WR,45.2,159.69375000000002,185.5,2026-09-02,192.835455808,2026-09-03,191.42000000000002,2026-09-01,189.16772790400003,2,2026,keefamania,2026-09-02,
MIN,Minnesota Vikings,DEF,106.2,132.8125,,,,,,,,,2026,keefamania,2026-09-02,
6797,Justin Herbert,QB,70.1,298.98749999999995,293.48,2026-09-02,292.99793284199995,2026-09-03,299.314,2026-09-01,293.238966421,2,2026,keefamania,2026-09-02,
10859,Sam LaPorta,TE,63.1,138.01875,158.5,2026-09-02,149.41008511599998,2026-09-03,149.22,2026-09-01,153.95504255800003,2,2026,keefamania,2026-09-02,
2747,Jason Myers,K,121.5,153.0,,,,,,,,,2026,keefamania,2026-09-02,
7611,Rhamondre Stevenson,RB,79.0,177.8625,154.5,2026-09-02,181.413669644,2026-09-03,171.14,2026-09-01,167.95683482200002,2,2026,keefamania,2026-09-02,
421,Matthew Stafford,QB,99.7,297.7125,276.21999999999997,2026-09-02,301.384176187,2026-09-03,293.92999999999995,2026-09-01,288.8020880935,2,2026,keefamania,2026-09-02,
5189,Eddy Pineiro,K,162.7,151.40625,,,,,,,,,2026,keefamania,2026-09-02,
PIT,Pittsburgh Steelers,DEF,136.7,130.6875,,,,,,,,,2026,keefamania,2026-09-02,
4881,Lamar Jackson,QB,38.2,295.90625,324.0,2026-09-02,330.112621612,2026-09-03,324.494,2026-09-01,327.056310806,2,2026,keefamania,2026-09-02,
12711,Tyler Loop,K,150.7,149.8125,,,,,,,,,2026,keefamania,2026-09-02,
11563,Bo Nix,QB,98.8,295.48125000000005,293.72,2026-09-02,303.001866964,2026-09-03,298.298,2026-09-01,298.360933482,2,2026,keefamania,2026-09-02,
NE,New England Patriots,DEF,130.6,128.5625,,,,,,,,,2026,keefamania,2026-09-02,
12512,Quinshon Judkins,RB,54.3,173.6125,180.0,2026-09-02,209.655063085,2026-09-03,199.82,2026-09-01,194.82753154250003,2,2026,keefamania,2026-09-02,
7839,Evan McPherson,K,169.9,148.21875,,,,,,,,,2026,keefamania,2026-09-02,
5927,Terry McLaurin,WR,54.1,154.16875,176.8,2026-09-02,178.83499401800003,2026-09-03,175.24000000000004,2026-09-01,177.817497009,2,2026,keefamania,2026-09-02,
12529,TreVeyon Henderson,RB,66.3,173.29375,153.5,2026-09-02,177.773404013,2026-09-03,174.26000000000002,2026-09-01,165.6367020065,2,2026,keefamania,2026-09-02,
11566,Jayden Daniels,QB,54.4,293.25,306.72,2026-09-02,323.078683394,2026-09-03,322.424,2026-09-01,314.899341697,2,2026,keefamania,2026-09-02,
8183,Brock Purdy,QB,98.3,293.0375,299.2,2026-09-02,302.638092322,2026-09-03,305.7,2026-09-01,300.919046161,2,2026,keefamania,2026-09-02,
JAX,Jacksonville Jaguars,DEF,160.4,126.4375,,,,,,,,,2026,keefamania,2026-09-02,
2020,Cairo Santos,K,183.5,146.625,,,,,,,,,2026,keefamania,2026-09-02,
3294,Dak Prescott,QB,73.9,291.86875,299.88,2026-09-02,295.54667696999996,2026-09-03,305.76199999999994,2026-09-01,297.71333848499995,2,2026,keefamania,2026-09-02,
8110,Jake Ferguson,TE,116.7,130.475,124.80000000000001,2026-09-02,129.663168038,2026-09-03,130.16,2026-09-01,127.23158401900001,2,2026,keefamania,2026-09-02,
10236,Dalton Kincaid,TE,97.3,130.36875,130.60000000000002,2026-09-02,125.174274784,2026-09-03,131.62,2026-09-01,127.887137392,2,2026,keefamania,2026-09-02,
11539,Jake Bates,K,142.5,145.03125,,,,,,,,,2026,keefamania,2026-09-02,
11584,Bucky Irving,RB,55.4,170.21249999999998,179.3,2026-09-02,187.37892941,2026-09-03,199.57000000000002,2026-09-01,183.339464705,2,2026,keefamania,2026-09-02,
8148,Jameson Williams,WR,65.9,150.98125,176.20000000000002,2026-09-02,176.147245795,2026-09-03,185.19,2026-09-01,176.1736228975,2,2026,keefamania,2026-09-02,
LAC,Los Angeles Chargers,DEF,143.0,124.3125,,,,,,,,,2026,keefamania,2026-09-02,
11620,Rome Odunze,WR,66.7,150.2375,173.9,2026-09-02,182.470040426,2026-09-03,174.12,2026-09-01,178.18502021300003,2,2026,keefamania,2026-09-02,
8167,Christian Watson,WR,68.0,150.13125000000002,176.1,2026-09-02,160.31231703999998,2026-09-03,167.79000000000002,2026-09-01,168.20615851999997,2,2026,keefamania,2026-09-02,
12713,Andy Borregales,K,186.6,143.4375,,,,,,,,,2026,keefamania,2026-09-02,
BAL,Baltimore Ravens,DEF,166.6,122.1875,,,,,,,,,2026,keefamania,2026-09-02,
2216,Mike Evans,WR,69.1,148.53750000000002,185.2,2026-09-02,151.2130779,2026-09-03,163.1,2026-09-01,168.20653894999998,2,2026,keefamania,2026-09-02,
3214,Hunter Henry,TE,127.2,127.39375000000001,124.5,2026-09-02,122.038670029,2026-09-03,125.05000000000001,2026-09-01,123.26933501449999,2,2026,keefamania,2026-09-02,
6650,Chase McLaughlin,K,145.5,141.84375,,,,,,,,,2026,keefamania,2026-09-02,
GB,Green Bay Packers,DEF,,120.0625,,,,,,,,,2026,keefamania,2026-09-02,
4983,DJ Moore,WR,60.1,146.625,147.50000000000003,2026-09-02,174.95159201400003,2026-09-03,173.81,2026-09-01,161.225796007,2,2026,keefamania,2026-09-02,
12015,Harrison Mevis,K,132.4,140.25,,,,,,,,,2026,keefamania,2026-09-02,
5892,David Montgomery,RB,53.5,164.6875,190.10000000000002,2026-09-02,182.69424898400004,2026-09-03,182.94,2026-09-01,186.397124492,2,2026,keefamania,2026-09-02,
12489,RJ Harvey,RB,107.4,164.47500000000002,125.6,2026-09-02,124.180171686,2026-09-03,139.52,2026-09-01,124.89008584300001,2,2026,keefamania,2026-09-02,
9487,Parker Washington,WR,78.8,145.24374999999998,174.40000000000003,2026-09-02,151.948169105,2026-09-03,152.92,2026-09-01,163.17408455249998,2,2026,keefamania,2026-09-02,
1433,Brandon McManus,K,,138.65625,,,,,,,,,2026,keefamania,2026-09-02,
KC,Kansas City Chiefs,DEF,,117.9375,,,,,,,,,2026,keefamania,2026-09-02,
7567,Kenny Gainwell,RB,119.5,163.625,128.8,2026-09-02,150.566512507,2026-09-03,146.62,2026-09-01,139.68325625350002,2,2026,keefamania,2026-09-02,
5001,Dalton Schultz,TE,126.6,123.25,118.9,2026-09-02,102.67562134,2026-09-03,115.85,2026-09-01,110.78781067,2,2026,keefamania,2026-09-02,
7002,Juwan Johnson,TE,124.9,122.71875,112.9,2026-09-02,114.24214488599999,2026-09-03,123.11000000000001,2026-09-01,113.57107244299999,2,2026,keefamania,2026-09-02,
12519,Luther Burden III,WR,58.7,143.33125,173.0,2026-09-02,168.193699485,2026-09-03,171.73999999999998,2026-09-01,170.5968497425,2,2026,keefamania,2026-09-02,
CLE,Cleveland Browns,DEF,164.4,115.8125,,,,,,,,,2026,keefamania,2026-09-02,
13286,Jadarian Price,RB,65.3,160.75625000000002,160.5,2026-09-02,179.93636661899998,2026-09-03,174.42999999999998,2026-09-01,170.2181833095,2,2026,keefamania,2026-09-02,
5846,DK Metcalf,WR,86.2,141.20625,152.3,2026-09-02,163.00988612100002,2026-09-03,163.12,2026-09-01,157.6549430605,2,2026,keefamania,2026-09-02,
11628,Marvin Harrison Jr.,WR,78.7,140.78125,155.2,2026-09-02,158.677166736,2026-09-03,163.12,2026-09-01,156.93858336800002,2,2026,keefamania,2026-09-02,
DET,Detroit Lions,DEF,130.4,113.6875,,,,,,,,,2026,keefamania,2026-09-02,
6770,Joe Burrow,QB,50.1,280.07500000000005,302.12,2026-09-02,311.736430664,2026-09-03,311.04999999999995,2026-09-01,306.92821533200004,2,2026,keefamania,2026-09-02,
13279,Carnell Tate,WR,81.5,140.25,144.8,2026-09-02,164.80616968100003,2026-09-03,145.8,2026-09-01,154.8030848405,2,2026,keefamania,2026-09-02,
5012,Mark Andrews,TE,113.0,118.7875,132.5,2026-09-02,139.575810833,2026-09-03,137.22,2026-09-01,136.0379054165,2,2026,keefamania,2026-09-02,
8126,Wan'Dale Robinson,WR,130.4,139.71875,135.20000000000002,2026-09-02,135.35353452200002,2026-09-03,139.41,2026-09-01,135.27676726099997,2,2026,keefamania,2026-09-02,
12508,Jaxson Dart,QB,91.3,279.11875,294.54,2026-09-02,306.67113675200005,2026-09-03,309.782,2026-09-01,300.605568376,2,2026,keefamania,2026-09-02,
7021,Rico Dowdle,RB,87.3,158.52499999999998,142.1,2026-09-02,173.20380882900002,2026-09-03,165.0,2026-09-01,157.6519044145,2,2026,keefamania,2026-09-02,
5045,Courtland Sutton,WR,105.2,139.29375,144.8,2026-09-02,168.58944195700002,2026-09-03,164.94,2026-09-01,156.69472097850002,2,2026,keefamania,2026-09-02,
3163,Jared Goff,QB,113.8,278.1625,279.46,2026-09-02,277.542456833,2026-09-03,287.796,2026-09-01,278.5012284165,2,2026,keefamania,2026-09-02,
4227,Harrison Butker,K,129.1,132.28125,,,,,,,,,2026,keefamania,2026-09-02,
6819,Michael Pittman Jr.,WR,120.6,136.85000000000002,136.39999999999998,2026-09-02,152.689046064,2026-09-03,150.21,2026-09-01,144.544523032,2,2026,keefamania,2026-09-02,
10232,Michael Wilson,WR,101.5,135.7875,136.5,2026-09-02,140.705605202,2026-09-03,144.39000000000001,2026-09-01,138.602802601,2,2026,keefamania,2026-09-02,
9480,Brenton Strange,TE,129.2,114.32499999999999,129.5,2026-09-02,112.70161227999999,2026-09-03,121.52999999999999,2026-09-01,121.10080614,2,2026,keefamania,2026-09-02,
5849,Kyler Murray,QB,112.6,275.08124999999995,281.06,2026-09-02,291.4240460500001,2026-09-03,291.56600000000003,2026-09-01,286.24202302500004,2,2026,keefamania,2026-09-02,
4892,Baker Mayfield,QB,125.4,274.86875,272.88,2026-09-02,271.629525222,2026-09-03,282.158,2026-09-01,272.254762611,2,2026,keefamania,2026-09-02,
11631,Brian Thomas Jr.,WR,84.6,134.9375,164.39999999999998,2026-09-02,147.67687913,2026-09-03,152.26000000000002,2026-09-01,156.038439565,2,2026,keefamania,2026-09-02,
9754,Quentin Johnston,WR,111.0,134.3,134.9,2026-09-02,138.698320558,2026-09-03,143.01,2026-09-01,136.799160279,2,2026,keefamania,2026-09-02,
5870,Daniel Jones,QB,126.7,273.16875000000005,221.54,2026-09-02,273.798588252,2026-09-03,274.114,2026-09-01,247.66929412599998,2,2026,keefamania,2026-09-02,
4037,Chris Godwin Jr.,WR,96.7,133.13125,139.6,2026-09-02,126.344470655,2026-09-03,141.87,2026-09-01,132.97223532750002,2,2026,keefamania,2026-09-02,
8142,Alec Pierce,WR,96.2,132.28125,150.89999999999998,2026-09-02,154.60453242300002,2026-09-03,163.64000000000001,2026-09-01,152.75226621150003,2,2026,keefamania,2026-09-02,
DAL,Dallas Cowboys,DEF,140.6,105.1875,,,,,,,,,2026,keefamania,2026-09-02,
2449,Stefon Diggs,WR,104.2,131.43125,125.3,2026-09-02,135.078479437,2026-09-03,134.92999999999998,2026-09-01,130.1892397185,2,2026,keefamania,2026-09-02,
2505,Darren Waller,TE,,109.4375,99.1,2026-09-02,92.53570323,2026-09-03,94.27000000000001,2026-09-01,95.817851615,2,2026,keefamania,2026-09-02,
5967,Tony Pollard,RB,86.1,149.06875000000002,146.10000000000002,2026-09-02,170.46288499800002,2026-09-03,171.83,2026-09-01,158.281442499,2,2026,keefamania,2026-09-02,
12493,Oronde Gadsden II,TE,126.6,108.26875000000001,113.80000000000001,2026-09-02,61.98896071200001,2026-09-03,74.97,2026-09-01,87.894480356,2,2026,keefamania,2026-09-02,
11583,Jonathon Brooks,RB,93.1,148.53750000000002,137.9,2026-09-02,160.712073586,2026-09-03,153.07000000000002,2026-09-01,149.306036793,2,2026,keefamania,2026-09-02,
6806,J.K. Dobbins,RB,95.3,148.325,147.2,2026-09-02,163.17822594300003,2026-09-03,166.54,2026-09-01,155.1891129715,2,2026,keefamania,2026-09-02,
6804,Jordan Love,QB,123.0,268.28125,276.52,2026-09-02,272.39798064,2026-09-03,272.34799999999996,2026-09-01,274.45899032,2,2026,keefamania,2026-09-02,
8131,Isaiah Likely,TE,109.5,107.1,126.3,2026-09-02,123.142284674,2026-09-03,133.69,2026-09-01,124.721142337,2,2026,keefamania,2026-09-02,
5947,Jakobi Meyers,WR,130.1,128.24375,137.29999999999998,2026-09-02,146.56164987100001,2026-09-03,144.75,2026-09-01,141.93082493550003,2,2026,keefamania,2026-09-02,
11638,Ricky Pearsall,WR,,128.1375,,,,,,,,,2026,keefamania,2026-09-02,
9500,Josh Downs,WR,107.5,127.2875,137.3,2026-09-02,121.34668412799999,2026-09-03,128.98000000000002,2026-09-01,129.323342064,2,2026,keefamania,2026-09-02,
650,Nick Folk,K,127.8,121.125,,,,,,,,,2026,keefamania,2026-09-02,
11603,AJ Barner,TE,124.8,105.29374999999999,113.4,2026-09-02,91.093589652,2026-09-03,100.25,2026-09-01,102.24679482600001,2,2026,keefamania,2026-09-02,
9756,Jordan Addison,WR,115.7,125.90625,141.7,2026-09-02,139.96943622100002,2026-09-03,141.6,2026-09-01,140.8347181105,2,2026,keefamania,2026-09-02,
13545,Trey Smack,K,129.1,119.53125,,,,,,,,,2026,keefamania,2026-09-02,
8210,Chig Okonkwo,TE,126.4,103.80625,113.6,2026-09-02,94.99779817699999,2026-09-03,99.82,2026-09-01,104.29889908850001,2,2026,keefamania,2026-09-02,
6865,Colby Parkinson,TE,,102.53125,61.8,2026-09-02,61.218653225,2026-09-03,73.72,2026-09-01,61.50932661249999,2,2026,keefamania,2026-09-02,
12545,Tyler Shough,QB,129.9,263.2875,268.94,2026-09-02,273.876492378,2026-09-03,285.338,2026-09-01,271.408246189,2,2026,keefamania,2026-09-02,
4199,Aaron Jones Sr.,RB,124.2,142.69375000000002,120.1,2026-09-02,153.706408705,2026-09-03,141.23999999999998,2026-09-01,136.9032043525,2,2026,keefamania,2026-09-02,
3257,Jacoby Brissett,QB,,263.075,160.0,2026-09-02,205.72959325300002,2026-09-03,230.10600000000002,2026-09-01,182.86479662649998,2,2026,keefamania,2026-09-02,
13294,Makai Lemon,WR,115.8,121.975,138.5,2026-09-02,126.535652871,2026-09-03,123.83,2026-09-01,132.5178264355,2,2026,keefamania,2026-09-02,
8111,Cade Otton,TE,,100.30000000000001,95.80000000000001,2026-09-02,79.419577974,2026-09-03,101.51,2026-09-01,87.609788987,2,2026,keefamania,2026-09-02,
8121,Romeo Doubs,WR,132.0,121.3375,132.7,2026-09-02,123.98273586699999,2026-09-03,135.46,2026-09-01,128.3413679335,2,2026,keefamania,2026-09-02,
5844,T.J. Hockenson,TE,128.3,99.875,122.0,2026-09-02,119.48452269500001,2026-09-03,108.93999999999998,2026-09-01,120.7422613475,2,2026,keefamania,2026-09-02,
7042,Tyler Bass,K,133.7,114.75,,,,,,,,,2026,keefamania,2026-09-02,
10222,Jayden Reed,WR,117.4,120.59375,162.60000000000002,2026-09-02,140.77521013700002,2026-09-03,145.52999999999997,2026-09-01,151.6876050685,2,2026,keefamania,2026-09-02,
9758,C.J. Stroud,QB,124.8,260.1,245.82,2026-09-02,254.95220141800002,2026-09-03,260.498,2026-09-01,250.38610070900003,2,2026,keefamania,2026-09-02,
5872,Deebo Samuel Sr.,WR,126.9,120.38125,127.70000000000002,2026-09-02,124.874052602,2026-09-03,135.69,2026-09-01,126.28702630100001,2,2026,keefamania,2026-09-02,
12534,Kyle Monangai,RB,107.9,139.50625000000002,143.10000000000002,2026-09-02,161.280935374,2026-09-03,144.06,2026-09-01,152.19046768700002,2,2026,keefamania,2026-09-02,
13298,KC Concepcion,WR,124.8,119.10624999999999,127.4,2026-09-02,125.292805456,2026-09-03,133.0,2026-09-01,126.34640272800002,2,2026,keefamania,2026-09-02,
8134,Khalil Shakir,WR,130.8,119.0,135.2,2026-09-02,134.631603804,2026-09-03,129.78000000000003,2026-09-01,134.91580190199997,2,2026,keefamania,2026-09-02,
8172,Greg Dulcich,TE,131.4,97.75,87.4,2026-09-02,92.987873796,2026-09-03,106.36,2026-09-01,90.193936898,2,2026,keefamania,2026-09-02,
12474,Woody Marks,RB,130.7,138.01875,74.30000000000001,2026-09-02,118.713259656,2026-09-03,113.9,2026-09-01,96.506629828,2,2026,keefamania,2026-09-02,
4943,Sam Darnold,QB,122.0,257.01875,260.74,2026-09-02,252.85234214,2026-09-03,265.78999999999996,2026-09-01,256.79617107,2,2026,keefamania,2026-09-02,
9228,Bryce Young,QB,121.1,256.59375,233.58,2026-09-02,247.238322814,2026-09-03,255.62599999999998,2026-09-01,240.409161407,2,2026,keefamania,2026-09-02,
7600,Pat Freiermuth,TE,124.0,95.09375,102.9,2026-09-02,106.116638531,2026-09-03,107.86,2026-09-01,104.5083192655,2,2026,keefamania,2026-09-02,
11655,Tyrone Tracy Jr.,RB,130.7,135.15,100.80000000000001,2026-09-02,34.848935126,2026-09-03,72.33,2026-09-01,67.82446756300001,2,2026,keefamania,2026-09-02,
11646,Jalen Coker,WR,133.1,116.025,135.9,2026-09-02,116.040976821,2026-09-03,127.13,2026-09-01,125.97048841050001,2,2026,keefamania,2026-09-02,
4195,Jake Elliott,K,127.7,109.96875,,,,,,,,,2026,keefamania,2026-09-02,
13330,Kenyon Sadiq,TE,130.0,94.66874999999999,80.2,2026-09-02,115.047164195,2026-09-03,100.47,2026-09-01,97.62358209749999,2,2026,keefamania,2026-09-02,
7049,Jauan Jennings,WR,126.0,115.49375,86.2,2026-09-02,91.209891734,2026-09-03,110.02000000000001,2026-09-01,88.704945867,2,2026,keefamania,2026-09-02,
11624,Xavier Worthy,WR,129.0,114.64375000000001,134.0,2026-09-02,144.70665491100002,2026-09-03,140.12,2026-09-01,139.3533274555,2,2026,keefamania,2026-09-02,
13417,De'Zhaun Stribling,WR,109.5,114.5375,105.4,2026-09-02,133.56092047,2026-09-03,138.42000000000002,2026-09-01,119.480460235,2,2026,keefamania,2026-09-02,
13281,Jordyn Tyson,WR,98.7,113.9,90.5,2026-09-02,81.711775657,2026-09-03,89.66,2026-09-01,86.1058878285,2,2026,keefamania,2026-09-02,
12533,Jacory Croskey-Merritt,RB,107.6,132.91875,118.4,2026-09-02,149.970028317,2026-09-03,140.97000000000003,2026-09-01,134.1850141585,2,2026,keefamania,2026-09-02,
7594,Chuba Hubbard,RB,90.2,132.49375,136.9,2026-09-02,158.666119865,2026-09-03,156.28,2026-09-01,147.7830599325,2,2026,keefamania,2026-09-02,
10213,Tre Tucker,WR,129.7,111.35,102.9,2026-09-02,112.20598187000002,2026-09-03,117.55,2026-09-01,107.552990935,2,2026,keefamania,2026-09-02,
10219,Chris Rodriguez Jr.,RB,131.0,130.475,125.0,2026-09-02,69.5186066145,2026-09-03,93.1,2026-09-01,97.25930330725001,2,2026,keefamania,2026-09-02,
8136,Rachaad White,RB,123.8,130.2625,111.1,2026-09-02,143.23883034399998,2026-09-03,143.54000000000002,2026-09-01,127.16941517200001,2,2026,keefamania,2026-09-02,
8676,Rashid Shaheed,WR,128.2,110.92500000000001,115.6,2026-09-02,117.55056504499998,2026-09-03,132.31000000000003,2026-09-01,116.5752825225,2,2026,keefamania,2026-09-02,
13346,Denzel Boston,WR,131.5,109.75625,108.2,2026-09-02,113.591848839,2026-09-03,122.26000000000002,2026-09-01,110.8959244195,2,2026,keefamania,2026-09-02,
12501,Matthew Golden,WR,126.5,108.375,141.0,2026-09-02,153.729141832,2026-09-03,137.49,2026-09-01,147.36457091600002,2,2026,keefamania,2026-09-02,
6783,Jerry Jeudy,WR,124.2,107.84375,98.1,2026-09-02,113.449392936,2026-09-03,126.24,2026-09-01,105.774696468,2,2026,keefamania,2026-09-02,
96,Aaron Rodgers,QB,116.1,247.45625,175.0,2026-09-02,228.480595994,2026-09-03,224.402,2026-09-01,201.74029799699997,2,2026,keefamania,2026-09-02,
1479,Keenan Allen,WR,125.5,107.73750000000001,84.80000000000001,2026-09-02,96.33633097,2026-09-03,112.69,2026-09-01,90.56816548500001,2,2026,keefamania,2026-09-02,
9508,Tyjae Spears,RB,133.0,124.94999999999999,97.1,2026-09-02,129.36530846,2026-09-03,115.21,2026-09-01,113.23265423,2,2026,keefamania,2026-09-02,
12530,Travis Hunter,WR,125.4,104.86875,79.1,2026-09-02,83.24503931000001,2026-09-03,83.69,2026-09-01,81.172519655,2,2026,keefamania,2026-09-02,
8132,Tyler Allgeier,RB,130.0,122.08125000000001,72.7,2026-09-02,83.04314150600003,2026-09-03,86.63,2026-09-01,77.871570753,2,2026,keefamania,2026-09-02,
11586,Blake Corum,RB,99.8,121.23124999999999,127.80000000000001,2026-09-02,150.51078937799997,2026-09-03,134.45999999999998,2026-09-01,139.15539468900002,2,2026,keefamania,2026-09-02,
11618,Jalen McMillan,WR,135.9,101.46875,105.39999999999999,2026-09-02,108.509431112,2026-09-03,110.19,2026-09-01,106.95471555600001,2,2026,keefamania,2026-09-02,
12490,Bhayshul Tuten,RB,62.6,120.48750000000001,158.8,2026-09-02,187.94502039900004,2026-09-03,194.64,2026-09-01,173.37251019950003,2,2026,keefamania,2026-09-02,
13269,Fernando Mendoza,QB,118.0,240.97500000000002,210.16,2026-09-02,195.81003280800002,2026-09-03,191.58400000000003,2026-09-01,202.985016404,2,2026,keefamania,2026-09-02,
3321,Tyreek Hill,WR,129.2,100.725,77.2,2026-09-02,,,,,77.2,1,2026,keefamania,2026-09-02,
11610,Malik Washington,WR,144.3,99.875,107.30000000000001,2026-09-02,88.71242243399999,2026-09-03,88.06000000000002,2026-09-01,98.006211217,2,2026,keefamania,2026-09-02,
4981,Calvin Ridley,WR,140.6,99.55625,63.800000000000004,2026-09-02,113.45521526700001,2026-09-03,124.67,2026-09-01,88.6276076335,2,2026,keefamania,2026-09-02,
8408,Jordan Mason,RB,113.5,118.36250000000001,143.7,2026-09-02,144.160744504,2026-09-03,138.36,2026-09-01,143.93037225199998,2,2026,keefamania,2026-09-02,
8180,Jalen Nailor,WR,128.9,99.025,107.60000000000001,2026-09-02,101.67871763000001,2026-09-03,105.08,2026-09-01,104.63935881500001,2,2026,keefamania,2026-09-02,
13345,Jonah Coleman,RB,129.0,117.61875,58.900000000000006,2026-09-02,65.297229425,2026-09-03,44.49000000000001,2026-09-01,62.0986147125,2,2026,keefamania,2026-09-02,
12522,Cam Ward,QB,124.1,236.61874999999998,225.84,2026-09-02,228.98824340599998,2026-09-03,230.752,2026-09-01,227.41412170299998,2,2026,keefamania,2026-09-02,
4039,Cooper Kupp,WR,120.2,96.05000000000001,70.4,2026-09-02,82.35958426,2026-09-03,101.22999999999999,2026-09-01,76.37979213,2,2026,keefamania,2026-09-02,
13305,Mike Washington Jr.,RB,123.0,114.43125,89.5,2026-09-02,62.31649096800001,2026-09-03,92.26999999999998,2026-09-01,75.908245484,2,2026,keefamania,2026-09-02,
13413,Cyrus Allen,WR,148.1,94.775,77.5,2026-09-02,42.967394681,2026-09-03,42.800000000000004,2026-09-01,60.2336973405,2,2026,keefamania,2026-09-02,
13293,Ja'Kobi Lane,WR,126.2,94.775,87.4,2026-09-02,92.220588609,2026-09-03,110.61,2026-09-01,89.8102943045,2,2026,keefamania,2026-09-02,
11576,Braelon Allen,RB,128.3,113.36875,47.2,2026-09-02,69.620494524,2026-09-03,89.72,2026-09-01,58.410247262,2,2026,keefamania,2026-09-02,
8125,Calvin Austin III,WR,,93.7125,,,,,,,,,2026,keefamania,2026-09-02,
8161,Malik Willis,QB,124.9,233.325,270.12,2026-09-02,248.22063487000003,2026-09-03,271.53800000000007,2026-09-01,259.170317435,2,2026,keefamania,2026-09-02,
12535,Isaac TeSlaa,WR,124.1,91.5875,73.10000000000001,2026-09-02,60.892858270000005,2026-09-03,72.33999999999999,2026-09-01,66.99642913500001,2,2026,keefamania,2026-09-02,
7571,Rashod Bateman,WR,138.0,91.1625,84.30000000000001,2026-09-02,103.227004995,2026-09-03,114.82,2026-09-01,93.7635024975,2,2026,keefamania,2026-09-02,
11581,MarShawn Lloyd,RB,120.8,109.96875,137.0,2026-09-02,124.04008035300001,2026-09-03,146.41,2026-09-01,130.52004017649998,2,2026,keefamania,2026-09-02,
13337,Emmett Johnson,RB,126.1,106.67500000000001,59.2,2026-09-02,49.454618250500005,2026-09-03,35.92,2026-09-01,54.327309125250004,2,2026,keefamania,2026-09-02,
3200,Sterling Shepard,WR,,86.275,0.6000000000000001,2026-09-02,,,,,0.6000000000000001,1,2026,keefamania,2026-09-02,
9511,Keaton Mitchell,RB,131.6,101.57499999999999,87.9,2026-09-02,83.241127373,2026-09-03,76.68,2026-09-01,85.57056368650001,2,2026,keefamania,2026-09-02,
4033,David Njoku,TE,123.2,60.1375,46.5,2026-09-02,84.202453773,2026-09-03,86.36999999999999,2026-09-01,65.3512268865,2,2026,keefamania,2026-09-02,
9225,Tank Bigsby,RB,129.6,100.51249999999999,61.2,2026-09-02,62.026528148500006,2026-09-03,80.55000000000001,2026-09-01,61.613264074250004,2,2026,keefamania,2026-09-02,
13414,Kaelon Black,RB,130.0,93.81875,39.3,2026-09-02,56.0395231765,2026-09-03,83.42999999999999,2026-09-01,47.66976158825,2,2026,keefamania,2026-09-02,
8154,Brian Robinson Jr.,RB,118.1,93.2875,63.400000000000006,2026-09-02,89.150487649,2026-09-03,82.6,2026-09-01,76.27524382450001,2,2026,keefamania,2026-09-02,
4988,Nick Chubb,RB,,90.84375,,,,,,,,,2026,keefamania,2026-09-02,
12487,Terrance Ferguson,TE,127.0,50.46875,82.80000000000001,2026-09-02,112.57226272999999,2026-09-03,102.97999999999999,2026-09-01,97.686131365,2,2026,keefamania,2026-09-02,
12457,Jaydon Blue,RB,148.7,85.63749999999999,52.1,2026-09-02,,,,,52.1,1,2026,keefamania,2026-09-02,
8205,Isiah Pacheco,RB,125.2,70.44375,48.6,2026-09-02,66.51232422499999,2026-09-03,103.56999999999998,2026-09-01,57.556162112500004,2,2026,keefamania,2026-09-02,
4035,Alvin Kamara,RB,125.8,53.974999999999994,53.0,2026-09-02,97.73162379800002,2026-09-03,101.07000000000001,2026-09-01,75.36581189900001,2,2026,keefamania,2026-09-02,
4137,James Conner,RB,125.1,48.131249999999994,51.7,2026-09-02,,,40.5,2026-09-01,51.7,1,2026,keefamania,2026-09-02,
12495,Ollie Gordon II,RB,52.0,47.91875,21.7,2026-09-02,31.755876210500002,2026-09-03,23.6,2026-09-01,26.72793810525,2,2026,keefamania,2026-09-02,
12484,Jayden Higgins,WR,,0.0,,,,,,,,,2026,keefamania,2026-09-02,
5850,Josh Jacobs,RB,37.2,0.0,78.2,2026-09-02,152.003945113,2026-09-03,133.99,2026-09-01,115.10197255650002,2,2026,keefamania,2026-09-02,
9753,Zach Charbonnet,RB,130.3,0.0,61.7,2026-09-02,123.39028630599998,2026-09-03,107.60999999999999,2026-09-01,92.545143153,2,2026,keefamania,2026-09-02,
11562,Spencer Rattler,QB,,34.10625,12.68,2026-09-02,9.359211267000001,2026-09-03,10.078,2026-09-01,11.019605633500001,2,2026,keefamania,2026-09-02,
7585,Davis Mills,QB,,29.325000000000003,12.04,2026-09-02,8.7975302082,2026-09-03,10.832000000000003,2026-09-01,10.4187651041,2,2026,keefamania,2026-09-02,
12486,Dillon Gabriel,QB,,0.0,11.860000000000001,2026-09-02,,,,,11.860000000000001,1,2026,keefamania,2026-09-02,
3161,Carson Wentz,QB,,0.0,12.44,2026-09-02,,,,,12.44,1,2026,keefamania,2026-09-02,
