sleeper_id,name,pos,adp,usage,curve,blend,lines,actual,games_actual,pair,blend_gt,lines_gt
5012,Mark Andrews,TE,49.7,160.71356075109844,155.27037572272047,158.26412748832837,165.427,161.3,17,2023->2024,162.84287160159218,170.21297338794133
7543,Travis Etienne Jr.,RB,16.9,207.27607274089817,210.5998562185145,209.27034282746797,207.655,110.7,15,2023->2024,210.147488166827,208.5253747171417
7588,Javonte Williams,RB,117.7,172.71381158618578,145.8360341531072,163.30658948460828,161.84,131.9,17,2023->2024,145.2511313617308,143.94669053938023
4881,Lamar Jackson,QB,40.6,331.37910960227634,313.36291442779117,325.0734412912065,349.605,434.38000000000005,17,2023->2024,345.22559675568704,371.2779311480369
6801,Tee Higgins,WR,48.5,151.40133214975071,173.26274921483943,168.89046580182168,,185.6,12,2023->2024,180.15401518014156,
11625,Adonai Mitchell,WR,158.2,,133.24273177605357,133.24273177605357,128.078,42.26,17,2023->2024,133.24273177605357,128.078
11584,Bucky Irving,RB,145.8,,138.69179157543613,138.69179157543613,71.213,220.9,17,2023->2024,138.69179157543613,71.213
4981,Calvin Ridley,WR,74.2,188.65478498677967,158.86997295013077,164.82693535746057,167.80700000000002,167.20000000000002,17,2023->2024,170.02478506845918,173.09882663356524
4950,Christian Kirk,WR,54.2,150.1968910961709,169.50150183521865,165.6405796874091,178.381,57.400000000000006,8,2023->2024,170.86408783181912,184.00627979596797
5022,Dallas Goedert,TE,133.8,117.82995503037188,115.53422486508923,117.02644947252294,130.305,82.6,10,2023->2024,122.6911928164577,136.6125004390758
8676,Rashid Shaheed,WR,128.8,127.497112230695,140.20214248663953,137.66113643545063,137.98899999999998,71.80000000000001,6,2023->2024,137.66113643545063,137.98899999999998
4137,James Conner,RB,45.0,207.61487171261498,177.91975214153132,197.2215798627357,204.391,230.3,16,2023->2024,190.12023940977295,197.03151085316472
11632,Malik Nabers,WR,52.5,,170.58020563425444,170.58020563425444,175.88199999999998,219.10000000000002,15,2023->2024,175.95948585101763,181.4284733411879
6943,Gabe Davis,WR,164.2,137.6845519194938,131.98268311221486,133.12305687367066,136.187,43.9,10,2023->2024,133.12305687367066,136.187
11589,Trey Benson,RB,102.2,,150.5480122894736,150.5480122894736,70.941,44.0,12,2023->2024,133.9031644608976,63.09764071647413
6819,Michael Pittman Jr.,WR,46.2,192.7199969123705,174.90728839807673,178.4698301009355,175.593,131.3,16,2023->2024,190.37224113603233,187.30355107579666
10222,Jayden Reed,WR,63.1,167.92270733088807,164.3550439532433,165.0685766287723,169.76199999999997,169.5,17,2023->2024,170.2740465446211,175.11547794172648
10859,Sam LaPorta,TE,33.4,172.64557252054735,171.21750031531542,172.14574724871616,199.444,144.6,16,2023->2024,177.12610091032903,205.2141202124476
4037,Chris Godwin Jr.,WR,71.5,168.34076381711765,160.12465847422877,161.76787954280655,171.904,112.80000000000001,7,2023->2024,166.8692613291444,177.325026331538
4983,DJ Moore,WR,37.9,215.76601128983907,181.6104403513501,188.44155453904787,186.15,189.10000000000002,17,2023->2024,201.00899429594048,198.5646126711176
8143,Jerome Ford,RB,95.9,167.10204088339123,152.6711518892763,162.051229735451,192.797,115.5,14,2023->2024,153.7456052228158,182.91556008882716
2133,Davante Adams,WR,21.0,220.35460253053455,201.59609597425214,205.34779728550865,195.483,198.79999999999998,14,2023->2024,216.36893937360614,205.97469237404624
8146,Garrett Wilson,WR,13.3,185.1518840428996,217.05709326569402,210.67605142113516,213.01000000000002,201.4,17,2023->2024,221.98316417308442,224.4423772020871
7547,Amon-Ra St. Brown,WR,6.9,243.01145653554445,239.27051149937878,240.0187005066119,254.08200000000002,258.68,17,2023->2024,252.90065121196076,267.71873660513916
3294,Dak Prescott,QB,56.7,302.3528844817447,298.2211455249129,300.9067758468536,310.73959999999994,124.52,8,2023->2024,319.56077631854765,330.00316303762384
4866,Saquon Barkley,RB,9.5,221.29378734622918,229.82125295968532,226.41026671430285,231.43800000000002,338.8,16,2023->2024,227.35925311891353,232.40805987713196
5850,Josh Jacobs,RB,19.9,212.95536472127128,205.14712241702844,208.27041933872556,236.98000000000002,275.1,17,2023->2024,209.14337355278695,237.9732888708109
11628,Marvin Harrison Jr.,WR,16.1,,210.58998837618574,210.58998837618574,185.50400000000002,165.5,17,2023->2024,221.89248207178542,195.46011333034113
6786,CeeDee Lamb,WR,2.6,280.3070573820442,272.30786202691496,273.9077010979408,250.92,212.9,15,2023->2024,288.60849522736277,264.3870301279174
9481,Luke Musgrave,TE,151.1,84.5274728988234,110.65535497122175,100.2042021422624,87.85600000000002,8.0,7,2023->2024,105.0546533836542,92.10872828038406
8137,George Pickens,WR,54.7,163.58078901851636,169.1906695432674,168.0686934383172,170.323,134.9,14,2023->2024,173.3687726257492,175.69416918667713
9229,Anthony Richardson Sr.,QB,64.4,243.57063407827917,292.4483651741268,265.5656130714106,331.94880000000006,174.86,11,2023->2024,287.8018876457247,359.7434552493951
7600,Pat Freiermuth,TE,118.3,94.25891505486346,120.47434980668123,106.05586069318146,102.74799999999999,137.8,17,2023->2024,111.18956536981553,107.72158547342126
5846,DK Metcalf,WR,35.5,188.4633394646677,183.8248143858155,184.75251940158597,193.817,158.2,15,2023->2024,197.07393207085175,206.74293598752618
4199,Aaron Jones Sr.,RB,42.7,170.25264479272334,179.67042033442692,175.9033101177455,185.50400000000002,216.10000000000002,17,2023->2024,169.5695747688116,178.8245734367241
5927,Terry McLaurin,WR,70.6,153.38861004933267,160.55343913886196,159.1204733209561,160.49699999999999,226.8,17,2023->2024,164.13836863322163,165.5583043508752
10229,Rashee Rice,WR,64.1,160.12022250729544,163.82280973755246,163.08229229150106,213.84300000000002,52.900000000000006,4,2023->2024,168.2251243414813,220.58658091618045
9509,Bijan Robinson,RB,2.0,203.75189311085833,281.81531754362925,231.07409166232816,248.55700000000002,311.2,17,2023->2024,232.04262623731728,249.59881324104205
2216,Mike Evans,WR,29.1,211.50194611358535,190.55388943752905,194.7435007727403,191.726,203.4,14,2023->2024,207.73122643651178,204.5124841739602
11583,Jonathon Brooks,RB,82.7,,157.61267831067047,157.61267831067047,,6.0,3,2023->2024,149.53454322575783,
8205,Isiah Pacheco,RB,21.0,207.52180512924593,203.35176829021006,205.01978302582438,222.66600000000003,50.9,7,2023->2024,205.87911237334575,223.59929251290396
8150,Kyren Williams,RB,14.8,293.55664240095587,215.02749875639506,266.07144212535957,225.86200000000002,255.1,16,2023->2024,267.18666620462244,226.80868837428937
6813,Jonathan Taylor,RB,11.3,201.94675242852878,224.03132932500935,211.88481203194505,228.37800000000001,235.7,14,2023->2024,212.77291577776828,229.33523405240126
6845,Zack Moss,RB,75.3,181.5311164616769,160.74069085613564,169.05686109835216,163.863,70.4,8,2023->2024,160.3921764066046,155.4645166824976
6794,Justin Jefferson,WR,8.3,232.75223151800125,233.0173731803115,232.96434484784945,241.808,265.98,17,2023->2024,245.4676839630915,254.785983505386
4039,Cooper Kupp,WR,22.6,183.25030421429392,199.11062031307014,195.9385570933149,206.04,141.5,12,2023->2024,206.45469949565964,217.09829303186714
7553,Kyle Pitts Sr.,TE,83.3,117.76661900360615,134.54874853477145,123.64036433951401,158.916,107.7,17,2023->2024,125.59350763302811,161.4263914994926
6904,Jalen Hurts,QB,33.9,337.142447101514,321.5390042563455,331.68124210570505,374.0816,320.12,15,2023->2024,352.24303247841794,397.2718997970494
9502,Tank Dell,WR,48.5,185.6607824531946,173.26274921483943,175.7423558625105,182.733,114.5,14,2023->2024,181.28442549845374,188.4955209689183
1479,Keenan Allen,WR,61.9,251.87264014552068,165.00497237523885,182.37850592929524,181.05000000000004,150.4,15,2023->2024,188.12984785821644,186.75944723406647
5872,Deebo Samuel Sr.,WR,18.2,182.13808594531685,206.43997348989842,201.5795959809821,193.749,130.10000000000002,15,2023->2024,212.3984963964504,204.14762753169884
4066,Evan Engram,TE,89.3,151.43854313331656,131.75802749394475,139.63023374969347,144.65300000000002,66.0,9,2023->2024,141.8359685522143,146.93807929708845
5967,Tony Pollard,RB,75.9,202.24922690913746,160.4758544170304,177.18520341387324,155.26100000000002,180.20000000000002,16,2023->2024,168.10391614963612,147.30339566980504
4046,Patrick Mahomes,QB,36.2,292.07943680725464,318.56310732502305,307.9696391179157,364.4664,293.52,16,2023->2024,327.061485013393,387.06062832331594
5045,Courtland Sutton,WR,100.9,163.5796063567239,148.46582620079363,151.48858223197968,141.74599999999998,199.8,16,2023->2024,147.35007009619878,137.87364518252542
9758,C.J. Stroud,QB,44.2,286.25088196651166,309.5115030657545,294.3920993512466,351.53279999999995,232.38,17,2023->2024,312.64223793555055,373.3252405276715
8144,Chris Olave,WR,25.3,185.55947914145023,195.29056370051381,193.3443467887011,197.47199999999998,60.7,8,2023->2024,206.23876085011375,210.64169322262117
8154,Brian Robinson,RB,90.2,170.34245297731692,154.71590249325385,164.87316030789484,150.433,149.8,14,2023->2024,156.4229031641238,142.7228455361989
11643,Jaylen Wright,RB,159.6,,135.67405100121235,135.67405100121235,,25.200000000000003,13,2023->2024,135.67405100121235,
11624,Xavier Worthy,WR,78.8,,156.83397065507964,156.83397065507964,162.57100000000003,157.7,16,2023->2024,152.54942800971494,158.12972761819273
6768,Tua Tagovailoa,QB,89.6,265.58660571407836,277.4772534367203,269.74833241700304,311.9194,188.58,11,2023->2024,292.3348334184521,338.03695845659973
6783,Jerry Jeudy,WR,127.7,133.4120009165534,140.49247049344055,139.0763765780631,138.941,195.9,17,2023->2024,139.0763765780631,138.941
8134,Khalil Shakir,WR,104.7,86.23016418046069,147.21444133009192,135.0175859001657,136.66299999999998,144.5,15,2023->2024,131.3290444301821,132.92950751047275
4068,Mike Williams,WR,117.7,165.5756151982636,143.25271120934303,147.71729200712716,102.102,46.3,14,2023->2024,147.71729200712716,102.102
7569,Nico Collins,WR,31.3,206.73934240947358,188.08694785167845,191.81742676323748,208.30100000000004,176.60000000000002,12,2023->2024,204.6100083202402,222.19289489125154
9493,Puka Nacua,WR,14.9,211.10230385790692,213.21189710180275,212.78997845302362,224.468,167.1,11,2023->2024,224.2105469638867,236.51533508191204
7564,Ja'Marr Chase,WR,6.3,203.14747807917266,242.34985149345715,234.5093768106003,201.72199999999998,339.5,17,2023->2024,247.09563873785797,212.5485433264138
8230,Ty Chandler,RB,138.2,108.17672422502407,140.4781761319624,119.48223239245249,91.936,25.400000000000002,14,2023->2024,106.27207075599772,81.7713973148076
8112,Drake London,WR,25.1,157.852556895193,195.55921113235655,188.01788028492388,204.62900000000002,230.8,17,2023->2024,200.55706459318006,218.27600390157468
9999,Will Levis,QB,160.8,223.08987948147583,250.9657714852165,235.63403088315914,246.80940000000004,131.94,12,2023->2024,215.12416374761546,225.32681540544587
2749,Raheem Mostert,RB,68.0,244.99047605924014,164.1434309038454,216.694010254852,169.88099999999997,61.400000000000006,13,2023->2024,205.58777498436342,161.17407565185167
11620,Rome Odunze,WR,133.8,,138.91297682932617,138.91297682932617,152.32000000000002,117.9,17,2023->2024,138.91297682932617,152.32000000000002
7594,Chuba Hubbard,RB,121.3,151.1558106978086,144.83069302599012,148.94201951267212,160.59900000000002,220.10000000000002,15,2023->2024,132.47473301471172,142.84289763923584
9488,Jaxon Smith-Njigba,WR,94.7,115.35565093796944,150.61241720560972,143.56106395208167,147.016,203.0,17,2023->2024,139.63912345572467,142.99967420706162
4033,David Njoku,TE,102.9,150.90006024799075,126.0702464792829,142.20962542894299,142.664,116.5,11,2023->2024,144.45610680792842,144.91765912106783
8151,Kenneth Walker,RB,27.1,176.44246984476797,194.84224142295886,182.8823898971348,196.18,158.20000000000002,11,2023->2024,176.29735942321346,189.11616362351504
4082,Curtis Samuel,WR,112.8,128.4974122119035,144.69207819752532,141.45314500040098,131.206,48.2,14,2023->2024,141.45314500040098,131.206
10236,Dalton Kincaid,TE,67.0,112.6312693826767,143.2859214893711,123.36039762001974,164.22,78.80000000000001,13,2023->2024,126.929340900955,168.97105363554755
4988,Nick Chubb,RB,57.8,137.5355126459058,169.56656019399725,151.94948404254694,,60.8,8,2023->2024,146.4782520476042,
6804,Jordan Love,QB,78.7,295.5609358260646,283.3575992152733,288.23893385958985,312.3852,244.86,15,2023->2024,312.3736853516286,338.541760707595
7526,Jaylen Waddle,WR,30.9,177.93790423946524,188.5223158950499,186.40543356393297,199.614,120.6,15,2023->2024,198.83708146878374,212.92654629993268
7670,Joshua Palmer,WR,122.5,141.15275072557313,141.89968251106137,141.75029615396372,148.767,87.9,15,2023->2024,141.75029615396372,148.767
5001,Dalton Schultz,TE,143.7,124.73876993554417,112.67012935141656,120.51474573109951,124.729,91.7,17,2023->2024,126.34834238214142,130.76659043985637
7528,Najee Harris,RB,55.9,174.00648716522034,170.68190607336976,172.84288378307264,161.02400000000003,186.6,17,2023->2024,166.6193449417869,155.22602268994234
8131,Isaiah Likely,TE,166.4,93.56330802703185,106.78531769873243,98.19101141212704,76.058,102.7,15,2023->2024,102.94401281341852,79.73963822106002
2449,Stefon Diggs,WR,44.2,198.68350371201774,176.40529384385644,180.8609358174887,194.42900000000003,98.42,8,2023->2024,192.92281315033844,207.39575115247234
9756,Jordan Addison,WR,127.3,165.60421282328406,140.59866477264933,145.59977438277627,171.836,181.0,15,2023->2024,145.59977438277627,171.836
10232,Michael Wilson,WR,165.8,122.11896777264712,131.65444394634818,129.74734871160797,115.36200000000001,101.0,16,2023->2024,129.74734871160797,115.36200000000001
1373,Geno Smith,QB,159.4,259.61979897236455,251.36219702751683,256.7296382916678,284.5766,281.0,17,2023->2024,234.38358432236987,259.80671326501096
2197,Brandin Cooks,WR,117.7,144.48804963211902,143.25271120934303,143.49977889389822,126.565,56.6,10,2023->2024,143.49977889389822,126.565
5892,David Montgomery,RB,51.1,214.70792486274792,173.67779039530518,200.34737779914295,190.519,203.72,14,2023->2024,193.13348700889438,183.65899876332173
5947,Jakobi Meyers,WR,160.4,174.73215761167324,132.77524991256763,141.16663145238877,133.1168,174.5,15,2023->2024,141.16663145238877,133.1168
11560,Caleb Williams,QB,112.9,,266.9984739076649,266.9984739076649,319.4674,260.54,17,2023->2024,243.75860823667233,291.66057641182925
4017,Deshaun Watson,QB,159.0,241.8936998216842,251.4761011163136,246.20578040426741,277.94320000000005,79.72,7,2023->2024,224.7757355793827,253.75069231398368
9224,Chase Brown,RB,93.3,74.98576703611648,153.58833396161214,110.35692215258952,140.43699999999998,228.0,16,2023->2024,104.7007900808623,133.2391713159158
4381,Taysom Hill,TE,129.9,117.75851851896864,116.72113293555715,117.13608716892175,99.9804,91.84,8,2023->2024,122.80613759867957,104.82001794941846
8138,James Cook III,RB,32.0,190.0330417784207,189.2962051203029,189.77514894807948,193.01800000000003,250.70000000000002,16,2023->2024,182.9419314922109,186.06801748538908
5859,A.J. Brown,WR,11.2,211.64559885499096,222.87412113504254,220.62841667903226,240.65200000000002,183.4,13,2023->2024,232.46967897176,253.56794027715443
11581,MarShawn Lloyd,RB,159.5,,135.6949655842663,135.6949655842663,,2.3,1,2023->2024,135.6949655842663,
4984,Josh Allen,QB,27.3,347.22162994322764,331.35505621183705,341.6683291372409,386.053,385.04,16,2023->2024,362.84924523642775,409.98543829033645
6945,Antonio Gibson,RB,147.9,108.36933926512775,138.21459342638917,126.2764917618846,88.179,91.9,17,2023->2024,126.2764917618846,88.179
421,Matthew Stafford,QB,119.1,266.2375340401111,264.57488320319595,265.65560624719075,304.5958,222.58,16,2023->2024,242.53262537927063,278.08341821613806
2309,Amari Cooper,WR,49.5,192.56323986809235,172.5719211812721,176.57018491863616,186.558,100.7,13,2023->2024,182.1383603061109,192.44114309358167
6790,D'Andre Swift,RB,57.9,189.27628842359934,169.50887786991888,177.41584209139106,167.858,193.5,17,2023->2024,171.02764513385264,161.81395144008556
7525,DeVonta Smith,WR,40.2,174.37779159532872,179.6161731177205,178.56849681324215,191.04600000000002,165.4,13,2023->2024,190.47748807405384,203.78713399068673
6803,Brandon Aiyuk,WR,40.5,192.58751822099643,179.36450356631357,182.00910649725017,173.34900000000002,49.900000000000006,7,2023->2024,194.14755699297703,184.90989547099417
7523,Trevor Lawrence,QB,133.7,277.9265950591914,259.3327084852315,266.7702631148154,298.49960000000004,152.2,10,2023->2024,243.55026118346476,272.5178387362857
4217,George Kittle,TE,72.4,153.43466558742392,140.17578607679158,145.47933788104453,161.56799999999998,197.60000000000002,15,2023->2024,149.68820487128195,166.24232854578094
11439,Jaleel McLaughlin,RB,128.1,89.14327596535648,143.01058938668265,107.99683566282064,106.08,85.2,16,2023->2024,96.05651929305701,94.35161228631645
4034,Christian McCaffrey,RB,1.3,335.000240074498,296.19020579312394,311.71421950567355,,40.300000000000004,4,2023->2024,313.02075282117903,
5248,Gus Edwards,RB,86.9,170.23798143923696,155.9596197232055,161.67096440961808,150.603,62.6,11,2023->2024,153.38482966584613,142.88413251273434
1466,Travis Kelce,TE,32.0,172.15371167497239,172.93559690941296,172.62284281563674,200.71899999999997,146.9,16,2023->2024,177.61699934308643,206.52600727483537
9508,Tyjae Spears,RB,89.9,133.91293235156883,154.82707155610774,141.23288107315744,147.526,98.60000000000001,12,2023->2024,133.99426103339425,139.9648382374431
5849,Kyler Murray,QB,68.4,289.93223110589486,289.71658682726337,289.8351911805107,299.6216,308.24,17,2023->2024,314.10360009780396,324.7094420927328
5937,Diontae Johnson,WR,105.7,163.74029410864418,146.89267656184595,150.2622000712056,155.38,72.60000000000001,11,2023->2024,146.15719143371277,151.13517833632554
3321,Tyreek Hill,WR,3.9,286.10793671139334,258.5831119096069,264.0880768699642,288.864,177.70000000000002,17,2023->2024,278.26184575100825,304.3675078545781
5844,T.J. Hockenson,TE,108.6,171.82481723006165,123.90702691994198,155.0535906215198,,66.0,10,2023->2024,157.502967750708,
1426,DeAndre Hopkins,WR,91.7,191.84247781018695,151.70208421836827,159.730162936732,141.015,119.0,16,2023->2024,155.36649929935209,137.16261535008977
3198,Derrick Henry,RB,13.1,194.51329112664664,219.09904201772017,209.26474166129077,217.413,326.90000000000003,17,2023->2024,210.14186352366428,218.32427484711624
8155,Breece Hall,RB,4.4,211.94353329948427,255.5051134446917,227.19008635030684,246.58500000000004,212.4,16,2023->2024,228.14234132680411,247.61854770954895
1689,Adam Thielen,WR,138.1,171.78965458856413,137.84225560289195,144.6317354000264,122.79100000000001,115.5,10,2023->2024,144.6317354000264,122.79100000000001
11637,Keon Coleman,WR,81.5,,155.6935836202121,155.6935836202121,133.43300000000002,97.0,13,2023->2024,151.44019517481254,129.78774778575706
8132,Tyler Allgeier,RB,113.3,117.32064135111824,147.10739615808114,127.74600553355526,95.47200000000001,99.7,17,2023->2024,113.62218688940085,84.91645105768481
6130,Devin Singletary,RB,109.7,145.81266861812148,148.18488149949144,147.23599634694347,178.602,86.1,15,2023->2024,130.95733071188081,158.85545491667318
8130,Trey McBride,TE,58.9,134.09218157858936,148.45592119103907,139.11949044294676,158.96699999999998,188.3,16,2023->2024,143.14436050045794,163.56607893850983
8121,Romeo Doubs,WR,100.0,139.57918459193561,148.76910805903518,146.93112336561526,148.835,109.1,13,2023->2024,142.91711631496275,144.76898099940155
11604,Brock Bowers,TE,108.1,,124.09218505672519,124.09218505672519,121.176,206.70000000000002,17,2023->2024,126.05246574916565,123.09021380064007
4035,Alvin Kamara,RB,47.4,248.1607966489567,176.1858963810081,204.97585648818756,222.05400000000003,231.3,14,2023->2024,197.59530846411567,214.05852073226635
8167,Christian Watson,WR,82.8,160.13245485503222,155.15791549252447,156.15282336502605,146.251,90.8,14,2023->2024,151.88688896250454,142.25557321962896
9753,Zach Charbonnet,RB,114.6,109.45025479738958,146.72669890895918,122.49701023643894,98.787,165.9,17,2023->2024,108.9535295631733,87.8649389416322
9997,Zay Flowers,WR,56.9,166.12626031665812,167.85593251895222,167.5099980784934,174.556,172.5,17,2023->2024,172.7924586982544,180.06065767130463
8148,Jameson Williams,WR,99.9,90.6372513654231,148.80297439376073,137.1698297880932,139.077,183.20000000000002,15,2023->2024,133.4224912304472,135.27755951526032
3164,Ezekiel Elliott,RB,131.2,144.79154961652586,142.212675781306,143.24422531539395,137.326,51.5,15,2023->2024,127.40689676858791,122.14300064885646
2374,Tyler Lockett,WR,111.9,159.56772118973578,144.9632363797588,147.88413334175422,149.464,96.5,17,2023->2024,143.8440910395094,145.3807973668462
96,Aaron Rodgers,QB,116.4,,265.61442997927065,265.61442997927065,257.32559999999995,267.58,17,2023->2024,242.49503314282939,234.92767281268695
4663,Austin Ekeler,RB,88.7,201.81664230622633,155.27548882360855,173.89195021665566,147.57700000000003,114.8,12,2023->2024,164.9794523193723,140.01322433040374
6770,Joe Burrow,QB,81.0,252.69731545993238,282.0517137059291,265.9067946706309,333.2136,381.82,17,2023->2024,288.17163697866715,361.11415917180545
9221,Jahmyr Gibbs,RB,8.6,225.7216052774968,233.1424775421476,228.31891057012456,240.448,336.90000000000003,17,2023->2024,229.27589695237188,241.4558248055057
11635,Ladd McConkey,WR,88.5,,152.90440901388695,152.90440901388695,137.309,199.9,16,2023->2024,148.72721794776848,133.55785945541592
3163,Jared Goff,QB,92.3,277.9042987107631,276.13134623566896,277.2837653444801,324.7136,335.96000000000004,17,2023->2024,253.1486556375188,296.4501409056453
9486,Dontayvion Wicks,WR,158.9,100.44536953862183,133.09328606427283,126.56370275914264,109.07200000000002,91.0,17,2023->2024,126.56370275914264,109.07200000000002
11575,Ray Davis,RB,162.1,,135.15540182594492,135.15540182594492,79.22,107.60000000000001,17,2023->2024,135.15540182594492,79.22
8139,Zamir White,RB,64.8,93.33813612595146,165.75189725926154,136.7863928059375,155.737,26.3,8,2023->2024,129.77566898151102,147.7549992041042
7611,Rhamondre Stevenson,RB,61.9,160.70940011766106,167.27972095906998,164.6515926225064,151.674,159.4,15,2023->2024,158.72299689708564,146.21268733526873
4018,Joe Mixon,RB,28.4,237.78084678564088,193.27871287494997,211.07956643922634,210.44299999999998,222.5,14,2023->2024,203.4792426562409,202.865597010008
8228,Jaylen Warren,RB,82.5,158.08624544944138,157.69347548372872,157.94877596144192,144.31300000000002,105.10000000000001,15,2023->2024,149.8534148370142,136.91651438092356
9494,Marvin Mims Jr.,WR,167.7,71.19707205802773,131.268749472991,119.25441398999837,65.654,110.0,17,2023->2024,119.25441398999837,65.654
8136,Rachaad White,RB,29.1,206.36538648607586,192.46620486237254,198.02587751185388,209.40600000000003,174.1,15,2023->2024,190.89557678265828,201.86593617976243
11566,Jayden Daniels,QB,116.7,,265.4977405879663,265.4977405879663,299.5162,364.82,17,2023->2024,242.38850053534276,273.4459526595851
7021,Rico Dowdle,RB,114.0,85.76104881859112,146.90186580027793,107.16033476218149,112.183,178.3,16,2023->2024,95.31250337437055,99.77985408291704
11586,Blake Corum,RB,105.2,,149.58258672298334,149.58258672298334,105.85900000000001,30.0,15,2023->2024,133.04447800972125,94.15504642738664
9226,De'Von Achane,RB,21.9,217.71740102665717,201.9514558590674,210.6227257012418,206.142,260.90000000000003,17,2023->2024,211.5055394803746,207.00603305935815
8183,Brock Purdy,QB,61.7,285.0243467409704,294.3899984772291,290.6437377827256,296.5412,278.86,15,2023->2024,314.97984772518186,321.37111479783
6797,Justin Herbert,QB,103.6,285.41822104818436,270.8956007318785,280.3353039374773,286.4262,288.40000000000003,17,2023->2024,255.9345846712058,261.495321874626
11631,Brian Thomas Jr.,WR,142.9,,136.68572236632124,136.68572236632124,140.012,240.5,17,2023->2024,136.68572236632124,140.012
8110,Jake Ferguson,TE,94.3,129.75982063137937,129.57210044597664,129.6941185664884,145.707,74.9,14,2023->2024,131.74289284210258,148.00872930489422
1166,Kirk Cousins,QB,129.4,278.19891272851646,260.814675147291,267.76837017978113,265.3258,192.32,14,2023->2024,244.46149181885548,242.23152586126074
6806,J.K. Dobbins,RB,120.3,183.11616490640765,145.10692983668324,160.310623864573,76.245,175.8,13,2023->2024,142.58640486658842,67.81522133078995
10229,Rashee Rice,WR,94.6,193.88310514076701,149.36859248427217,158.27149501557113,,123.60000000000001,8,2024->2025,152.86057385922237,
7547,Amon-Ra St. Brown,WR,16.3,224.98115901835428,208.76912316149003,212.0115303328629,228.34400000000005,265.5,17,2024->2025,221.83819895314411,238.9276735195798
6801,Tee Higgins,WR,25.1,229.7362504309663,194.18653399910133,201.29647728547434,207.043,182.1,15,2024->2025,210.62650652307622,216.63937878163802
7543,Travis Etienne Jr.,RB,111.2,137.72169555131512,161.81567435603316,152.17808283414595,158.576,235.9,17,2024->2025,148.09193878591793,154.31806504297992
11635,Ladd McConkey,WR,26.4,188.79544701382054,192.48081210130294,191.7437390838065,215.18599999999998,147.9,16,2024->2025,200.6310018710332,225.15980430396368
9484,Tucker Kraft,TE,99.1,114.38505981344524,123.34712289433514,119.76229766197919,129.47199999999998,101.2,8,2024->2025,122.47835238831317,132.40825827487402
6804,Jordan Love,QB,122.4,257.0101875930123,253.60062847693982,254.96445212336883,301.5018,241.14,15,2024->2025,231.71038485436927,274.0032876366687
8205,Isiah Pacheco,RB,63.4,124.52146776184047,182.33670561356135,159.21061047287301,192.30400000000003,77.8,13,2024->2025,154.93563554690093,187.14043222193283
12517,Colston Loveland,TE,147.2,,99.41758659789403,99.41758659789403,115.345,136.1,16,2024->2025,102.81242961139021,119.28372131472574
11564,Drake Maye,QB,108.8,250.89708157555089,260.6529614428005,256.7506094959006,286.8002,359.46000000000004,17,2024->2025,233.33363550265787,260.64254904897456
7526,Jaylen Waddle,WR,66.5,132.15555908772268,161.274271351526,155.45052889876536,191.79399999999998,162.12,16,2024->2025,162.0079021226379,199.88445069842405
12526,Tetairoa McMillan,WR,49.7,,171.1106843543878,171.1106843543878,204.95200000000003,178.4,17,2024->2025,177.79392938620944,212.95701991404013
12514,Emeka Egbuka,WR,81.9,,154.23815613838036,154.23815613838036,175.25300000000001,164.2,17,2024->2025,148.96512512238294,169.26152209476953
10222,Jayden Reed,WR,104.3,140.70609745724173,146.07126988479098,144.99823539928113,102.59500000000001,39.0,5,2024->2025,144.99823539928113,102.59500000000001
9756,Jordan Addison,WR,100.7,184.11818066783698,147.25778458202632,154.62986379918846,,114.10000000000001,14,2024->2025,149.34344124184773,
8137,George Pickens,WR,62.0,176.23175075360172,163.6411001634393,166.15923028147176,188.411,245.4,17,2024->2025,173.16832890124266,196.3587455318768
5967,Tony Pollard,RB,55.4,178.14508954354258,187.2630790012746,181.33638585374877,217.005,169.3,17,2024->2025,177.35443353398847,212.23980321347918
10444,Cedric Tillman,WR,118.2,115.21039875729076,141.84525954910126,136.51828739073915,125.32400000000001,49.5,12,2024->2025,136.51828739073915,125.32400000000001
2133,Davante Adams,WR,29.0,227.7915548887172,189.3078668861943,197.00460448669887,190.57000000000002,192.9,14,2024->2025,204.6992148446052,198.01328742836677
7588,Javonte Williams,RB,117.0,143.89557209546135,159.9587170500892,153.53345906823807,178.07500000000002,225.3,16,2024->2025,149.41092172060124,173.29349606831207
3198,Derrick Henry,RB,5.7,254.21979995377401,270.32044380326886,259.8550253010972,256.326,272.0,17,2024->2025,263.2373908853203,259.66243053366765
11624,Xavier Worthy,WR,45.6,154.16149321997258,174.01898264852275,170.04748476281273,202.283,88.9,14,2024->2025,176.68920332061526,210.18377405085957
8148,Jameson Williams,WR,53.1,171.9815831900246,168.8754448398005,169.49667250984533,173.842,187.4,17,2024->2025,176.64655453163869,181.17518107091692
4046,Patrick Mahomes,QB,57.9,291.868707178091,298.4221439260965,295.80076922689426,321.5788,296.18,14,2024->2025,310.1591697462847,337.1884862797649
10236,Dalton Kincaid,TE,136.2,110.49809034883258,104.11490690392904,108.26397614311634,95.081,106.60000000000001,12,2024->2025,111.96089955073566,98.32776025250716
12533,Jacory Croskey-Merritt,RB,101.6,,165.1132176968801,165.1132176968801,154.44500000000002,135.8,17,2024->2025,160.67975146303885,150.297986804832
8154,Brian Robinson,RB,159.4,174.09967959891208,148.66425193698842,158.8384230017579,70.873,58.50000000000001,17,2024->2025,145.74486269314235,65.03071145157844
8146,Garrett Wilson,WR,44.0,193.484344452937,175.22551223014017,178.87727867469954,195.942,81.5,7,2024->2025,185.8638715255147,203.59510712750716
11576,Braelon Allen,RB,154.0,79.19502154543207,149.9229853903688,103.94980889115993,86.428,14.3,4,2024->2025,95.38089296978744,79.30346294550846
5947,Jakobi Meyers,WR,79.0,181.8960842810149,155.45593609049914,160.74396572860232,188.241,138.3,16,2024->2025,155.2485167544789,181.80549366140102
5022,Dallas Goedert,TE,123.5,123.05829742409145,110.0348485702616,117.19774543986802,139.332,155.1,15,2024->2025,119.85563942346595,142.4918703808912
4892,Baker Mayfield,QB,50.8,326.37050426376607,306.2551349618318,314.3012826826055,327.44379999999995,282.92,17,2024->2025,333.621953308433,347.5723650324819
4039,Cooper Kupp,WR,93.6,180.66967599471474,149.72756756421433,155.9159892503144,163.217,93.8,16,2024->2025,150.58559716193125,157.637003941399
6803,Brandon Aiyuk,WR,149.6,130.85333599090575,133.88731174614333,133.28051659509583,,0.0,0,2024->2025,133.28051659509583,
5012,Mark Andrews,TE,82.8,135.6487851164334,134.21539525844133,135.14709866613617,146.28499999999997,107.0,17,2024->2025,138.2120608725102,149.6025554694447
8110,Jake Ferguson,TE,124.2,93.20152868589017,109.69301690822118,98.97354956370603,117.674,147.1,17,2024->2025,101.21814224706681,120.34269482388105
11560,Caleb Williams,QB,100.0,271.5534340470354,265.7029404840365,269.5057612999858,259.4642,324.68,17,2024->2025,244.92545196486185,235.79973261857188
12504,Kaleb Johnson,RB,73.1,,177.13713176897556,177.13713176897556,122.655,8.3,10,2024->2025,172.3808106009212,119.36158225612138
11563,Bo Nix,QB,64.3,308.90851052726345,292.14464879916767,303.04115892243,302.9162,315.84000000000003,17,2024->2025,317.75101361631994,317.6199890901344
4199,Aaron Jones Sr.,RB,63.3,216.11116135257978,182.3943582932497,204.31028028181427,198.89999999999998,104.7,12,2024->2025,198.82433105563564,193.5593225774941
7564,Ja'Marr Chase,WR,1.5,269.5804759149664,289.3562491440213,285.4010944982104,291.873,251.10000000000002,16,2024->2025,298.6293466366497,305.40122294949856
12519,Luther Burden III,WR,148.5,,134.1366061405063,134.1366061405063,36.431,104.4,15,2024->2025,134.1366061405063,36.431
8228,Jaylen Warren,RB,78.9,126.78668476013004,174.34849889561326,143.43331970754917,205.122,197.10000000000002,16,2024->2025,139.58198188855886,199.6142552324824
11655,Tyrone Tracy Jr.,RB,73.4,150.9984805174809,176.98754945067907,160.09465464410027,192.508,142.8,15,2024->2025,155.7959421879835,187.33895460406356
11631,Brian Thomas Jr.,WR,13.9,212.11925735550608,214.14935397459664,213.74333465077854,243.219,114.8,14,2024->2025,223.65027186362457,254.4921251522206
9226,De'Von Achane,RB,14.9,239.7463947997361,235.2257079589321,238.1641544054547,301.34200000000004,289.3,16,2024->2025,241.26418388659783,305.2643748268864
12512,Quinshon Judkins,RB,127.4,,156.8485013967113,156.8485013967113,,156.8,14,2024->2025,143.9189767039921,
5850,Josh Jacobs,RB,12.5,256.78456904354937,241.64033011611565,247.6980256870891,254.048,219.10000000000002,15,2024->2025,250.92215143333254,257.35477927411654
6786,CeeDee Lamb,WR,6.6,202.53060454117974,239.30877804097543,231.95314334101627,246.17700000000002,163.4,13,2024->2025,242.70409953413542,257.5872275340258
5849,Kyler Murray,QB,82.5,292.9126085761089,277.22132793824153,283.49784019338847,300.60079999999994,80.78,5,2024->2025,297.2590469222204,315.1921977645489
8112,Drake London,WR,18.3,211.75050052649686,204.85965099462902,206.2378209010026,243.134,167.9,12,2024->2025,215.7968798813383,254.40318542860552
9225,Tank Bigsby,RB,127.3,138.1297797097822,156.8771806011678,149.37822024461354,,52.3,15,2024->2025,137.064494770615,
7569,Nico Collins,WR,10.2,209.7559018756762,224.6040656901882,221.63443292728581,248.523,190.70000000000002,15,2024->2025,231.90712009576666,260.0419639058023
12481,Cam Skattebo,RB,130.5,,155.9704351317704,155.9704351317704,81.02200000000002,115.7,8,2024->2025,143.11329225560218,74.34309685253608
8408,Jordan Mason,RB,93.3,156.9568302256738,168.2258299489005,163.71823005960982,160.174,121.9,16,2024->2025,159.3222207336572,155.87315703633757
9221,Jahmyr Gibbs,RB,4.0,269.17600932578034,283.2558485593083,274.1039530575151,293.896,328.40000000000003,17,2024->2025,277.6717877616813,297.72145503820445
7670,Joshua Palmer,WR,136.9,108.86156915545403,136.88401424462796,131.2795252267932,114.342,41.300000000000004,12,2024->2025,131.2795252267932,114.342
9501,DeMario Douglas,WR,135.6,114.49621467522218,137.20631399800135,132.66429413344554,117.674,80.3,16,2024->2025,132.66429413344554,117.674
1466,Travis Kelce,TE,70.5,155.20783995343135,143.94144767808513,148.44800458822363,161.09199999999996,155.20000000000002,17,2024->2025,150.53489003954448,163.35663502865324
8138,James Cook III,RB,29.2,229.7194355479682,210.65278331987943,223.04610726813715,227.30700000000002,285.70000000000005,17,2024->2025,218.14825425276837,222.31558235545873
8183,Brock Purdy,QB,72.2,296.42683338772554,285.2062364563692,289.69447522891176,318.5018,187.38,9,2024->2025,303.7564714653068,333.9621262949561
5892,David Montgomery,RB,58.9,235.40304402471273,185.02562749407159,205.17659410632805,196.928,154.92000000000002,17,2024->2025,200.67113641224378,192.603672575397
5844,T.J. Hockenson,TE,80.9,106.05685490294893,135.61938366448425,119.35999284563981,140.131,87.3,15,2024->2025,121.0379583611095,142.10096481017192
11565,J.J. McCarthy,QB,105.7,,262.3837527193375,262.3837527193375,274.4581999999999,137.38,10,2024->2025,238.45300713808405,249.42620282480013
7611,Rhamondre Stevenson,RB,117.2,177.9464546650971,159.8963379315973,167.1163846249972,107.967,162.8,14,2024->2025,153.3404454076897,99.06693413983561
4035,Alvin Kamara,RB,39.4,256.60663731017576,199.71060866612754,222.46902012374682,253.84400000000005,84.2,11,2024->2025,217.58383932240994,248.26985833009573
1689,Adam Thielen,WR,152.3,157.87314498809218,133.28309596645542,138.2011057707828,131.461,30.1,14,2024->2025,138.2011057707828,131.461
11566,Jayden Daniels,QB,27.4,334.10197782762424,343.21955259123445,337.2931289948878,370.345,117.28,7,2024->2025,358.0271501673239,393.1107797061802
8150,Kyren Williams,RB,16.4,240.86037875721323,231.72242070488508,237.66209343889835,267.274,245.3,17,2024->2025,240.75558791563859,270.752933601958
9488,Jaxon Smith-Njigba,WR,39.5,181.7949987202464,178.86991906033535,179.4549349923176,209.35500000000002,300.40000000000003,17,2024->2025,186.46408995682768,217.5319923889685
11638,Ricky Pearsall,WR,70.6,122.73446013225526,159.25332050421105,151.94954842981988,172.601,70.60000000000001,9,2024->2025,158.3592397143192,179.88183193946992
12527,Ashton Jeanty,RB,9.2,,252.83553781526246,252.83553781526246,277.984,217.6,17,2024->2025,256.1265352496356,281.6023387774594
9494,Marvin Mims Jr.,WR,116.5,99.63635151430472,142.33461368117818,133.79496124780349,126.25899999999999,76.5,15,2024->2025,133.79496124780349,126.25899999999999
9509,Bijan Robinson,RB,2.3,274.7164839038688,303.46711824432134,284.7792059230272,303.195,331.3,17,2024->2025,288.4859935216134,307.14149413502867
11632,Malik Nabers,WR,11.0,240.09936982249047,222.05347816981265,225.66265650034822,217.87199999999999,48.1,4,2024->2025,236.1220505810368,227.97029957020055
7525,DeVonta Smith,WR,49.9,191.38317141863402,170.97502458523275,175.05665395191303,190.213,163.3,17,2024->2025,182.44107279832656,198.23675933918338
11589,Trey Benson,RB,135.1,60.81110720037903,154.70520591344356,93.67404174995163,96.03300000000002,28.900000000000002,4,2024->2025,85.9521902493787,88.11669201006636
3163,Jared Goff,QB,97.6,294.8850693938761,267.15748065342046,285.1804133347166,308.65540000000004,305.06,17,2024->2025,299.02329347883244,323.6377743435679
6904,Jalen Hurts,QB,33.7,337.8203495204781,330.82800299876845,335.37302823787974,382.40139999999997,307.06,16,2024->2025,355.98901732982944,405.90830850891706
4983,DJ Moore,WR,46.6,175.99542988580586,173.28621558221892,173.82805844293634,186.76199999999997,147.18,17,2024->2025,180.61743873419786,194.05655447707733
12507,Omarion Hampton,RB,31.8,,207.53746277237076,207.53746277237076,228.99,119.7,9,2024->2025,202.98016293741034,223.96162548261378
11637,Keon Coleman,WR,92.3,129.13531868081225,150.20001214826937,145.98707345477794,125.63000000000001,83.4,12,2024->2025,140.99612707980256,121.33501292854271
12484,Jayden Higgins,WR,124.4,,140.11832728598452,140.11832728598452,112.89700000000002,109.0,17,2024->2025,140.11832728598452,112.89700000000002
11626,Xavier Legette,WR,133.0,124.58100832533891,137.8602883816898,135.2044323704196,127.874,71.80000000000001,15,2024->2025,135.2044323704196,127.874
7571,Rashod Bateman,WR,120.8,142.7379565555302,141.11028480976458,141.4358191589177,118.49000000000001,45.900000000000006,13,2024->2025,141.4358191589177,118.49000000000001
4034,Christian McCaffrey,RB,7.0,170.7306266066604,262.81702072383024,225.9824630769623,296.20799999999997,365.6,17,2024->2025,228.9239313239735,300.0635488538682
10859,Sam LaPorta,TE,67.0,138.3674503178276,147.0210757351349,141.39621921388516,144.84,86.9,9,2024->2025,143.38397050476803,146.87616404011462
9493,Puka Nacua,WR,12.9,214.41506673998688,216.6713634584808,216.22010411478203,229.26199999999997,310.5,16,2024->2025,226.2418388234689,239.88822253462268
7553,Kyle Pitts Sr.,TE,154.0,101.52748539442013,96.68630270212438,99.83307145211661,119.765,166.8,17,2024->2025,103.24210215516389,123.85465241890093
8130,Trey McBride,TE,41.8,190.54712704092125,175.55513858690844,185.29993108201677,198.237,252.9,17,2024->2025,187.90488176073066,201.02382029011463
12495,Ollie Gordon II,RB,150.8,,150.68989997243517,150.68989997243517,140.89600000000002,50.6,17,2024->2025,138.26804853434524,129.2814911275323
6770,Joe Burrow,QB,28.0,322.44989458422737,341.9225569161912,329.26532640041466,349.36359999999996,139.46,8,2024->2025,349.50586396866953,370.83961494541046
12518,Tyler Warren,TE,102.3,,121.42506635161642,121.42506635161642,124.59300000000002,150.5,17,2024->2025,124.17883053114606,127.41860883620691
7528,Najee Harris,RB,153.1,182.64697169871542,150.13705743598456,163.14102314107691,83.929,10.100000000000001,3,2024->2025,149.69278571250905,77.01046352517217
5045,Courtland Sutton,WR,47.5,203.70928546861876,172.64004681599167,178.8538945465171,194.616,182.70000000000002,17,2024->2025,185.8395740595177,202.21731618911176
4137,James Conner,RB,39.4,214.43480123663576,199.71060866612754,209.28133383695788,229.279,29.3,3,2024->2025,204.68574046593574,224.24427935293332
9997,Zay Flowers,WR,62.0,165.65396642263005,163.6411001634393,164.04367341527745,170.119,200.3,17,2024->2025,170.96353145126753,177.29513367657592
8143,Jerome Ford,RB,129.3,127.53912025408665,156.30783212702318,144.80034737784857,189.516,30.6,13,2024->2025,132.8639906370154,173.89358869325892
5872,Deebo Samuel Sr.,WR,67.0,149.01624573751243,161.02124217501338,158.6202428875132,184.365,152.20000000000002,16,2024->2025,165.31132422923127,192.1420730211318
6794,Justin Jefferson,WR,5.9,234.95423877638234,243.09601483922887,241.46765962665958,267.51200000000006,159.5,17,2024->2025,252.65961069621068,279.91109816141363
1479,Keenan Allen,WR,115.0,172.96924565394508,142.77236370090435,148.8117400915125,121.227,142.2,17,2024->2025,148.8117400915125,121.227
6819,Michael Pittman Jr.,WR,87.0,144.97843972999135,152.19758188648007,150.75375345518233,152.14999999999998,162.4,17,2024->2025,145.59984577338923,146.94835801224048
7591,Justin Fields,QB,114.8,211.10839473598077,257.438828901854,238.9066552355047,319.08320000000003,143.66,9,2024->2025,217.11714149901738,289.9811736766702
6797,Justin Herbert,QB,111.1,281.0767691721672,259.40040153879465,273.4900405004868,275.02940000000007,299.88,16,2024->2025,248.54634444311463,249.9453064517042
6806,J.K. Dobbins,RB,90.6,196.89771705114143,169.29835949699543,180.3381025186538,165.90300000000002,110.4,10,2024->2025,175.49583186737718,161.4483272678432
4988,Nick Chubb,RB,127.5,132.23579276019217,156.8198446945752,146.986223920822,173.38300000000004,81.80000000000001,15,2024->2025,134.8696783704947,159.09048359190422
4066,Evan Engram,TE,115.1,125.0720103180906,114.29502381397346,118.60581841562032,131.155,77.8,16,2024->2025,121.29564568152392,134.12942654814248
5927,Terry McLaurin,WR,35.3,201.0226787273829,182.66730347404723,186.3383785247144,212.313,95.2,10,2024->2025,193.6163871844995,220.60552602077362
8151,Kenneth Walker,RB,43.4,212.73814984900315,196.17907079187069,202.80270241472368,196.02700000000004,176.4,17,2024->2025,198.34937283317313,191.7224575679302
6813,Jonathan Taylor,RB,14.2,249.03783862944914,236.9831655819704,244.8187030628316,285.685,339.3,17,2024->2025,248.00535052002184,289.4035777369867
8144,Chris Olave,WR,74.6,127.06373121379706,157.39173449455112,151.32613383840032,185.81000000000003,219.0,16,2024->2025,157.70952761089947,193.64802748925504
4881,Lamar Jackson,QB,20.7,372.5918537141671,360.00923568820264,368.18793740507954,385.64500000000004,221.85999999999999,13,2024->2025,390.82111855626806,409.35129849137934
9500,Josh Downs,WR,94.2,161.3883393944359,149.51172505909952,151.88704792616682,148.17200000000003,109.4,16,2024->2025,146.6943956363897,143.10635624968583
4663,Austin Ekeler,RB,89.2,159.93826046596445,169.86713796630195,165.89558696616697,183.685,10.6,2,2024->2025,161.44111328188558,178.75286157690803
2216,Mike Evans,WR,30.5,215.31948406062838,187.60435112346624,193.1473777108987,219.572,69.80000000000001,8,2024->2025,200.691332416978,228.14804820916905
12529,TreVeyon Henderson,RB,47.6,,192.80532325391314,192.80532325391314,212.17700000000002,188.70000000000002,17,2024->2025,188.57152538384724,207.5178209093172
11584,Bucky Irving,RB,19.7,197.4169647654805,225.026398880657,213.98262523458638,289.034,123.5,10,2024->2025,216.76789931722737,292.79616951408786
3294,Dak Prescott,QB,83.9,245.71777240751538,276.21378161515383,259.44097655095266,305.1772,323.78,17,2024->2025,272.0344443170996,319.9907397972039
7594,Chuba Hubbard,RB,37.8,232.41704296460787,201.22473076876236,221.49973369606195,231.608,110.4,15,2024->2025,216.63583738388624,226.52213701374387
12530,Travis Hunter,WR,70.8,,159.15776389984225,159.15776389984225,133.535,49.800000000000004,7,2024->2025,165.8715195027448,139.16790996597422
9224,Chase Brown,RB,20.8,236.39022120168082,223.04194728219696,231.71832532986147,280.857,248.10000000000002,17,2024->2025,234.7344536033916,284.51273476898285
3321,Tyreek Hill,WR,29.5,175.8381034729705,188.7304299683519,186.15196466927563,222.751,43.0,4,2024->2025,193.42269237242192,231.4512136640401
11628,Marvin Harrison Jr.,WR,34.5,167.1639846304733,183.44164654190337,180.18611415961738,174.40300000000002,107.30000000000001,12,2024->2025,187.22382753680444,181.21483637177653
4217,George Kittle,TE,45.8,182.16671868677273,170.0280414921467,174.8835123699971,195.092,133.0,11,2024->2025,177.34202879568565,197.83460780802295
4950,Christian Kirk,WR,113.3,130.16508270583273,143.27543653925702,140.65336577257216,,43.9,11,2024->2025,140.65336577257216,
2449,Stefon Diggs,WR,81.0,178.2312006681136,154.61141117504252,159.33536907365675,160.39500000000004,167.8,17,2024->2025,153.888076626015,154.91148132351836
12489,RJ Harvey,RB,60.8,,183.86607089677432,183.86607089677432,174.08,183.1,17,2024->2025,179.82856940976933,170.25739012189794
6783,Jerry Jeudy,WR,60.1,178.89547793276952,164.69246349864935,167.53306638547338,202.87800000000004,95.7,17,2024->2025,174.6001175651113,211.4360073244986
4037,Chris Godwin Jr.,WR,104.2,208.99904730244074,146.1036720331921,158.68274708704183,,66.5,9,2024->2025,153.25776621302947,
4018,Joe Mixon,RB,135.5,258.97864202018224,154.59722958942166,196.34979456172587,,0.0,0,2024->2025,180.1640516659419,
5846,DK Metcalf,WR,33.6,170.64783797975343,184.33454180021073,181.59720103611926,204.56099999999998,157.7,15,2024->2025,188.69002867687456,212.55074822707732
4866,Saquon Barkley,RB,2.3,294.70498963479133,303.46711824432134,297.7717346481268,312.035,213.8,16,2024->2025,301.64763762926486,316.0965587243315
8155,Breece Hall,RB,46.3,202.12363055355198,193.81667337840142,199.21619554224927,203.09900000000002,189.66,16,2024->2025,194.84162180053443,198.63916404163228
12501,Matthew Golden,WR,74.1,,157.61889901657034,157.61889901657034,151.997,55.5,14,2024->2025,164.26774064682698,158.40869293517193
9758,C.J. Stroud,QB,136.9,243.233654751886,246.89717122951066,244.51588551905462,264.0406,216.54,14,2024->2025,222.21478117746653,239.95874143888554
11604,Brock Bowers,TE,33.6,177.5765473436502,188.76209113870866,184.28787362068528,217.94,144.2,12,2024->2025,186.87859677240874,221.00380551575932
5859,A.J. Brown,WR,21.7,219.40416089520832,199.10329063864606,203.16346468995852,217.209,181.3,15,2024->2025,212.58002821422536,227.27656972600286
9753,Zach Charbonnet,RB,100.1,155.8197574106483,165.65645475684585,159.26260148181746,163.251,171.4,16,2024->2025,154.9862305417295,158.86753630014326
7523,Trevor Lawrence,QB,122.4,248.3734836312704,253.60062847693982,251.50977053867206,294.17819999999995,350.18,17,2024->2025,228.5707879698904,267.34763756315033
4981,Calvin Ridley,WR,58.3,167.9440990476034,165.71961403480654,166.1645110373659,180.47199999999998,38.800000000000004,7,2024->2025,173.17383241538374,188.08485451289397
6790,D'Andre Swift,RB,59.3,177.64240957095376,184.778432201881,180.14001749177825,185.963,211.6,16,2024->2025,176.18433613662228,181.87945220150795
4984,Josh Allen,QB,23.1,342.0275205782063,353.4409443703962,346.0222189054728,362.14079999999996,374.62,16,2024->2025,367.2928330869675,384.40225263313897
11620,Rome Odunze,WR,78.9,126.91700604234377,155.4987217037153,149.782378571441,153.18699999999998,124.10000000000001,12,2024->2025,144.66167985699013,147.94990548025686
8134,Khalil Shakir,WR,85.8,142.33828401654938,152.66674549951432,150.60105320292135,144.12600000000003,130.4,16,2024->2025,145.4523659749153,139.19867924332684
