sleeper_id,name,pos,adp,usage,curve,blend,lines,actual,games_actual,pair,blend_gt,lines_gt,blend_gt_rb,lines_gt_rb
9756,Jordan Addison,WR,134.1,198.59710981379084,165.92775911931574,172.46162925821076,207.45100000000002,212.5,15,2023->2024,172.46162925821076,207.45100000000002,172.46162925821076,207.45100000000002
11560,Caleb Williams,QB,116.7,,274.1256894403842,274.1256894403842,312.6674,260.54,17,2023->2024,250.26546242737925,285.4524565235388,274.1256894403842,312.6674
10236,Dalton Kincaid,TE,59.1,145.898045925734,179.9656539564028,157.8217087364681,207.39999999999998,100.8,13,2023->2024,162.3876532198485,213.4002954817474,157.8217087364681,207.39999999999998
4018,Joe Mixon,RB,35.0,260.34618852254624,205.95710486792908,227.71273832977593,235.178,240.5,14,2023->2024,219.51350535800063,226.7099659937354,219.51350535800063,226.7099659937354
7543,Travis Etienne Jr.,RB,17.6,232.36946647620434,234.6018363797922,233.70888841835705,230.775,130.2,15,2023->2024,234.68846660164482,231.7422809484403,234.68846660164482,231.7422809484403
4035,Alvin Kamara,RB,32.3,287.3796712319507,209.30225821551687,240.53322342209037,255.03400000000002,265.3,14,2023->2024,231.87236434694432,245.85101271056953,231.87236434694432,245.85101271056953
8121,Romeo Doubs,WR,103.0,168.6064440925987,177.10562354534227,175.40578765479356,182.58,132.1,13,2023->2024,170.61388208540916,177.5921023339318,175.40578765479356,182.58
8139,Zamir White,RB,67.8,103.763059078455,178.40553823279663,148.54854657105997,168.742,29.3,8,2023->2024,140.9349761481074,160.09345290906433,140.9349761481074,160.09345290906433
11620,Rome Odunze,WR,97.7,,179.3435716927992,179.3435716927992,184.875,144.9,17,2023->2024,174.44408991675115,179.8244052962298,179.3435716927992,184.875
11583,Jonathon Brooks,RB,85.4,,168.78920089431742,168.78920089431742,,7.5,3,2023->2024,160.13823461220682,,160.13823461220682,
11626,Xavier Legette,WR,141.3,,163.71217585856803,163.71217585856803,76.10900000000001,125.10000000000001,15,2023->2024,163.71217585856803,76.10900000000001,163.71217585856803,76.10900000000001
6819,Michael Pittman Jr.,WR,45.2,241.03238019160992,211.9974499409358,217.80443599107065,220.813,165.8,16,2023->2024,232.33012877044408,235.53933826348367,217.80443599107065,220.813
7528,Najee Harris,RB,67.1,189.498954831625,178.8379765360571,185.76761242817625,173.60399999999998,204.6,17,2023->2024,176.2464502749733,164.7062604379775,176.2464502749733,164.7062604379775
8130,Trey McBride,TE,50.4,170.86954617196076,186.88521951773788,176.47503184298276,201.382,243.8,16,2023->2024,181.58063616414324,207.20818854727708,176.47503184298276,201.382
1466,Travis Kelce,TE,24.4,217.05950680453154,218.40692519545814,217.8679578390875,249.339,195.4,16,2023->2024,224.17110211603745,256.5526339205565,217.8679578390875,249.339
10232,Michael Wilson,WR,170.2,147.5715239059967,155.8288210433595,154.17736161588698,139.927,124.5,16,2023->2024,154.17736161588698,139.927,154.17736161588698,139.927
4984,Josh Allen,QB,25.1,347.25309712437155,328.4132622768735,340.65915492774724,377.553,385.04,16,2023->2024,361.7775096700921,400.9585009903598,340.65915492774724,377.553
2216,Mike Evans,WR,33.5,250.7614833426526,224.68746848092005,229.90227145326656,228.106,240.4,14,2023->2024,245.2347863729681,243.31871897909184,229.90227145326656,228.106
11632,Malik Nabers,WR,38.3,,219.01482385441415,219.01482385441415,213.79199999999997,273.6,15,2023->2024,233.62123915060323,228.05009762118488,219.01482385441415,213.79199999999997
8150,Kyren Williams,RB,15.9,315.40049445806085,238.83447795382193,288.6023886815772,245.582,272.1,16,2023->2024,289.81205000644366,246.61134368922052,289.81205000644366,246.61134368922052
8183,Brock Purdy,QB,105.7,285.07627285181866,277.6230693883861,280.6043507737591,288.7212,278.86,15,2023->2024,256.1802133499121,263.590562336924,280.6043507737591,288.7212
6768,Tua Tagovailoa,QB,88.6,265.6412393888391,283.85724101320943,272.0168399573687,303.07939999999996,188.58,11,2023->2024,294.79328707404727,328.4567697515806,272.0168399573687,303.07939999999996
3164,Ezekiel Elliott,RB,96.2,168.25619545057035,163.82722243534863,165.5988116414373,151.096,57.5,15,2023->2024,157.11136263239416,143.35186474468705,157.11136263239416,143.35186474468705
1166,Kirk Cousins,QB,130.1,278.2633016746983,270.2858121841709,273.4768079803818,259.2058,192.32,14,2023->2024,249.67306038370518,236.6442179617993,273.4768079803818,259.2058
7561,Elijah Mitchell,RB,129.8,102.14499762021819,151.3448858579581,131.66493056286214,,0.0,0,2023->2024,117.10782881006736,,117.10782881006736,
8676,Rashid Shaheed,WR,139.8,152.27312404152985,164.16429726995784,161.78606262427223,167.22899999999996,81.80000000000001,6,2023->2024,161.78606262427223,167.22899999999996,161.78606262427223,167.22899999999996
9509,Bijan Robinson,RB,4.9,232.62509334323082,287.8813811857078,251.96479408809773,277.62700000000007,341.70000000000005,17,2023->2024,253.02089091400651,278.79065857598374,253.02089091400651,278.79065857598374
8144,Chris Olave,WR,26.2,227.4745008854959,235.0997939471657,233.57473533483176,241.50199999999998,76.7,8,2023->2024,249.15217218114248,257.6081175895796,233.57473533483176,241.50199999999998
8151,Kenneth Walker,RB,35.6,191.87769726209683,205.2488473848259,196.557599805052,212.245,181.20000000000002,11,2023->2024,189.48016722488327,204.60271255109055,189.48016722488327,204.60271255109055
96,Aaron Rodgers,QB,130.4,,270.20444596926905,270.20444596926905,251.54559999999995,267.58,17,2023->2024,246.6855286656353,229.6507709076401,270.20444596926905,251.54559999999995
9221,Jahmyr Gibbs,RB,9.4,252.2666365494942,260.7356476733817,255.23079044285484,270.70799999999997,362.90000000000003,17,2023->2024,256.3005765160895,271.8426579611759,256.3005765160895,271.8426579611759
11619,Ja'Lynn Polk,WR,163.4,,157.55610432554568,157.55610432554568,128.86,32.699999999999996,14,2023->2024,157.55610432554568,128.86,157.55610432554568,128.86
2133,Davante Adams,WR,20.0,270.1331227382119,246.5390545899602,251.25786821961051,242.48800000000003,241.29999999999998,14,2023->2024,264.7430319418718,255.50247952199285,251.25786821961051,242.48800000000003
9758,C.J. Stroud,QB,49.9,286.5816265740674,304.1385581869828,292.7265526385878,343.03279999999995,232.38,17,2023->2024,310.87343961256784,364.29830322769493,292.7265526385878,343.03279999999995
11631,Brian Thomas Jr.,WR,114.2,,172.73277824949332,172.73277824949332,170.782,284.0,17,2023->2024,172.73277824949332,170.782,172.73277824949332,170.782
5937,Diontae Johnson,WR,92.1,198.47776938065172,181.84413830185918,185.17086451761773,196.605,89.10000000000001,11,2023->2024,180.1121870997666,191.23395377019747,185.17086451761773,196.605
5892,David Montgomery,RB,54.6,226.24577330287806,187.4278714225867,212.65950764477608,201.654,221.72,14,2023->2024,205.00229505477427,194.39306177661481,205.00229505477427,194.39306177661481
11624,Xavier Worthy,WR,81.9,,186.8165796889854,186.8165796889854,195.551,187.2,16,2023->2024,181.71294302662622,190.20874796529023,186.8165796889854,195.551
4046,Patrick Mahomes,QB,30.8,292.1221632473733,321.1838090911718,309.55915075365243,355.9664,294.02,16,2023->2024,328.74953464555523,378.0336910233394,309.55915075365243,355.9664
1689,Adam Thielen,WR,159.0,215.12726287494274,158.71249651100032,169.9954497837888,156.366,139.5,10,2023->2024,169.9954497837888,156.366,169.9954497837888,156.366
421,Matthew Stafford,QB,123.1,266.2979517198553,272.23959108210823,268.37752549664384,295.7558,222.58,16,2023->2024,245.01762553027802,270.0128623613605,268.37752549664384,295.7558
9753,Zach Charbonnet,RB,130.7,125.5956064554345,151.0569666253657,134.50708251491042,111.877,186.9,17,2023->2024,134.50708251491042,111.877,134.50708251491042,111.877
6786,CeeDee Lamb,WR,3.7,337.08515722528756,318.0229889860962,321.8354226339345,305.83,263.40000000000003,15,2023->2024,339.10852694145177,322.2440834689183,321.8354226339345,305.83
5849,Kyler Murray,QB,76.1,289.9768152880259,289.2298194190689,289.64066714699527,293.8416000000001,308.24,17,2023->2024,313.8927882257746,318.44547255483576,289.64066714699527,293.8416000000001
6783,Jerry Jeudy,WR,132.9,163.8065898918707,166.30855605762315,165.80816282447267,169.62599999999998,240.9,17,2023->2024,165.80816282447267,169.62599999999998,165.80816282447267,169.62599999999998
6806,J.K. Dobbins,RB,116.2,204.23586206046653,155.9567978511747,175.26842353489144,83.55500000000002,191.8,13,2023->2024,155.89044441363103,74.31701512616114,155.89044441363103,74.31701512616114
9226,De'Von Achane,RB,21.4,237.9872221786193,226.4560464719781,232.79819311063076,227.052,299.9,17,2023->2024,233.77395416372246,228.00367619501793,233.77395416372246,228.00367619501793
9229,Anthony Richardson Sr.,QB,55.2,243.59865845595434,300.57263411945974,269.23694750453177,325.8288,175.36,11,2023->2024,285.92765223064646,346.02778213254237,269.23694750453177,325.8288
11655,Tyrone Tracy Jr.,RB,174.0,,139.1335985517178,139.1335985517178,59.05800000000001,182.3,17,2023->2024,139.1335985517178,59.05800000000001,139.1335985517178,59.05800000000001
11635,Ladd McConkey,WR,98.4,,179.04112918535725,179.04112918535725,167.144,240.9,16,2023->2024,174.14990982730126,162.57779796529024,179.04112918535725,167.144
7600,Pat Freiermuth,TE,135.5,119.05479985808448,143.91030152951802,130.23977561022957,129.353,170.3,17,2023->2024,136.54411881921354,135.61441824408712,130.23977561022957,129.353
11581,MarShawn Lloyd,RB,159.1,,142.86382942356175,142.86382942356175,,2.8,1,2023->2024,142.86382942356175,,142.86382942356175,
8155,Breece Hall,RB,2.2,244.4414596396457,321.2483088317999,271.3238568568996,274.55,240.9,16,2023->2024,272.4610961488291,275.70076149667113,272.4610961488291,275.70076149667113
8132,Tyler Allgeier,RB,125.1,127.65106163636108,152.8816648445544,136.48177275922873,104.227,106.2,17,2023->2024,121.3921126275254,92.7034831614433,121.3921126275254,92.7034831614433
4983,DJ Moore,WR,43.7,260.7954812859296,213.42717080831488,222.90083290383785,224.99500000000003,238.10000000000002,17,2023->2024,237.76641176266486,240.00024189061568,222.90083290383785,224.99500000000003
7594,Chuba Hubbard,RB,108.8,169.09499113378007,158.6986247354065,165.45626289434932,174.199,241.60000000000002,15,2023->2024,147.16313317261023,154.93925818876357,147.16313317261023,154.93925818876357
5001,Dalton Schultz,TE,117.9,155.96379064327488,149.95623290836082,153.86114543605498,155.414,118.2,17,2023->2024,156.29168554280866,157.8690705058153,153.86114543605498,155.414
2309,Amari Cooper,WR,49.2,231.46420767232866,208.40518253228822,213.01698756029631,223.618,122.7,13,2023->2024,219.73452001230015,230.6698374569868,213.01698756029631,223.618
9500,Josh Downs,WR,155.9,148.89040918594665,159.54660703794914,157.41536746754866,,183.5,14,2023->2024,157.41536746754866,,157.41536746754866,
11439,Jaleel McLaughlin,RB,126.6,103.12810272817887,152.3850183765079,120.36802320509403,121.295,97.2,16,2023->2024,107.05992700902502,107.88441565110062,107.05992700902502,107.88441565110062
6813,Jonathan Taylor,RB,9.8,217.6219197525176,258.99922370170526,236.24170652965208,245.88800000000003,244.7,14,2023->2024,237.2319008832569,246.91862627169363,237.2319008832569,246.91862627169363
7569,Nico Collins,WR,32.1,246.86128093141593,226.49593587345527,230.56900488504743,249.95100000000002,210.60000000000002,12,2023->2024,245.94598522140458,266.6205936167527,230.56900488504743,249.95100000000002
6790,D'Andre Swift,RB,56.5,209.16112546810174,186.00253936579927,195.26597380672027,186.473,214.5,17,2023->2024,188.23504869271437,179.75868273711754,188.23504869271437,179.75868273711754
7525,DeVonta Smith,WR,38.3,212.54807466421357,219.01482385441415,217.72147401637406,235.92600000000004,199.4,13,2023->2024,232.24163394169275,251.66024608673703,217.72147401637406,235.92600000000004
4199,Aaron Jones Sr.,RB,46.0,191.9263309546864,194.56947845586947,193.51221945539623,203.184,241.60000000000002,17,2023->2024,186.54444162338802,195.8679711982887,186.54444162338802,195.8679711982887
10229,Rashee Rice,WR,64.2,195.22863277007977,197.1318825265243,196.75123257523538,267.223,64.9,4,2023->2024,202.9558212558531,275.6499296781493,196.75123257523538,267.223
8134,Khalil Shakir,WR,117.4,104.87348028603286,171.56204055607503,158.2243285020666,167.858,182.5,15,2023->2024,158.2243285020666,167.858,158.2243285020666,167.858
3198,Derrick Henry,RB,15.9,208.73670756164444,238.83447795382193,226.79536979695095,227.01799999999997,336.40000000000003,17,2023->2024,227.74597034033332,227.96953368585426,227.74597034033332,227.96953368585426
7021,Rico Dowdle,RB,118.9,95.3653735264455,154.99968224874362,116.23738157924983,121.36299999999999,197.8,16,2023->2024,103.38597624379715,107.94489745384826,103.38597624379715,107.94489745384826
1373,Geno Smith,QB,159.8,259.95047619029526,263.0219932557982,261.02550716322133,278.1166,281.0,17,2023->2024,238.305535642808,253.90899937113505,261.02550716322133,278.1166
5872,Deebo Samuel Sr.,WR,23.0,212.78391580766186,240.6182671340269,235.0513968687539,225.539,155.60000000000002,15,2023->2024,250.72731440800032,240.58052203723443,235.0513968687539,225.539
9508,Tyjae Spears,RB,91.4,159.12848748618978,165.95995975505627,161.51950278029304,169.116,113.60000000000001,12,2023->2024,153.24113091140515,160.44828425744228,153.24113091140515,160.44828425744228
8137,George Pickens,WR,59.8,196.29626935983984,200.1395782894399,199.37091650351988,204.323,164.4,14,2023->2024,205.658117430249,210.76636585035158,199.37091650351988,204.323
6130,Devin Singletary,RB,87.9,160.71479086943677,167.58692056582296,164.8380686872685,197.387,96.6,15,2023->2024,156.3896100971088,187.2703084552837,156.3896100971088,187.2703084552837
10859,Sam LaPorta,TE,29.4,212.6048787308547,210.30664312416533,211.80049626851343,248.574,174.6,16,2023->2024,217.9281026368443,255.76550168312386,211.80049626851343,248.574
4017,Deshaun Watson,QB,149.3,241.93844581443213,265.4229692664349,252.50648136783337,271.82320000000004,79.72,7,2023->2024,230.5280160149834,248.16338441452228,252.50648136783337,271.82320000000004
11584,Bucky Irving,RB,152.9,,144.520089134068,144.520089134068,79.373,244.4,17,2023->2024,144.520089134068,79.373,144.520089134068,79.373
7588,Javonte Williams,RB,77.5,195.77019811041143,172.83385128103092,187.74247672012825,181.73000000000002,157.9,17,2023->2024,178.120096690954,172.41577791637093,178.120096690954,172.41577791637093
5850,Josh Jacobs,RB,23.6,237.13668581957347,222.3785771885759,228.2818206409749,257.89000000000004,293.1,17,2023->2024,229.2386515627874,258.9709320064707,229.2386515627874,258.9709320064707
8129,Dameon Pierce,RB,151.4,120.73379746494517,144.9308858761095,129.20277840885268,73.338,43.5,10,2023->2024,129.20277840885268,73.338,129.20277840885268,73.338
3294,Dak Prescott,QB,69.8,302.40035041491024,292.28253110565004,298.85911365666914,302.5796,124.52,8,2023->2024,323.88311143050316,327.91512062095074,298.85911365666914,302.5796
9493,Puka Nacua,WR,15.2,256.6039277186704,258.16512536332755,257.85288583439615,273.00300000000004,206.6,11,2023->2024,271.6920081925273,287.65523826722404,257.85288583439615,273.00300000000004
4066,Evan Engram,TE,79.5,197.27300277369437,167.08048063047065,179.15748948776016,185.453,89.5,9,2023->2024,181.98763521682778,188.3825957282804,179.15748948776016,185.453
5947,Jakobi Meyers,WR,131.7,210.03714477562085,166.69280698356152,175.3616745419734,165.9268,218.0,15,2023->2024,175.3616745419734,165.9268,175.3616745419734,165.9268
5846,DK Metcalf,WR,40.7,224.64359207782314,216.44005438637075,218.08076192466123,231.55700000000002,191.2,15,2023->2024,232.62488328011048,246.99987115920482,218.08076192466123,231.55700000000002
7571,Rashod Bateman,WR,169.6,109.03019911780471,155.97842699334788,146.58878141823925,131.189,174.60000000000002,16,2023->2024,146.58878141823925,131.189,146.58878141823925,131.189
11589,Trey Benson,RB,108.5,,158.8136772117403,158.8136772117403,78.25099999999999,47.0,12,2023->2024,141.25496321687717,69.59943451184529,141.25496321687717,69.59943451184529
3163,Jared Goff,QB,94.3,277.9624311267824,281.6546584148314,279.2547106775996,315.8736,336.46000000000004,17,2023->2024,302.63719740462926,342.3222505581141,279.2547106775996,315.8736
8167,Christian Watson,WR,84.2,190.289575404616,185.64328662763864,186.5725443830341,175.321,105.3,14,2023->2024,181.4755745140422,170.53141074207062,186.5725443830341,175.321
5859,A.J. Brown,WR,10.9,258.76028767352983,272.25232994816207,269.55392149323563,288.08200000000005,216.9,13,2023->2024,284.02104560389915,303.54353743548035,269.55392149323563,288.08200000000005
11575,Ray Davis,RB,147.7,,145.96184544021995,145.96184544021995,86.61500000000001,116.10000000000001,17,2023->2024,145.96184544021995,86.61500000000001,145.96184544021995,86.61500000000001
8110,Jake Ferguson,TE,89.2,161.58421694345816,162.07790939402304,161.75700930115588,182.34199999999998,104.4,14,2023->2024,164.31228014319174,185.22245135040197,161.75700930115588,182.34199999999998
11625,Adonai Mitchell,WR,160.9,,158.2092682687231,158.2092682687231,155.95800000000003,53.76,17,2023->2024,158.2092682687231,155.95800000000003,158.2092682687231,155.95800000000003
4988,Nick Chubb,RB,65.0,152.57984719052322,180.16288914087747,164.9922160681826,,63.3,8,2023->2024,159.05135554366788,,159.05135554366788,
11637,Keon Coleman,WR,88.1,,183.7251742231045,183.7251742231045,162.16299999999998,111.5,13,2023->2024,178.7059915760161,157.73287375822858,183.7251742231045,162.16299999999998
2749,Raheem Mostert,RB,64.1,259.49639666321724,180.74386417370724,231.9330102918887,183.22599999999997,70.9,13,2023->2024,223.5818183507759,176.6285971866763,223.5818183507759,176.6285971866763
8230,Ty Chandler,RB,130.3,120.96446754081873,151.18468517860782,131.5415437140449,102.646,28.400000000000002,14,2023->2024,116.99808382401123,91.29728124756069,116.99808382401123,91.29728124756069
4082,Curtis Samuel,WR,122.6,158.00526630148292,169.72600700194187,167.38185886185008,161.29600000000002,63.7,14,2023->2024,167.38185886185008,161.29600000000002,167.38185886185008,161.29600000000002
9481,Luke Musgrave,TE,151.7,108.46234776899657,139.0029275650623,126.78669564663599,108.256,11.5,7,2023->2024,132.9238902167609,113.49620388728435,126.78669564663599,108.256
8146,Garrett Wilson,WR,12.1,230.9969777535194,267.827786323323,260.4616246093623,260.015,251.9,17,2023->2024,274.44075957580816,273.97016435003366,260.4616246093623,260.015
4037,Chris Godwin Jr.,WR,68.4,206.92350838901964,194.4473318621361,196.94256716751283,215.50900000000001,137.8,7,2023->2024,203.15318962199777,222.3051185527005,196.94256716751283,215.50900000000001
4881,Lamar Jackson,QB,44.2,331.3968336317094,308.4235267791966,323.35617623332996,343.48499999999996,434.38000000000005,17,2023->2024,343.4018739315821,364.7785362920537,323.35617623332996,343.48499999999996
7564,Ja'Marr Chase,WR,7.2,249.03065882370743,289.81964863385855,281.66185067182835,246.177,403.0,17,2023->2024,296.7788147595156,259.38947041208485,281.66185067182835,246.177
9997,Zay Flowers,WR,56.8,203.18855087621696,202.3199929947102,202.49370457101156,215.35600000000002,209.5,17,2023->2024,208.8793832314856,222.14729366771397,202.49370457101156,215.35600000000002
6943,Gabe Davis,WR,169.6,163.6167867071905,155.97842699334788,157.50609893611644,163.47200000000004,53.9,10,2023->2024,157.50609893611644,163.47200000000004,157.50609893611644,163.47200000000004
8228,Jaylen Warren,RB,79.6,185.69573820536817,171.7198052256647,180.80416166247196,164.203,124.10000000000001,15,2023->2024,171.53739164448572,155.78709063556843,171.53739164448572,155.78709063556843
4039,Cooper Kupp,WR,18.9,222.42814764318643,248.93556555552155,243.63408197305455,253.46999999999997,175.0,12,2023->2024,256.71007241669645,267.07389019019297,243.63408197305455,253.46999999999997
8154,Brian Robinson,RB,97.9,188.1447396995806,163.09731353821073,179.37814054310115,162.418,159.8,14,2023->2024,159.54578402303036,144.46078586273515,159.54578402303036,144.46078586273515
11563,Bo Nix,QB,177.5,,259.3110318957588,259.3110318957588,230.54380000000003,329.2,17,2023->2024,259.3110318957588,230.54380000000003,259.3110318957588,230.54380000000003
8131,Isaiah Likely,TE,152.0,113.44432972341053,138.91707882159034,122.35979190777346,93.993,123.7,15,2023->2024,128.28269924965215,98.5427938587932,122.35979190777346,93.993
7523,Trevor Lawrence,QB,126.7,277.9689436214584,271.22130330622844,273.9203594323204,292.3796,152.2,10,2023->2024,250.07800458815524,266.93053083682423,273.9203594323204,292.3796
5045,Courtland Sutton,WR,110.8,196.19182884916336,174.01319102180008,178.44891858727277,172.261,240.3,16,2023->2024,173.57387781318002,167.55500679233992,178.44891858727277,172.261
1479,Keenan Allen,WR,63.5,309.0073977998098,197.59632510950593,219.8785396475667,225.50500000000005,185.4,15,2023->2024,226.8124524894411,232.61634437182082,219.8785396475667,225.50500000000005
5927,Terry McLaurin,WR,70.2,189.34916606076243,193.346922613062,192.54737130260207,196.87699999999998,267.8,17,2023->2024,198.61939039407073,203.08555478100686,192.54737130260207,196.87699999999998
6797,Justin Herbert,QB,114.6,285.77176294550776,274.7671736783789,281.92015670201266,278.6062,288.40000000000003,17,2023->2024,257.3814899605476,254.35598400309195,281.92015670201266,278.6062
4663,Austin Ekeler,RB,88.0,228.95085393318993,167.53954347672533,192.10406765931117,171.802,132.3,12,2023->2024,182.25814266427824,162.996618486702,182.25814266427824,162.996618486702
11566,Jayden Daniels,QB,99.2,,279.8651309758603,279.8651309758603,293.73619999999994,364.82,17,2023->2024,255.50533612503656,268.16905075453815,279.8651309758603,293.73619999999994
7553,Kyle Pitts Sr.,TE,72.8,148.0869348444853,170.90619584283866,156.07367619390897,195.806,131.2,17,2023->2024,158.53916758566154,198.89914177269534,156.07367619390897,195.806
9488,Jaxon Smith-Njigba,WR,90.5,143.49304245266177,182.58656035469127,174.76785677428535,183.566,253.0,17,2023->2024,169.99337881991903,178.551165828845,174.76785677428535,183.566
8408,Jordan Mason,RB,149.1,83.17125428039733,145.568746813673,120.60974980036274,237.09900000000002,115.0,12,2023->2024,120.60974980036274,237.09900000000002,120.60974980036274,237.09900000000002
3321,Tyreek Hill,WR,2.6,342.33936656967705,332.96969288524554,334.84362762213186,349.384,218.2,17,2023->2024,352.8148902609347,368.1356533325853,334.84362762213186,349.384
9224,Chase Brown,RB,91.9,85.70944016734755,165.7326370670048,121.71987877219331,158.96699999999998,255.0,16,2023->2024,115.48136018485705,150.8194517582773,115.48136018485705,150.8194517582773
7670,Joshua Palmer,WR,130.5,171.60851543659555,167.0805751293382,167.98616319078968,181.15200000000002,107.4,15,2023->2024,167.98616319078968,181.15200000000002,167.98616319078968,181.15200000000002
8143,Jerome Ford,RB,98.5,188.18751069138784,162.8427212265886,179.3168343787081,214.30199999999996,134.0,14,2023->2024,159.4912559738828,190.6084013591835,159.4912559738828,190.6084013591835
11604,Brock Bowers,TE,121.7,,148.57778442847317,148.57778442847317,150.501,262.7,17,2023->2024,155.76979118584626,157.7861012899071,148.57778442847317,150.501
4068,Mike Williams,WR,116.1,202.08700425798486,172.0337575189465,178.04440686675417,123.43699999999998,56.8,14,2023->2024,178.04440686675417,123.43699999999998,178.04440686675417,123.43699999999998
4137,James Conner,RB,47.6,224.3298408237002,193.1447876990593,213.4150722300759,224.87600000000003,253.8,16,2023->2024,205.7306540910761,216.77890922113147,205.7306540910761,216.77890922113147
7526,Jaylen Waddle,WR,29.1,217.13261793628135,230.65253931563493,227.94855503976422,243.049,149.6,15,2023->2024,243.15077378679405,259.2582892565268,227.94855503976422,243.049
6845,Zack Moss,RB,74.4,197.48270097008236,174.53482808308993,183.71397723788692,179.50300000000001,81.9,8,2023->2024,174.29807021174673,170.30291852375683,174.29807021174673,170.30291852375683
6904,Jalen Hurts,QB,37.3,337.1589981978554,314.4195423481202,329.20018865044807,367.6216,320.12,15,2023->2024,349.6081720103597,390.4114274490672,329.20018865044807,367.6216
4981,Calvin Ridley,WR,74.7,227.0541139269704,190.7148107237918,197.98267136442755,203.42200000000003,199.20000000000002,17,2023->2024,204.22609370861264,209.83695263876425,197.98267136442755,203.42200000000003
11643,Jaylen Wright,RB,156.6,,143.52377583465332,143.52377583465332,,26.700000000000003,13,2023->2024,143.52377583465332,,143.52377583465332,
2449,Stefon Diggs,WR,41.8,244.95104746926197,215.3102974574641,221.2384474598237,238.62900000000002,121.92,8,2023->2024,235.99315942959598,254.54351306524913,221.2384474598237,238.62900000000002
6801,Tee Higgins,WR,51.8,181.74847646486168,206.2236159440964,201.32858804824946,,222.10000000000002,12,2023->2024,207.6775245308265,,201.32858804824946,
4217,George Kittle,TE,66.7,187.67548541371448,174.7088777746538,179.8955208302781,195.14300000000003,236.60000000000002,15,2023->2024,185.1000834186316,200.78868785532617,179.8955208302781,195.14300000000003
8119,Jahan Dotson,WR,152.0,129.53205593064897,160.61985157038617,154.40229244243875,77.19699999999999,41.9,14,2023->2024,154.40229244243875,77.19699999999999,154.40229244243875,77.19699999999999
5967,Tony Pollard,RB,81.7,227.01765313305324,170.6347705113192,193.18792356001282,170.051,200.70000000000002,16,2023->2024,183.2864476126562,161.3353626283871,183.2864476126562,161.3353626283871
2197,Brandin Cooks,WR,135.1,172.82758562097877,165.61302235108352,167.05593500506257,154.10500000000002,69.6,10,2023->2024,167.05593500506257,154.10500000000002,167.05593500506257,154.10500000000002
8136,Rachaad White,RB,29.0,233.44492502727473,213.79289258778735,221.6537055635823,236.09600000000003,199.6,15,2023->2024,213.6726396631708,227.59491164673977,213.6726396631708,227.59491164673977
4950,Christian Kirk,WR,55.6,184.7985075537303,203.22458339580066,199.5393682273866,218.84099999999998,70.9,8,2023->2024,205.83188131224279,225.74219382574054,199.5393682273866,218.84099999999998
5012,Mark Andrews,TE,41.2,196.53312558750895,195.6434513097422,196.13277216251393,200.447,188.8,17,2023->2024,201.80709514529758,206.24613803485934,196.13277216251393,200.447
5248,Gus Edwards,RB,100.6,178.53677653991394,161.9637021369267,168.5929318981216,158.848,64.1,11,2023->2024,149.95300664276888,141.28549121848414,149.95300664276888,141.28549121848414
6945,Antonio Gibson,RB,158.6,130.85889316916865,142.9949851672658,138.14054836802697,103.81899999999999,103.4,17,2023->2024,138.14054836802697,103.81899999999999,138.14054836802697,103.81899999999999
7090,Darnell Mooney,WR,161.8,121.79279268753587,157.9729674593947,150.73693250502293,142.154,193.20000000000002,16,2023->2024,150.73693250502293,142.154,150.73693250502293,142.154
9754,Quentin Johnston,WR,152.2,107.43900839162727,160.564146928377,149.93911922102706,92.225,174.70000000000002,15,2023->2024,149.93911922102706,92.225,149.93911922102706,92.225
6826,Cole Kmet,TE,137.1,185.90731172953332,143.400200197866,171.02982269344974,136.74800000000002,120.4,16,2023->2024,179.30863533865897,143.3673781515885,171.02982269344974,136.74800000000002
6803,Brandon Aiyuk,WR,48.1,230.55077807399388,209.36307969549884,213.6006193711979,207.434,62.400000000000006,7,2023->2024,227.84595354151344,221.2680734075778,213.6006193711979,207.434
4892,Baker Mayfield,QB,156.0,276.02065682038875,263.8721966360077,268.73158070976007,277.1,381.8,17,2023->2024,245.3408633552927,252.98088544783565,268.73158070976007,277.1
4381,Taysom Hill,TE,155.9,135.90703496890188,137.81621022152567,137.05254012047618,111.7954,103.34,8,2023->2024,143.68665973972605,117.20693090508156,137.05254012047618,111.7954
6794,Justin Jefferson,WR,8.0,280.91634991861605,285.35622168903956,284.4682473349549,293.913,317.48,17,2023->2024,299.735832450911,309.6874907778838,284.4682473349549,293.913
6804,Jordan Love,QB,73.2,295.6129105192056,290.6023537364136,292.60657644953045,303.8852,244.86,15,2023->2024,317.1070383163016,329.33004079892277,292.60657644953045,303.8852
1426,DeAndre Hopkins,WR,104.5,231.8470022876073,176.49313035838472,187.56390474422926,173.91,147.0,16,2023->2024,182.43985193060027,169.15895780969478,187.56390474422926,173.91
4033,David Njoku,TE,101.1,188.68474948752635,156.6362349538719,177.4677694007473,178.27900000000002,148.5,11,2023->2024,180.27122267000624,181.09526825579582,177.4677694007473,178.27900000000002
7547,Amon-Ra St. Brown,WR,6.2,295.4790980830349,296.154317426474,296.01927355778616,316.04699999999997,316.18,17,2023->2024,311.90680932793975,333.0094361184358,296.01927355778616,316.04699999999997
5906,Dawson Knox,TE,165.9,102.00274704742517,135.11467177524852,116.90311317494569,83.81000000000002,59.1,14,2023->2024,122.5618863431303,87.86687895168215,116.90311317494569,83.81000000000002
8112,Drake London,WR,21.5,193.97729849543123,243.4753073451197,233.575705575182,249.84900000000002,280.8,17,2023->2024,246.1118567952145,263.2585489017617,233.575705575182,249.84900000000002
9486,Dontayvion Wicks,WR,160.0,121.42945219810284,158.4468945491672,151.04340607895435,131.002,110.5,17,2023->2024,151.04340607895435,131.002,151.04340607895435,131.002
8138,James Cook III,RB,30.3,211.52877244553196,211.96566597172426,211.68168517969926,214.43800000000002,266.7,16,2023->2024,204.05968095904475,206.7167493888231,204.05968095904475,206.7167493888231
2374,Tyler Lockett,WR,106.6,196.4377782583713,175.65025001268307,179.80775566182075,184.22899999999998,121.0,17,2023->2024,174.8955928575346,179.19605335128665,179.80775566182075,184.22899999999998
11647,Kimani Vidal,RB,143.9,,147.04790796722315,147.04790796722315,,32.7,9,2023->2024,147.04790796722315,,147.04790796722315,
10222,Jayden Reed,WR,65.1,199.56325059978954,196.542127654275,197.1463522433779,206.142,197.0,17,2023->2024,203.36340110017014,212.64272837185817,197.1463522433779,206.142
4034,Christian McCaffrey,RB,1.4,369.92386106620955,340.0816906740627,352.01855883092145,,47.800000000000004,4,2023->2024,353.49402560788843,,353.49402560788843,
5022,Dallas Goedert,TE,105.5,149.99442232752136,154.7850689236448,151.67114863616456,164.30499999999998,103.6,10,2023->2024,154.06709342620778,166.90052137811253,151.67114863616456,164.30499999999998
11628,Marvin Harrison Jr.,WR,14.5,,260.16242197746055,260.16242197746055,224.00900000000001,196.5,17,2023->2024,274.12549855534365,236.03170027070246,260.16242197746055,224.00900000000001
11586,Blake Corum,RB,110.3,,158.12807982819263,158.12807982819263,115.804,33.5,15,2023->2024,140.6451666622297,103.0005100792288,140.6451666622297,103.0005100792288
8205,Isiah Pacheco,RB,19.8,229.28120889423133,229.69403572766598,229.52890499429208,243.40600000000003,56.900000000000006,7,2023->2024,230.490963002817,244.42622310274538,230.490963002817,244.42622310274538
5844,T.J. Hockenson,TE,118.7,218.17638401776716,149.6623771262028,194.1964816057196,,86.5,10,2023->2024,203.59669182785268,,194.1964816057196,
9502,Tank Dell,WR,57.5,220.80966114948276,201.80110003494752,205.60281225785457,222.938,140.0,14,2023->2024,212.08653723858853,229.96839352371333,205.60281225785457,222.938
8148,Jameson Williams,WR,107.8,109.23524945905325,175.17602818597985,161.98787244059454,167.212,212.20000000000002,15,2023->2024,157.56253050348315,162.64394027528425,161.98787244059454,167.212
5987,Alexander Mattison,RB,160.7,151.14757085301216,142.44688390214526,145.927158682492,69.479,137.4,14,2023->2024,145.927158682492,69.479,145.927158682492,69.479
4866,Saquon Barkley,RB,11.3,246.95944447859657,253.06483226886613,250.62267715275829,254.303,355.3,16,2023->2024,251.67314856801977,255.368897289703,251.67314856801977,255.368897289703
7608,Khalil Herbert,RB,136.4,154.15291180556952,149.27827330453917,151.22812870495133,88.40000000000002,31.500000000000004,11,2023->2024,151.22812870495133,88.40000000000002,151.22812870495133,88.40000000000002
6770,Joe Burrow,QB,59.7,252.74976374723803,297.8041306268934,273.024228843083,324.7136,381.82,17,2023->2024,295.8850263980837,351.9024392631332,273.024228843083,324.7136
11638,Ricky Pearsall,WR,162.7,,157.73797741630403,157.73797741630403,0.0,93.5,11,2023->2024,157.73797741630403,0.0,157.73797741630403,0.0
9999,Will Levis,QB,160.0,223.14358123689743,262.9778075306056,241.0689830690661,241.02940000000004,131.94,12,2023->2024,241.0689830690661,241.02940000000004,241.0689830690661,241.02940000000004
7611,Rhamondre Stevenson,RB,62.0,185.0327190736441,182.13182921609263,183.29218515911325,166.12399999999997,175.9,15,2023->2024,176.69239922246138,160.14238742885516,176.69239922246138,160.14238742885516
7591,Justin Fields,QB,134.7,305.72753730128454,269.05833356248985,283.72601505800776,263.6088,120.14,10,2023->2024,259.0301642510312,240.66397558946736,283.72601505800776,263.6088
2309,Amari Cooper,WR,159.4,165.16991774321,154.9057121788825,156.95855329174802,,0.0,0,2024->2025,156.95855329174802,,156.95855329174802,
2133,Davante Adams,WR,29.0,275.78097335755706,226.11671369894825,236.04956563067006,228.39500000000004,222.9,14,2024->2025,245.26919497595105,237.3156571454155,236.04956563067006,228.39500000000004
8183,Brock Purdy,QB,77.5,296.46118985874404,287.64303049093024,291.1702942380558,318.5018,187.38,9,2024->2025,305.3039278825712,333.9621262949561,291.1702942380558,318.5018
12534,Kyle Monangai,RB,156.8,,158.46491704784842,158.46491704784842,55.216,146.70000000000002,17,2024->2025,158.46491704784842,55.216,158.46491704784842,55.216
4217,George Kittle,TE,43.9,221.99563533968626,207.63226489481283,213.3776130727622,238.61200000000002,161.5,11,2024->2025,216.37728044851647,241.9664129656161,213.3776130727622,238.61200000000002
12481,Cam Skattebo,RB,129.2,,167.00186954582085,167.00186954582085,86.71700000000001,127.7,8,2024->2025,153.2353701735276,79.56863974922084,153.2353701735276,79.56863974922084
9509,Bijan Robinson,RB,2.1,302.249075733071,348.64236809056575,318.48672805819416,333.285,370.8,17,2024->2025,322.6322647733977,337.6231562947708,322.6322647733977,337.6231562947708
6803,Brandon Aiyuk,WR,146.1,160.78567523883513,158.54646926896254,158.99431046293708,,0.0,0,2024->2025,158.99431046293708,,158.99431046293708,
7588,Javonte Williams,RB,116.3,167.64619922308717,171.64001706785888,170.0424899299502,201.535,242.8,16,2024->2025,156.0253424737562,184.92182400059065,156.0253424737562,184.92182400059065
4034,Christian McCaffrey,RB,8.0,199.80420223104704,289.66691069766466,253.7218273110176,334.203,416.6,17,2024->2025,257.0243610052134,338.55310530981376,257.0243610052134,338.55310530981376
2374,Tyler Lockett,WR,163.5,127.93476404152239,153.84446675554923,148.6625262127439,131.869,67.1,17,2024->2025,148.6625262127439,131.869,148.6625262127439,131.869
2505,Darren Waller,TE,168.4,,135.22495593416966,135.22495593416966,,88.7,9,2024->2025,135.22495593416966,,135.22495593416966,
12526,Tetairoa McMillan,WR,52.3,,201.4745857658188,201.4745857658188,253.48700000000002,213.4,17,2024->2025,209.97339283550696,264.1798479315903,201.4745857658188,253.48700000000002
8143,Jerome Ford,RB,130.8,146.51147018999748,166.45917147594824,158.48009096156792,214.251,43.6,13,2024->2025,145.4160691115323,196.58960336393454,145.4160691115323,196.58960336393454
6904,Jalen Hurts,QB,38.5,337.88047198015965,324.65860918633683,333.2528200023217,382.40139999999997,307.06,16,2024->2025,353.7384760436782,405.90830850891706,333.2528200023217,382.40139999999997
3214,Hunter Henry,TE,150.2,162.83556833788253,141.3848552710431,149.9651404977789,134.878,178.8,17,2024->2025,155.08604643513587,139.4837206943307,149.9651404977789,134.878
7526,Jaylen Waddle,WR,65.2,162.3446193349119,192.26197786816854,186.27850616151724,234.20899999999997,194.12,16,2024->2025,194.13629665692292,244.08864361568766,186.27850616151724,234.20899999999997
11584,Bucky Irving,RB,19.5,216.73179665254372,250.38065213421464,236.9211099415463,315.21400000000006,138.5,10,2024->2025,240.00495951310518,319.31693772086925,240.00495951310518,319.31693772086925
11628,Marvin Harrison Jr.,WR,39.0,200.7853861263033,213.7364975808014,211.14627528990178,207.04300000000003,127.80000000000001,12,2024->2025,219.393231350204,215.12969023997138,211.14627528990178,207.04300000000003
11566,Jayden Daniels,QB,31.4,334.1545257419566,335.443952517504,334.6058251133982,370.345,117.28,7,2024->2025,355.1746528360252,393.1107797061802,334.6058251133982,370.345
6804,Jordan Love,QB,122.3,257.0273961451492,263.5063830517935,260.9147882891358,301.5018,241.14,15,2024->2025,237.1180198070081,274.0032876366687,260.9147882891358,301.5018
12495,Ollie Gordon II,RB,152.9,,159.57550388021957,159.57550388021957,149.821,54.1,17,2024->2025,159.57550388021957,149.821,159.57550388021957,149.821
8142,Alec Pierce,WR,173.1,159.88425954656475,151.46021783485392,153.1450261771961,118.167,183.3,15,2024->2025,153.1450261771961,118.167,153.1450261771961,118.167
10219,Chris Rodriguez Jr.,RB,148.0,113.32456769240068,161.01171553294688,141.9368563967284,,92.0,12,2024->2025,141.9368563967284,,141.9368563967284,
1339,Zach Ertz,TE,149.8,170.84086760968444,141.52847493903437,153.2534320072944,134.844,126.4,13,2024->2025,158.486624249715,139.44855968583707,153.2534320072944,134.844
4881,Lamar Jackson,QB,22.9,372.6440667284463,352.1455179130955,365.4695746430735,385.64500000000004,221.85999999999999,13,2024->2025,387.9356530986638,409.35129849137934,365.4695746430735,385.64500000000004
4988,Nick Chubb,RB,136.1,140.52865143964442,164.70775048686914,155.03611086797923,185.28300000000002,88.30000000000001,15,2024->2025,142.25598733552243,170.00952845064847,142.25598733552243,170.00952845064847
8144,Chris Olave,WR,72.0,157.21953529051348,188.11637718976655,181.93700880991597,228.735,269.0,16,2024->2025,189.61166182302048,238.38373374820918,181.93700880991597,228.735
11620,Rome Odunze,WR,80.3,155.21177292840986,183.5572115364137,177.88812381481296,184.72199999999998,146.1,12,2024->2025,171.80655737407096,178.40679979452568,177.88812381481296,184.72199999999998
11643,Jaylen Wright,RB,171.8,49.55130870692142,154.4365244652222,86.26113422232667,,48.2,9,2024->2025,86.26113422232667,,86.26113422232667,
6768,Tua Tagovailoa,QB,138.5,266.0724366454144,256.9249654814922,260.5839539470611,293.34520000000003,175.70000000000002,14,2024->2025,236.81735925575572,266.59061144058217,260.5839539470611,293.34520000000003
9756,Jordan Addison,WR,98.8,219.3067490680239,174.89348758671255,183.77613988297486,,135.1,14,2024->2025,177.493276356431,,183.77613988297486,
11635,Ladd McConkey,WR,23.4,228.17411186018302,235.08263768983767,233.70093252390677,261.68100000000004,180.9,16,2024->2025,244.53289820312042,273.80983312141836,233.70093252390677,261.68100000000004
1373,Geno Smith,QB,149.6,272.6875544618347,252.846025977104,260.78263737099627,277.4774,190.9,15,2024->2025,236.99792173119417,252.17003628129243,260.78263737099627,277.4774
5995,Justice Hill,RB,167.3,150.53596124752968,155.60687613643293,152.31078145864583,89.06300000000002,65.2,10,2024->2025,152.31078145864583,89.06300000000002,152.31078145864583,89.06300000000002
11627,Troy Franklin,WR,157.7,91.41927024517003,155.3537694375912,142.56686959910698,80.07000000000002,177.1,17,2024->2025,142.56686959910698,80.07000000000002,142.56686959910698,80.07000000000002
12518,Tyler Warren,TE,106.2,,160.05416038032604,160.05416038032604,156.38300000000004,188.5,17,2024->2025,163.68398268047392,159.92956510905546,160.05416038032604,156.38300000000004
9225,Tank Bigsby,RB,134.3,144.64667559249628,165.29480494833768,157.0355532060011,,53.8,15,2024->2025,144.0906092331135,,144.0906092331135,
12469,Dylan Sampson,RB,146.4,,161.49099918180858,161.49099918180858,166.294,87.60000000000001,15,2024->2025,148.17877851677343,152.5858525831951,148.17877851677343,152.5858525831951
10444,Cedric Tillman,WR,121.1,140.37865649300085,166.3889297405583,161.18687509104683,154.224,60.0,12,2024->2025,161.18687509104683,154.224,161.18687509104683,154.224
6790,D'Andre Swift,RB,56.8,197.66284580430352,203.23915466804428,199.61455390661277,206.958,228.6,16,2024->2025,195.23123264296183,202.41342454531107,195.23123264296183,202.41342454531107
6794,Justin Jefferson,WR,4.4,282.1638693804572,304.91509143489327,300.36484702400605,319.19200000000006,201.5,17,2024->2025,314.2866644471071,333.9864501193888,300.36484702400605,319.19200000000006
5872,Deebo Samuel Sr.,WR,70.4,179.40958723856062,189.05546228524713,187.12628727590985,217.855,188.20000000000002,16,2024->2025,195.01983974149735,227.0447824588109,187.12628727590985,217.855
12489,RJ Harvey,RB,61.9,,199.44781171191718,199.44781171191718,191.59,206.60000000000002,17,2024->2025,195.06815192781897,187.38288932361226,195.06815192781897,187.38288932361226
4066,Evan Engram,TE,93.5,163.80484721693352,166.91357559329447,165.6700842427501,170.00000000000003,102.8,16,2024->2025,169.42726846603276,173.85538113822747,165.6700842427501,170.00000000000003
7090,Darnell Mooney,WR,105.9,187.21759312847493,171.99353142672592,175.03834376707573,,82.3,15,2024->2025,175.03834376707573,,175.03834376707573,
5012,Mark Andrews,TE,87.2,163.79413548805454,170.67050798496228,166.20086586197223,181.135,131.0,17,2024->2025,169.9700875290388,185.24290860278134,166.20086586197223,181.135
3321,Tyreek Hill,WR,26.4,214.57767353647296,230.0418922600695,226.94904851535023,267.461,53.5,4,2024->2025,235.81322965453322,277.90749786891115,226.94904851535023,267.461
4950,Christian Kirk,WR,121.0,159.2321482713402,166.42345062488693,164.98519015417762,,57.9,11,2024->2025,164.98519015417762,,164.98519015417762,
12522,Cam Ward,QB,159.8,,249.35631240184858,249.35631240184858,248.85619999999997,193.66,17,2024->2025,249.35631240184858,248.85619999999997,249.35631240184858,248.85619999999997
8137,George Pickens,WR,59.6,214.21714434211458,196.0146606484762,199.6551573872039,223.176,291.9,17,2024->2025,208.07721546789085,232.59023832378222,199.6551573872039,223.176
12529,TreVeyon Henderson,RB,50.3,,208.59791241349282,208.59791241349282,231.98200000000003,206.20000000000002,17,2024->2025,204.0173262430925,226.8879243753339,204.0173262430925,226.8879243753339
12519,Luther Burden III,WR,150.7,,157.25106480369215,157.25106480369215,44.166000000000004,127.9,15,2024->2025,157.25106480369215,44.166000000000004,157.25106480369215,44.166000000000004
4098,Kareem Hunt,RB,173.8,208.56688705917097,153.92617546293886,175.7824601014317,105.876,145.4,17,2024->2025,175.7824601014317,105.876,175.7824601014317,105.876
9488,Jaxon Smith-Njigba,WR,33.0,223.98971236315091,220.71727483844404,221.3717623433854,257.12500000000006,359.90000000000003,17,2024->2025,230.0181057114177,267.16779414398286,221.3717623433854,257.12500000000006
8228,Jaylen Warren,RB,76.3,147.87578957883662,190.22550076026735,162.69818849233738,233.172,217.1,16,2024->2025,158.32956837185657,226.91108277546235,158.32956837185657,226.91108277546235
7569,Nico Collins,WR,10.0,251.9241281162428,270.6083435429655,266.871500457621,298.75800000000004,226.20000000000002,15,2024->2025,279.24091166406316,312.605340562321,266.871500457621,298.75800000000004
11563,Bo Nix,QB,66.9,309.19857678829294,295.4247055898302,304.377721868831,302.9162,315.84000000000003,17,2024->2025,319.1524543727211,317.6199890901344,304.377721868831,302.9162
7021,Rico Dowdle,RB,171.1,178.0983348236549,154.61655133000363,164.00926472746414,115.27700000000002,216.3,17,2024->2025,164.00926472746414,115.27700000000002,164.00926472746414,115.27700000000002
11631,Brian Thomas Jr.,WR,14.7,253.30835907895926,254.50918014275956,254.26901592999954,291.584,138.8,14,2024->2025,266.0543058905325,305.09882788920726,254.26901592999954,291.584
4892,Baker Mayfield,QB,53.3,326.3996031545368,307.4487495744736,315.0290910064989,327.44379999999995,282.92,17,2024->2025,330.32084929283786,343.33817796351644,315.0290910064989,327.44379999999995
9480,Brenton Strange,TE,161.3,106.11456597308984,137.5449211501919,124.97277907935106,136.833,118.0,12,2024->2025,129.24026313778748,141.5054786827159,124.97277907935106,136.833
11577,Will Shipley,RB,151.2,77.13703901956059,160.06849964158516,114.45619629947164,63.121,19.5,14,2024->2025,114.45619629947164,63.121,114.45619629947164,63.121
4981,Calvin Ridley,WR,57.1,202.1448140307062,197.8053171292388,198.6732165095323,215.917,47.3,7,2024->2025,207.05385335566774,225.0250317603868,198.6732165095323,215.917
7049,Jauan Jennings,WR,83.5,220.35577618207128,181.92427984506364,189.6105791124652,190.74,173.3,15,2024->2025,183.12825016317308,184.219058871211,189.6105791124652,190.74
8210,Chig Okonkwo,TE,154.7,114.86790593194158,139.79498550568294,129.8241536761864,148.85199999999998,124.0,17,2024->2025,134.25729912029428,153.93489518522304,129.8241536761864,148.85199999999998
8112,Drake London,WR,15.4,257.14423042753776,252.56522368204787,253.48102503114586,298.724,201.9,12,2024->2025,265.2297918581178,312.56976467287484,253.48102503114586,298.724
10222,Jayden Reed,WR,103.6,166.62836525401983,172.91109874206919,171.65455204445934,121.55000000000001,48.5,5,2024->2025,171.65455204445934,121.55000000000001,171.65455204445934,121.55000000000001
9484,Tucker Kraft,TE,113.9,139.19272738786464,156.2843207388209,149.44768339843841,159.90200000000002,117.19999999999999,8,2024->2025,152.83696445565093,163.52837149861676,149.44768339843841,159.90200000000002
7547,Amon-Ra St. Brown,WR,10.7,273.7958024603785,267.78105586843077,268.9840051868203,281.0439999999999,324.0,17,2024->2025,281.4513303317168,294.0703021609359,268.9840051868203,281.0439999999999
1479,Keenan Allen,WR,116.5,211.34557074120886,168.00716754337955,176.67484818294542,149.19200000000004,182.7,17,2024->2025,176.67484818294542,149.19200000000004,176.67484818294542,149.19200000000004
8110,Jake Ferguson,TE,118.4,124.11330591495702,154.19746436079586,134.64276137100063,152.43900000000002,188.1,17,2024->2025,137.69628585681602,155.89612026664858,134.64276137100063,152.43900000000002
12501,Matthew Golden,WR,78.2,,184.664579919665,184.664579919665,187.442,70.0,14,2024->2025,178.35134276841885,181.03380954669984,184.664579919665,187.442
11564,Drake Maye,QB,110.4,250.92527869627847,268.92242607784414,261.72356712521787,286.8002,359.96000000000004,17,2024->2025,237.8530338601827,260.64254904897456,261.72356712521787,286.8002
7553,Kyle Pitts Sr.,TE,142.3,126.3663052563159,144.29478015997088,132.64127147259515,148.66500000000002,210.8,17,2024->2025,137.1706139075636,153.74150963850798,132.64127147259515,148.66500000000002
8121,Romeo Doubs,WR,132.5,171.06106754092275,162.62947320169744,164.3157920695425,121.295,165.4,16,2024->2025,164.3157920695425,121.295,164.3157920695425,121.295
12530,Travis Hunter,WR,70.8,,188.81870511874882,188.81870511874882,165.58000000000004,63.800000000000004,7,2024->2025,196.78364888499547,172.56466493553012,188.81870511874882,165.58000000000004
1426,DeAndre Hopkins,WR,166.5,154.84231584393507,153.0846725858762,153.43620123748798,93.10900000000001,67.0,17,2024->2025,153.43620123748798,93.10900000000001,153.43620123748798,93.10900000000001
11624,Xavier Worthy,WR,50.9,184.8950418702796,202.60842546636778,199.06574874715014,243.84799999999998,109.9,14,2024->2025,206.84086332482804,253.37222077363893,199.06574874715014,243.84799999999998
12509,Tre' Harris,WR,155.4,,155.9677141420685,155.9677141420685,25.721000000000004,69.4,16,2024->2025,155.9677141420685,25.721000000000004,155.9677141420685,25.721000000000004
12492,Pat Bryant,WR,167.2,,152.9093575569437,152.9093575569437,27.913999999999998,74.8,13,2024->2025,152.9093575569437,27.913999999999998,152.9093575569437,27.913999999999998
12512,Quinshon Judkins,RB,125.4,,168.31819599944996,168.31819599944996,,169.8,14,2024->2025,154.44318761856354,,154.44318761856354,
12533,Jacory Croskey-Merritt,RB,107.5,,175.10940389253088,175.10940389253088,164.13500000000002,140.3,17,2024->2025,170.40752938354495,159.72779995604324,170.40752938354495,159.72779995604324
4199,Aaron Jones Sr.,RB,63.2,240.40497072367214,198.53136369437732,225.74920826341892,223.72,118.7,12,2024->2025,219.6876009244495,217.71287907007033,219.6876009244495,217.71287907007033
1466,Travis Kelce,TE,65.0,200.8201019561151,186.49471439030924,192.2248694166316,201.552,193.20000000000002,17,2024->2025,194.92717103719136,204.38542263610316,192.2248694166316,201.552
5859,A.J. Brown,WR,17.9,262.8466798831861,246.2789919661588,249.59252954956423,256.56399999999996,220.3,15,2024->2025,261.1610658179954,268.45566175978985,249.59252954956423,256.56399999999996
11565,J.J. McCarthy,QB,107.1,,270.5280377600659,270.5280377600659,274.4581999999999,137.38,10,2024->2025,245.85449156242154,249.42620282480013,270.5280377600659,274.4581999999999
12484,Jayden Higgins,WR,129.8,,163.4897881926032,163.4897881926032,140.522,129.5,17,2024->2025,163.4897881926032,140.522,163.4897881926032,140.522
4018,Joe Mixon,RB,113.3,281.05612351663194,172.7923560344446,216.09786302731956,,0.0,0,2024->2025,210.2954046154454,,210.2954046154454,
8154,Brian Robinson,RB,149.0,186.7369650108146,160.71478739702115,171.12365844253853,76.228,62.50000000000001,17,2024->2025,171.12365844253853,76.228,171.12365844253853,76.228
8125,Calvin Austin III,WR,167.7,119.80527515669806,152.78458132776632,146.18872009355266,112.71,86.2,14,2024->2025,146.18872009355266,112.71,146.18872009355266,112.71
4137,James Conner,RB,42.3,236.3876832735825,216.23572788678192,229.3344988882023,249.424,33.300000000000004,3,2024->2025,224.29855954514375,243.94691678403186,224.29855954514375,243.94691678403186
8205,Isiah Pacheco,RB,66.8,138.5141364795097,196.0886286652309,173.05883179094243,209.81400000000002,87.3,13,2024->2025,168.41201733286738,204.18027002148997,168.41201733286738,204.18027002148997
5096,Ray-Ray McCloud III,WR,167.8,131.46588538124678,152.7596707290534,148.50091365949208,142.205,13.900000000000002,6,2024->2025,148.50091365949208,142.205,148.50091365949208,142.205
6819,Michael Pittman Jr.,WR,87.2,179.52201776245118,180.11246877717537,179.99437857423055,189.635,202.4,17,2024->2025,173.84080435699494,183.15183615939023,179.99437857423055,189.635
10859,Sam LaPorta,TE,63.0,170.03718249010265,188.1778933635975,176.38643129582584,180.965,106.9,9,2024->2025,178.86607579022456,183.50901011819485,176.38643129582584,180.965
5844,T.J. Hockenson,TE,73.1,137.80171851301003,180.16964888615715,156.86728718092624,177.44599999999997,112.8,15,2024->2025,159.07253109992746,179.94053993553007,156.86728718092624,177.44599999999997
8131,Isaiah Likely,TE,150.2,134.3281041169822,141.3848552710431,138.56215480941876,,61.7,12,2024->2025,143.29367947509292,,138.56215480941876,
6801,Tee Higgins,WR,21.7,276.08570211705296,238.23441025643658,245.80466862855985,245.20800000000003,211.6,15,2024->2025,257.19763871909504,256.5733146848138,245.80466862855985,245.20800000000003
5022,Dallas Goedert,TE,131.1,155.58418113666207,148.7098497720332,152.49073202257907,172.907,185.1,15,2024->2025,157.6978801132242,178.81130869448424,152.49073202257907,172.907
8132,Tyler Allgeier,RB,154.5,106.1965119196496,159.11648959523154,137.94849852499877,97.155,123.0,17,2024->2025,137.94849852499877,97.155,137.94849852499877,97.155
5927,Terry McLaurin,WR,38.3,240.16875047473343,214.49334284054737,219.62842436738458,256.938,114.2,10,2024->2025,228.20667640078833,266.9734902936963,219.62842436738458,256.938
12490,Bhayshul Tuten,RB,152.7,,159.63321810515842,159.63321810515842,95.64200000000001,88.6,15,2024->2025,159.63321810515842,95.64200000000001,159.63321810515842,95.64200000000001
11576,Braelon Allen,RB,148.0,89.2388155118131,161.01171553294688,114.35933051920993,97.478,15.3,4,2024->2025,114.35933051920993,97.478,114.35933051920993,97.478
96,Aaron Rodgers,QB,163.6,256.12367093410074,248.1128974607105,251.3172068500666,271.88439999999997,234.08,16,2024->2025,251.3172068500666,271.88439999999997,251.3172068500666,271.88439999999997
11589,Trey Benson,RB,142.2,66.51398986865065,162.77448119327994,100.2051618322709,105.978,35.4,4,2024->2025,91.94492917010894,97.24189378487407,91.94492917010894,97.24189378487407
3198,Derrick Henry,RB,11.1,265.08715977116645,275.2260792712309,268.635781596189,264.231,279.5,17,2024->2025,272.13244063254587,267.6703248298711,272.13244063254587,267.6703248298711
2449,Stefon Diggs,WR,77.3,218.35655903882991,185.14829947267108,191.78995138590287,197.88000000000005,210.3,17,2024->2025,185.23311494844464,191.1149594706681,191.78995138590287,197.88000000000005
8155,Breece Hall,RB,47.5,229.63834043255923,211.12339302038478,223.15810883829815,229.78900000000002,207.66,16,2024->2025,218.25779638871256,224.7430803005561,218.25779638871256,224.7430803005561
5846,DK Metcalf,WR,37.6,206.74477823677503,215.2641491399186,213.56027495928993,242.641,187.2,15,2024->2025,221.90151707401432,252.1180777399713,213.56027495928993,242.641
9228,Bryce Young,QB,153.3,243.51563861468748,251.55338902992924,246.32885126002208,264.30920000000003,229.04000000000002,16,2024->2025,246.32885126002208,264.30920000000003,246.32885126002208,264.30920000000003
12457,Jaydon Blue,RB,144.0,,162.2198366278373,162.2198366278373,,20.400000000000002,5,2024->2025,148.84753555609447,,148.84753555609447,
12507,Omarion Hampton,RB,38.6,,220.2718328012534,220.2718328012534,244.63,135.7,9,2024->2025,215.43489987424442,239.25818787637803,215.43489987424442,239.25818787637803
12514,Emeka Egbuka,WR,84.2,,181.57542546750258,181.57542546750258,218.00800000000004,195.7,17,2024->2025,175.36779906555017,210.5548316367567,181.57542546750258,218.00800000000004
8126,Wan'Dale Robinson,WR,127.2,181.99643848966664,164.33532344494765,167.86754645389146,143.667,217.9,16,2024->2025,167.86754645389146,143.667,167.86754645389146,143.667
8146,Garrett Wilson,WR,39.5,238.35266777916053,213.20416518311762,218.2338657023262,241.33199999999997,99.5,7,2024->2025,226.75764903142314,250.75795078796557,218.2338657023262,241.33199999999997
4663,Austin Ekeler,RB,84.3,182.01573741211234,185.8289690912668,184.303676419605,205.95499999999998,13.1,2,2024->2025,179.35492587390863,200.42488829284966,179.35492587390863,200.42488829284966
12497,Tory Horton,WR,153.6,,156.45456463656967,156.45456463656967,94.571,65.1,8,2024->2025,156.45456463656967,94.571,156.45456463656967,94.571
6786,CeeDee Lamb,WR,4.9,248.69533444128643,300.4174720301717,290.0730445123947,299.217,200.9,13,2024->2025,303.5178400837682,313.0856150698424,290.0730445123947,299.217
5045,Courtland Sutton,WR,47.3,245.94841828262648,205.6736504728212,213.72860403478228,235.246,219.70000000000002,17,2024->2025,222.0764207503958,244.43424366045846,213.72860403478228,235.246
11646,Jalen Coker,WR,152.0,139.20625495666275,156.89213437405297,153.35495849057494,,90.4,11,2024->2025,153.35495849057494,,153.35495849057494,
7564,Ja'Marr Chase,WR,1.5,322.1523162282934,349.88429822682485,344.3379018271186,345.933,313.6,16,2024->2025,360.2978566906374,361.96688716869625,344.3379018271186,345.933
7611,Rhamondre Stevenson,RB,119.7,195.8943866295783,170.36943382453342,180.57941494655137,119.187,178.8,14,2024->2025,165.69367498883966,109.36203357808022,165.69367498883966,109.36203357808022
12535,Isaac TeSlaa,WR,156.7,,155.61959430413208,155.61959430413208,62.271,75.9,14,2024->2025,155.61959430413208,62.271,155.61959430413208,62.271
5947,Jakobi Meyers,WR,70.9,224.20991459781743,188.75972482934785,195.84976278304177,232.27100000000002,175.8,16,2024->2025,204.11129781591166,242.0688929172636,195.84976278304177,232.27100000000002
4037,Chris Godwin Jr.,WR,99.8,254.3261895348348,174.4726630019692,190.44336830854235,,83.0,9,2024->2025,183.93256830273188,,190.44336830854235,
8138,James Cook III,RB,33.7,246.81083331086026,226.25774309449127,239.61725173513108,243.882,302.20000000000005,17,2024->2025,234.35551418086646,238.526613153198,234.35551418086646,238.526613153198
4943,Sam Darnold,QB,166.7,298.2327824958533,247.11973937061202,267.5649566207086,282.12179999999995,249.42,17,2024->2025,267.5649566207086,282.12179999999995,267.5649566207086,282.12179999999995
4039,Cooper Kupp,WR,92.0,221.26954382144945,177.8733155859492,186.55256123304926,199.42700000000002,117.3,16,2024->2025,180.17477854863318,192.60907126721713,186.55256123304926,199.42700000000002
7528,Najee Harris,RB,153.9,200.5544408037028,159.2880604792423,175.79461260902647,91.49400000000001,11.600000000000001,3,2024->2025,175.79461260902647,91.49400000000001,175.79461260902647,91.49400000000001
7670,Joshua Palmer,WR,140.6,132.81568911490174,160.14995447919958,154.68310140634003,138.992,52.300000000000004,12,2024->2025,154.68310140634003,138.992,154.68310140634003,138.992
12517,Colston Loveland,TE,141.2,,144.71272284245785,144.71272284245785,146.455,165.1,16,2024->2025,149.65427285304858,151.45604408642038,144.71272284245785,146.455
12547,Kyle Williams,WR,165.5,,153.3364054441628,153.3364054441628,34.935,49.2,14,2024->2025,153.3364054441628,34.935,153.3364054441628,34.935
12483,Jack Bech,WR,170.0,,152.21536130540971,152.21536130540971,36.974999999999994,42.4,14,2024->2025,152.21536130540971,36.974999999999994,152.21536130540971,36.974999999999994
11560,Caleb Williams,QB,102.3,271.58900246712534,272.9540509397857,272.0667694325565,259.4642,325.68,17,2024->2025,247.25288300503678,235.79973261857188,272.0667694325565,259.4642
9500,Josh Downs,WR,93.4,198.58287020615225,177.2422082359484,181.51034062998917,184.21200000000005,138.4,16,2024->2025,175.30493932184928,177.9142354659931,181.51034062998917,184.21200000000005
3294,Dak Prescott,QB,84.7,245.73804491287328,282.94279461396235,262.4801822783634,305.1772,323.78,17,2024->2025,275.22117546578977,319.9907397972039,262.4801822783634,305.1772
11626,Xavier Legette,WR,140.7,152.9567811433832,160.1202441842379,158.68755157606697,155.92399999999998,89.30000000000001,15,2024->2025,158.68755157606697,155.92399999999998,158.68755157606697,155.92399999999998
9754,Quentin Johnston,WR,162.8,178.2575508138852,154.02375768135676,158.87051630786246,100.827,171.2,13,2024->2025,158.87051630786246,100.827,158.87051630786246,100.827
6806,J.K. Dobbins,RB,94.0,216.49538236184415,181.02659977819988,195.2141128116576,188.34300000000002,115.9,10,2024->2025,189.9724053966363,183.28578930222716,189.9724053966363,183.28578930222716
4144,Jonnu Smith,TE,152.9,196.11908791308784,140.4253127164278,162.70282279509183,104.329,85.2,17,2024->2025,168.2586863011742,107.8915545627814,162.70282279509183,104.329
4866,Saquon Barkley,RB,2.5,315.362541693258,340.9544888462917,324.31972319681984,328.7800000000001,232.3,16,2024->2025,328.5411842547871,333.05951760983777,328.5411842547871,333.05951760983777
4993,Mike Gesicki,TE,166.7,132.4053059629289,135.7714093484086,133.5834421478468,124.661,70.7,12,2024->2025,138.1449571756517,128.9178376419873,133.5834421478468,124.661
4984,Josh Allen,QB,24.7,342.06756036623744,348.14215276165953,344.1936677046352,362.14079999999996,374.62,16,2024->2025,365.3518775231177,384.40225263313897,344.1936677046352,362.14079999999996
12541,Dont'e Thornton Jr.,WR,150.1,,157.41777058902815,157.41777058902815,121.72000000000001,23.5,11,2024->2025,157.41777058902815,121.72000000000001,157.41777058902815,121.72000000000001
4035,Alvin Kamara,RB,29.7,294.93676254439623,231.82901213468287,257.07211229856824,290.139,100.7,11,2024->2025,251.4270847488378,283.7678591025812,251.4270847488378,283.7678591025812
9753,Zach Charbonnet,RB,99.4,174.6710666366923,178.56364551223805,176.0334692431333,185.181,181.4,16,2024->2025,171.30678259259443,180.2086923792003,171.30678259259443,180.2086923792003
8111,Cade Otton,TE,168.4,161.38471047098932,135.22495593416966,145.6888577488975,135.677,122.2,15,2024->2025,145.6888577488975,135.677,145.6888577488975,135.677
12499,Elic Ayomanor,WR,177.0,,150.5291804097118,150.5291804097118,103.39399999999998,116.5,16,2024->2025,150.5291804097118,103.39399999999998,150.5291804097118,103.39399999999998
11604,Brock Bowers,TE,27.1,225.69277560642286,233.61200218560717,230.4443115539334,275.74,176.2,12,2024->2025,233.6839029681497,279.6163592406877,230.4443115539334,275.74
7525,DeVonta Smith,WR,48.3,231.46984399898517,204.79940251696317,210.1334908133676,229.823,201.79999999999998,17,2024->2025,218.34088951436962,238.799432002149,210.1334908133676,229.823
1689,Adam Thielen,WR,131.3,191.4533593164778,163.00965045418909,168.69839222664683,160.106,39.6,14,2024->2025,168.69839222664683,160.106,168.69839222664683,160.106
11638,Ricky Pearsall,WR,76.1,148.32773456315797,185.80209421356923,178.30722228348702,212.126,88.60000000000001,9,2024->2025,185.82875992834292,221.07411592048712,178.30722228348702,212.126
6770,Joe Burrow,QB,30.3,322.47395781184,337.33066643244547,327.6738058290519,349.36359999999996,139.46,8,2024->2025,347.8165097375423,370.83961494541046,327.6738058290519,349.36359999999996
12508,Jaxson Dart,QB,165.1,,247.63000871698327,247.63000871698327,15.786200000000001,246.58,14,2024->2025,247.63000871698327,15.786200000000001,247.63000871698327,15.786200000000001
8148,Jameson Williams,WR,63.4,203.36891122956715,193.4318451029036,195.4192583282363,207.07700000000003,219.9,17,2024->2025,203.66263338182085,215.81213383775074,195.4192583282363,207.07700000000003
12504,Kaleb Johnson,RB,79.2,,188.5806590060783,188.5806590060783,131.07,8.8,10,2024->2025,183.51706691017563,127.55063051901536,183.51706691017563,127.55063051901536
6813,Jonathan Taylor,RB,18.5,262.5346724376584,252.7019071016768,259.0932045700648,304.4699999999999,362.3,17,2024->2025,262.46565402424955,308.43308998925494,262.46565402424955,308.43308998925494
11632,Malik Nabers,WR,7.5,295.1809166151984,282.62986623037636,285.1400763073408,266.832,57.1,4,2024->2025,298.35623033365613,279.19958037249285,285.1400763073408,266.832
9501,DeMario Douglas,WR,142.7,143.85903347987707,159.5304315964256,156.39615197311588,147.764,95.8,16,2024->2025,156.39615197311588,147.764,156.39615197311588,147.764
11637,Keon Coleman,WR,101.2,153.02325807718412,173.89053876883995,169.71708263050877,149.6,102.4,12,2024->2025,169.71708263050877,149.6,169.71708263050877,149.6
12498,Mason Taylor,TE,151.9,,140.77870862732695,140.77870862732695,100.96300000000002,88.9,13,2024->2025,145.58592264033155,104.41061472190955,140.77870862732695,100.96300000000002
12474,Woody Marks,RB,157.3,,158.32453596283594,158.32453596283594,83.65700000000001,145.1,16,2024->2025,158.32453596283594,83.65700000000001,158.32453596283594,83.65700000000001
6797,Justin Herbert,QB,110.1,281.10824868167833,269.0663939020433,276.89359950880606,275.02940000000007,299.88,16,2024->2025,251.63948139269462,249.9453064517042,276.89359950880606,275.02940000000007
9758,C.J. Stroud,QB,129.4,243.2580069313725,260.5207056927853,249.299951497867,264.0406,216.54,14,2024->2025,226.5625157729659,239.95874143888554,249.299951497867,264.0406
4983,DJ Moore,WR,43.5,217.93456382549863,209.17332909894756,210.92557604425778,225.777,172.18,17,2024->2025,219.16391202836462,234.59540324140397,210.92557604425778,225.777
5850,Josh Jacobs,RB,16.6,274.66917543941713,257.48025063660515,264.35582055772994,274.023,237.10000000000002,15,2024->2025,267.7967700964485,277.5897809903296,267.7967700964485,277.5897809903296
9997,Zay Flowers,WR,56.8,201.19385565480533,198.0254450909718,198.65912720373854,210.069,243.3,17,2024->2025,207.03916972036473,218.93034544233524,198.65912720373854,210.069
8151,Kenneth Walker,RB,44.0,240.59630748811335,214.49832527664955,224.93751816123506,216.34199999999998,191.9,17,2024->2025,219.9981317935943,211.5913619815696,219.9981317935943,211.5913619815696
11575,Ray Davis,RB,155.9,116.85194581828921,158.71873479637213,131.50532196061823,92.412,64.10000000000001,17,2024->2025,131.50532196061823,92.412,131.50532196061823,92.412
10236,Dalton Kincaid,TE,137.5,141.12008350632325,146.14281885780932,142.8780408793434,123.55600000000001,126.10000000000001,12,2024->2025,147.75694143868904,127.77510486594352,142.8780408793434,123.55600000000001
7594,Chuba Hubbard,RB,40.2,254.7563775559475,218.48098112059034,242.05998880357245,251.15800000000002,125.4,15,2024->2025,236.74461136622287,245.6428400059492,236.74461136622287,245.6428400059492
12527,Ashton Jeanty,RB,11.7,,272.90482430376875,272.90482430376875,305.014,245.1,17,2024->2025,276.45705072087935,308.9841708870583,276.45705072087935,308.9841708870583
7543,Travis Etienne Jr.,RB,101.2,158.8348180761851,177.7723123012769,170.19731461124016,181.101,253.9,17,2024->2025,165.6273349455017,176.23824473658505,165.6273349455017,176.23824473658505
8136,Rachaad White,RB,138.4,203.37013723192183,163.9688230188213,179.72934870406152,105.36600000000001,143.0,17,2024->2025,164.91368243130597,96.68034290642437,164.91368243130597,96.68034290642437
10226,Andrei Iosivas,WR,166.3,124.89893135081343,153.1348979862776,147.48770465918477,86.12200000000001,89.9,15,2024->2025,147.48770465918477,86.12200000000001,147.48770465918477,86.12200000000001
6783,Jerry Jeudy,WR,58.8,218.71795343949833,196.57936556793655,201.00708314224892,245.63300000000007,120.7,17,2024->2025,209.48616953805063,255.99454246955594,201.00708314224892,245.63300000000007
5849,Kyler Murray,QB,86.0,292.94656849551563,282.13691394201925,286.46077576341776,300.60079999999994,80.78,5,2024->2025,300.3658057004815,315.1921977645489,286.46077576341776,300.60079999999994
7591,Justin Fields,QB,110.4,211.13838874755118,268.92242607784414,245.80881114572696,319.08320000000003,143.66,9,2024->2025,223.3897853478493,289.9811736766702,245.80881114572696,319.08320000000003
3163,Jared Goff,QB,97.8,295.157122879727,275.3341288160568,288.21907495744244,308.65540000000004,305.06,17,2024->2025,302.2094541115711,323.6377743435679,288.21907495744244,308.65540000000004
5967,Tony Pollard,RB,56.8,199.74563779773962,203.23915466804428,200.96836870234625,236.98000000000002,185.8,17,2024->2025,196.55531911946684,231.77617366203683,196.55531911946684,231.77617366203683
9494,Marvin Mims Jr.,WR,125.9,119.21221828085237,164.76459459674123,155.65411933356344,153.28900000000002,95.0,15,2024->2025,155.65411933356344,153.28900000000002,155.65411933356344,153.28900000000002
9511,Keaton Mitchell,RB,174.3,84.95765539404732,153.7995058510969,126.26276566827707,,55.400000000000006,13,2024->2025,126.26276566827707,,126.26276566827707,
10229,Rashee Rice,WR,82.5,236.48862318318947,182.4277501294071,193.23992474016356,,150.1,8,2024->2025,186.63351720654592,,193.23992474016356,
9221,Jahmyr Gibbs,RB,5.1,293.016473855793,309.5179213107557,298.7919804650299,322.28600000000006,366.90000000000003,17,2024->2025,302.6811633291894,326.48098939231147,302.6811633291894,326.48098939231147
8408,Jordan Mason,RB,104.9,167.04239657555001,176.18896365485,172.53033682313,168.674,128.9,16,2024->2025,167.89771301936617,164.14492295845272,167.89771301936617,164.14492295845272
8134,Khalil Shakir,WR,85.1,177.078648550614,181.13113569109584,180.32063826299947,179.571,166.4,16,2024->2025,174.15591001292773,173.43190007634595,180.32063826299947,179.571
9226,De'Von Achane,RB,14.1,272.23486969624247,264.67756632690725,269.58981351697514,342.482,322.8,16,2024->2025,273.0988905726925,346.939867723257,273.0988905726925,346.939867723257
7571,Rashod Bateman,WR,133.2,168.31364182954826,162.40929000750168,163.590160371911,144.16,55.400000000000006,13,2024->2025,163.590160371911,144.16,163.590160371911,144.16
4046,Patrick Mahomes,QB,52.3,292.16201066522865,308.45082768712285,301.9353008783652,321.5788,296.68,14,2024->2025,320.49581214574044,341.34683283148894,301.9353008783652,321.5788
11655,Tyrone Tracy Jr.,RB,74.8,169.51260859039044,191.10098276113607,177.0685395501514,209.678,160.8,15,2024->2025,172.314060156428,204.04792176673612,172.314060156428,204.04792176673612
2216,Mike Evans,WR,30.0,257.3417436974513,224.7000516555533,231.22839006393292,259.86199999999997,84.80000000000001,8,2024->2025,240.25971382341424,270.011695952722,231.22839006393292,259.86199999999997
4033,David Njoku,TE,76.6,205.38589824277727,177.65081040333052,188.74484553910924,223.04000000000002,86.3,11,2024->2025,193.02533564163355,228.09826005335444,188.74484553910924,223.04000000000002
8150,Kyren Williams,RB,23.1,257.79179055191725,242.91038547997405,252.5832987767371,284.44399999999996,263.3,17,2024->2025,255.8710129779231,288.14642443887294,255.8710129779231,288.14642443887294
421,Matthew Stafford,QB,149.7,247.0310538348791,252.81067138658204,249.0539199779751,259.4846,358.38,17,2024->2025,226.33892359105312,235.81827203381843,249.0539199779751,259.4846
7523,Trevor Lawrence,QB,121.1,248.39704402085442,264.0280780863685,257.7756644601629,294.17819999999995,350.18,17,2024->2025,234.2652001905508,267.34763756315033,257.7756644601629,294.17819999999995
5892,David Montgomery,RB,60.3,255.33689475713695,200.60253987004162,222.49628182487973,214.35299999999998,166.92000000000002,17,2024->2025,217.61050238585875,209.6460382858409,217.61050238585875,209.6460382858409
10232,Michael Wilson,WR,152.3,138.22623752767686,156.80974027288636,153.09303972384447,119.629,220.6,17,2024->2025,153.09303972384447,119.629,153.09303972384447,119.629
9493,Puka Nacua,WR,9.7,262.85281234003327,271.8811585317387,270.07548929339765,280.43199999999996,375.0,16,2024->2025,282.5934043878257,293.4299361509073,270.07548929339765,280.43199999999996
9508,Tyjae Spears,RB,139.0,149.24129482972774,163.7780786915552,154.32916918136735,,111.7,13,2024->2025,141.60732111799038,,141.60732111799038,
9224,Chase Brown,RB,20.1,261.3590905645155,249.044378310167,257.0489412754935,309.672,282.6,17,2024->2025,260.39478187035513,313.7028010744986,260.39478187035513,313.7028010744986
6149,Darius Slayton,WR,165.9,124.14782369352987,153.23553025189705,147.4179889402236,107.899,98.80000000000001,14,2024->2025,147.4179889402236,107.899,147.4179889402236,107.899
11559,Michael Penix Jr.,QB,153.2,180.65268241224726,251.58791310472517,212.57353622386233,263.88079999999997,123.28,9,2024->2025,193.18573816106823,239.81351601945406,212.57353622386233,263.88079999999997
8676,Rashid Shaheed,WR,106.0,213.92831471678295,171.95409062332288,180.34893544201492,178.34699999999998,156.6,18,2024->2025,180.34893544201492,178.34699999999998,180.34893544201492,178.34699999999998
8130,Trey McBride,TE,32.6,243.06572712269718,223.66031976701117,236.27383454820705,252.552,315.90000000000003,17,2024->2025,239.5953775303049,256.1023818051576,236.27383454820705,252.552
