sleeper_id,name,pos,adp,usage,curve,blend,lines,actual,games_actual,pair,blend_rank,curve_rank,blend_rank_lin,curve_rank_lin,blend_tail,curve_tail
5012,Mark Andrews,TE,49.7,160.71356075109844,155.27037572272047,158.26412748832837,165.427,161.3,17,2023->2024,157.63803920198916,153.87906841974447,157.63803920198916,153.87906841974444,157.63803920198916,153.87906841974447
7543,Travis Etienne Jr.,RB,16.9,207.27607274089817,210.5998562185145,209.27034282746797,207.655,110.7,15,2023->2024,208.63465303830014,209.54037323656812,214.98121424740359,220.1179752517405,214.9812142474035,220.11797525174038
7588,Javonte Williams,RB,117.7,172.71381158618578,145.8360341531072,163.30658948460828,161.84,131.9,17,2023->2024,162.5433374401852,143.65531402618407,157.80290391967037,130.11121825328453,157.80290391967037,130.1112182532845
4881,Lamar Jackson,QB,40.6,331.37910960227634,313.36291442779117,325.0734412912065,349.605,434.38000000000005,17,2023->2024,323.0649745635934,307.62443806318225,323.0649745635934,307.62443806318225,323.0649745635934,307.6244380631823
6801,Tee Higgins,WR,48.5,151.40133214975071,173.26274921483943,168.89046580182168,,185.6,12,2023->2024,166.6108052791169,170.41317356145845,172.05950132049392,177.22404361317973,172.05950132049392,177.22404361317973
11625,Adonai Mitchell,WR,158.2,,133.24273177605357,133.24273177605357,128.078,42.26,17,2023->2024,139.63687245668442,139.63687245668442,131.93792736916959,131.93792736916959,131.93792736916976,131.93792736916976
11584,Bucky Irving,RB,145.8,,138.69179157543613,138.69179157543613,71.213,220.9,17,2023->2024,138.15272255876363,138.15272255876363,115.92251226481267,115.92251226481267,115.92251226481267,115.92251226481267
4981,Calvin Ridley,WR,74.2,188.65478498677967,158.86997295013077,164.82693535746057,167.80700000000002,167.20000000000002,17,2023->2024,163.60581364459262,157.34357080904584,165.27652382828188,159.43195853865743,165.2765238282819,159.43195853865745
4950,Christian Kirk,WR,54.2,150.1968910961709,169.50150183521865,165.6405796874091,178.381,57.400000000000006,8,2023->2024,163.12035969633527,166.35122684637636,166.71940394725834,170.8500321600302,166.71940394725837,170.85003216003025
5022,Dallas Goedert,TE,133.8,117.82995503037188,115.53422486508923,117.02644947252294,130.305,82.6,10,2023->2024,117.36174595785444,116.49221482317918,117.36174595785442,116.49221482317913,117.36174595785444,116.49221482317918
8676,Rashid Shaheed,WR,128.8,127.497112230695,140.20214248663953,137.66113643545063,137.98899999999998,71.80000000000001,6,2023->2024,139.22193914283474,142.15314587086965,134.5816740534737,136.35281450916838,134.58167405347382,136.3528145091685
4137,James Conner,RB,45.0,207.61487171261498,177.91975214153132,197.2215798627357,204.391,230.3,16,2023->2024,198.0688067989396,180.34040053068534,202.51303118251815,193.0381844837669,202.51303118251812,193.03818448376683
11632,Malik Nabers,WR,52.5,,170.58020563425444,170.58020563425444,175.88199999999998,219.10000000000002,15,2023->2024,167.6547223592289,167.6547223592289,172.39289140779525,172.39289140779525,172.3928914077953,172.3928914077953
6943,Gabe Davis,WR,164.2,137.6845519194938,131.98268311221486,133.12305687367066,136.187,43.9,10,2023->2024,137.8242785038788,137.859210149975,130.49538095591708,128.69808821502286,130.49538095591714,128.69808821502298
11589,Trey Benson,RB,102.2,,150.5480122894736,150.5480122894736,70.941,44.0,12,2023->2024,149.98620066944454,149.98620066944454,144.5291510809329,144.5291510809329,144.52915108093285,144.52915108093285
6819,Michael Pittman Jr.,WR,46.2,192.7199969123705,174.90728839807673,178.4698301009355,175.593,131.3,16,2023->2024,177.26540089177487,173.40175188662596,181.67312721383436,178.91140978920032,181.67312721383436,178.9114097892003
10222,Jayden Reed,WR,63.1,167.92270733088807,164.3550439532433,165.0685766287723,169.76199999999997,169.5,17,2023->2024,162.83667837378823,161.5651711345133,165.55032497915553,164.9572293912224,165.55032497915556,164.95722939122243
10859,Sam LaPorta,TE,33.4,172.64557252054735,171.21750031531542,172.14574724871616,199.444,144.6,16,2023->2024,169.37389583688406,163.29792485293797,169.37389583688406,163.29792485293797,169.37389583688406,163.29792485293797
4037,Chris Godwin Jr.,WR,71.5,168.34076381711765,160.12465847422877,161.76787954280655,171.904,112.80000000000001,7,2023->2024,160.35077384096925,158.35327634693215,162.29497141869726,160.78352331909215,162.2949714186973,160.78352331909218
4983,DJ Moore,WR,37.9,215.76601128983907,181.6104403513501,188.44155453904787,186.15,189.10000000000002,17,2023->2024,187.35287214576576,180.2495873597474,192.07055602006133,186.14669220261692,192.07055602006133,186.14669220261692
8143,Jerome Ford,RB,95.9,167.10204088339123,152.6711518892763,162.051229735451,192.797,115.5,14,2023->2024,161.51547631288517,151.14042782480254,160.0521724495156,146.95955964374667,160.0521724495156,146.95955964374662
2133,Davante Adams,WR,21.0,220.35460253053455,201.59609597425214,205.34779728550865,195.483,198.79999999999998,14,2023->2024,203.94204308369177,199.83890322198104,207.63473330732626,204.45476600152418,207.6347333073262,204.45476600152412
8146,Garrett Wilson,WR,13.3,185.1518840428996,217.05709326569402,210.67605142113516,213.01000000000002,201.4,17,2023->2024,209.8616037670148,216.03903369804357,211.25403797382756,217.77957645655954,211.2540379738275,217.77957645655948
7547,Amon-Ra St. Brown,WR,6.9,243.01145653554445,239.27051149937878,240.0187005066119,254.08200000000002,258.68,17,2023->2024,237.4797964367202,236.09688141201408,234.93999576381657,232.92213057088458,234.93999576381654,232.92213057088452
3294,Dak Prescott,QB,56.7,302.3528844817447,298.2211455249129,300.9067758468536,310.73959999999994,124.52,8,2023->2024,300.0785319284893,295.85473432958645,300.0785319284893,295.85473432958645,300.0785319284893,295.85473432958645
4866,Saquon Barkley,RB,9.5,221.29378734622918,229.82125295968532,226.41026671430285,231.43800000000002,338.8,16,2023->2024,229.0986307960791,234.30185976264576,229.7662316101721,235.414527786134,229.76623161017204,235.41452778613387
5850,Josh Jacobs,RB,19.9,212.95536472127128,205.14712241702844,208.27041933872556,236.98000000000002,275.1,17,2023->2024,208.24327812256627,205.1018870567629,215.24934385195056,216.77866327240338,215.24934385195047,216.77866327240324
11628,Marvin Harrison Jr.,WR,16.1,,210.58998837618574,210.58998837618574,185.50400000000002,165.5,17,2023->2024,207.03137766071302,207.03137766071302,210.5262147182699,210.5262147182699,210.52621471826984,210.52621471826984
6786,CeeDee Lamb,WR,2.6,280.3070573820442,272.30786202691496,273.9077010979408,250.92,212.9,15,2023->2024,284.68916208735385,285.7846882636813,269.9474428509405,267.3575392181645,269.9474428509404,267.3575392181644
9481,Luke Musgrave,TE,151.1,84.5274728988234,110.65535497122175,100.2042021422624,87.85600000000002,8.0,7,2023->2024,101.96181232314862,113.58470527269877,101.96181232314858,113.5847052726987,101.96181232314862,113.58470527269877
8137,George Pickens,WR,54.7,163.58078901851636,169.1906695432674,168.0686934383172,170.323,134.9,14,2023->2024,164.79093986466077,165.09347757619688,168.18572540985613,169.33695950769106,168.18572540985613,169.33695950769106
9229,Anthony Richardson Sr.,QB,64.4,243.57063407827917,292.4483651741268,265.5656130714106,331.94880000000006,174.86,11,2023->2024,263.340647228686,287.5039966347388,263.340647228686,287.5039966347388,263.340647228686,287.5039966347388
7600,Pat Freiermuth,TE,118.3,94.25891505486346,120.47434980668123,106.05586069318146,102.74799999999999,137.8,17,2023->2024,105.75978905091344,119.81641282386342,105.75978905091343,119.81641282386335,105.75978905091344,119.81641282386342
5846,DK Metcalf,WR,35.5,188.4633394646677,183.8248143858155,184.75251940158597,193.817,158.2,15,2023->2024,183.4426472808371,182.18747423487946,188.17476432555438,188.10262054077603,188.17476432555435,188.102620540776
4199,Aaron Jones Sr.,RB,42.7,170.25264479272334,179.67042033442692,175.9033101177455,185.50400000000002,216.10000000000002,17,2023->2024,177.75003393162478,182.74829335755908,185.59038143282427,195.81553919289155,185.59038143282422,195.81553919289146
5927,Terry McLaurin,WR,70.6,153.38861004933267,160.55343913886196,159.1204733209561,160.49699999999999,226.8,17,2023->2024,158.1915242123792,159.39225275314084,160.40103972224927,162.15414714047841,160.4010397222493,162.15414714047847
10229,Rashee Rice,WR,64.1,160.12022250729544,163.82280973755246,163.08229229150106,213.84300000000002,52.900000000000006,4,2023->2024,160.39384283785665,160.46224792049696,162.86001898332105,163.54496810232746,162.86001898332108,163.5449681023275
9509,Bijan Robinson,RB,2.0,203.75189311085833,281.81531754362925,231.07409166232816,248.55700000000002,311.2,17,2023->2024,227.95447394043163,272.9021240524964,220.78920118041347,252.42991616673012,220.78920118041344,252.42991616673
2216,Mike Evans,WR,29.1,211.50194611358535,190.55388943752905,194.7435007727403,191.726,203.4,14,2023->2024,193.27820971158567,188.72227561108576,197.85235680671644,194.43995947999923,197.85235680671641,194.4399594799992
11583,Jonathon Brooks,RB,82.7,,157.61267831067047,157.61267831067047,,6.0,3,2023->2024,158.82102529585742,158.82102529585742,161.75101866819287,161.75101866819287,161.7510186681928,161.7510186681928
8205,Isiah Pacheco,RB,21.0,207.52180512924593,203.35176829021006,205.01978302582438,222.66600000000003,50.9,7,2023->2024,203.66079480147962,201.08678791630211,211.1426350644276,213.55652168788205,211.14263506442754,213.5565216878819
8150,Kyren Williams,RB,14.8,293.55664240095587,215.02749875639506,266.07144212535957,225.86200000000002,255.1,16,2023->2024,265.8875800848771,214.5021786407308,269.07255724835045,223.60211339351184,269.07255724835045,223.6021133935118
6813,Jonathan Taylor,RB,11.3,201.94675242852878,224.03132932500935,211.88481203194505,228.37800000000001,235.7,14,2023->2024,213.05028186690672,226.62126229159088,215.10080329646198,231.17797657949146,215.10080329646192,231.17797657949137
6845,Zack Moss,RB,75.3,181.5311164616769,160.74069085613564,169.05686109835216,163.863,70.4,8,2023->2024,170.56815347006832,163.25951147566263,174.19982284946164,169.31229377465147,174.1998228494616,169.3122937746514
6794,Justin Jefferson,WR,8.3,232.75223151800125,233.0173731803115,232.96434484784945,241.808,265.98,17,2023->2024,229.02959103365617,228.09893091256987,228.16671319402403,227.0203336130297,228.16671319402394,227.0203336130296
4039,Cooper Kupp,WR,22.6,183.25030421429392,199.11062031307014,195.9385570933149,206.04,141.5,12,2023->2024,194.02624173128277,196.72022611052998,198.03405582863095,201.7299937322152,198.0340558286309,201.72999373221512
7553,Kyle Pitts Sr.,TE,83.3,117.76661900360615,134.54874853477145,123.64036433951401,158.916,107.7,17,2023->2024,123.51709274246389,134.1965439717711,123.51709274246386,134.19654397177104,123.51709274246389,134.1965439717711
6904,Jalen Hurts,QB,33.9,337.142447101514,321.5390042563455,331.68124210570505,374.0816,320.12,15,2023->2024,333.85329843805306,327.7448794916257,333.85329843805306,327.74487949162557,333.8532984380531,327.74487949162574
9502,Tank Dell,WR,48.5,185.6607824531946,173.26274921483943,175.7423558625105,182.733,114.5,14,2023->2024,174.63321463839605,171.8763226846964,177.59394021304414,175.57722965300647,177.59394021304414,175.5772296530065
1479,Keenan Allen,WR,61.9,251.87264014552068,165.00497237523885,182.37850592929524,181.05000000000004,150.4,15,2023->2024,180.53701888975104,162.70311357580863,183.48836213349477,166.39229263048827,183.48836213349477,166.39229263048827
5872,Deebo Samuel Sr.,WR,18.2,182.13808594531685,206.43997348989842,201.5795959809821,193.749,130.10000000000002,15,2023->2024,199.03163917845237,203.25502748673625,202.32618840846968,207.3732140242579,202.32618840846965,207.37321402425783
4066,Evan Engram,TE,89.3,151.43854313331656,131.75802749394475,139.63023374969347,144.65300000000002,66.0,9,2023->2024,139.23220245609429,131.09464200461278,139.23220245609429,131.09464200461275,139.23220245609429,131.09464200461278
5967,Tony Pollard,RB,75.9,202.24922690913746,160.4758544170304,177.18520341387324,155.26100000000002,180.20000000000002,16,2023->2024,177.93616931173847,161.7274642468058,180.96608592144247,166.7773252629792,180.96608592144247,166.77732526297916
4046,Patrick Mahomes,QB,36.2,292.07943680725464,318.56310732502305,307.9696391179157,364.4664,293.52,16,2023->2024,306.4168801777198,315.9751757580299,306.4168801777197,315.9751757580298,306.41688017771986,315.97517575802993
5045,Courtland Sutton,WR,100.9,163.5796063567239,148.46582620079363,151.48858223197968,141.74599999999998,199.8,16,2023->2024,152.1924175190261,149.34562030960163,151.09769119403146,147.97721240335832,151.09769119403148,147.97721240335835
9758,C.J. Stroud,QB,44.2,286.25088196651166,309.5115030657545,294.3920993512466,351.53279999999995,232.38,17,2023->2024,291.4645592182733,301.1471026858307,291.4645592182733,301.14710268583065,291.4645592182733,301.1471026858307
8144,Chris Olave,WR,25.3,185.55947914145023,195.29056370051381,193.3443467887011,197.47199999999998,60.7,8,2023->2024,190.06800004605805,191.19513027220995,194.5072714870314,196.7442195734267,194.5072714870314,196.74421957342668
8154,Brian Robinson,RB,90.2,170.34245297731692,154.71590249325385,164.87316030789484,150.433,149.8,14,2023->2024,164.46450666334272,153.54832065167628,163.86935800600722,151.84789591643207,163.8693580060072,151.84789591643198
11643,Jaylen Wright,RB,159.6,,135.67405100121235,135.67405100121235,,25.200000000000003,13,2023->2024,135.64941257712903,135.64941257712903,108.89678817458,108.89678817458,108.88770297097727,108.88770297097727
11624,Xavier Worthy,WR,78.8,,156.83397065507964,156.83397065507964,162.57100000000003,157.7,16,2023->2024,156.36153194661185,156.36153194661185,158.09840826652595,158.09840826652595,158.09840826652595,158.09840826652595
6768,Tua Tagovailoa,QB,89.6,265.58660571407836,277.4772534367203,269.74833241700304,311.9194,188.58,11,2023->2024,269.138296229551,275.73429290114296,269.138296229551,275.734292901143,269.138296229551,275.7342929011429
6783,Jerry Jeudy,WR,127.7,133.4120009165534,140.49247049344055,139.0763765780631,138.941,195.9,17,2023->2024,140.93105533002694,142.81081893339532,136.6625294481522,137.4751615810519,136.66252944815233,137.47516158105202
8134,Khalil Shakir,WR,104.7,86.23016418046069,147.21444133009192,135.0175859001657,136.66299999999998,144.5,15,2023->2024,136.092311604726,148.55784846079234,134.6621564770354,146.77015455117908,134.66215647703547,146.77015455117913
4068,Mike Williams,WR,117.7,165.5756151982636,143.25271120934303,147.71729200712716,102.102,46.3,14,2023->2024,149.00272374164499,144.85950087749032,145.82829810369552,140.89146883005347,145.82829810369557,140.89146883005358
7569,Nico Collins,WR,31.3,206.73934240947358,188.08694785167845,191.81742676323748,208.30100000000004,176.60000000000002,12,2023->2024,188.73679342507427,184.23615617897445,193.45242087822797,190.13069049541653,193.45242087822788,190.13069049541647
9493,Puka Nacua,WR,14.9,211.10230385790692,213.21189710180275,212.78997845302362,224.468,167.1,11,2023->2024,211.22284316052583,211.2529779861805,213.39576447501608,213.96912962929332,213.39576447501602,213.96912962929326
7564,Ja'Marr Chase,WR,6.3,203.14747807917266,242.34985149345715,234.5093768106003,201.72199999999998,339.5,17,2023->2024,237.75592198559227,246.40803296219715,232.89358702589715,240.33011426257823,232.8935870258971,240.33011426257815
8230,Ty Chandler,RB,138.2,108.17672422502407,140.4781761319624,119.48223239245249,91.936,25.400000000000002,14,2023->2024,118.97234120714549,139.02134417394245,111.71072903402153,118.27388082215964,111.7107290340215,118.27388082215961
8112,Drake London,WR,25.1,157.852556895193,195.55921113235655,188.01788028492388,204.62900000000002,230.8,17,2023->2024,186.65156839749065,193.85132127306508,190.90479524646668,199.1678548342851,190.90479524646662,199.16785483428504
9999,Will Levis,QB,160.8,223.08987948147583,250.9657714852165,235.63403088315914,246.80940000000004,131.94,12,2023->2024,238.28159960569175,256.849257535289,238.28159960569178,256.8492575352891,238.2815996056917,256.8492575352889
2749,Raheem Mostert,RB,68.0,244.99047605924014,164.1434309038454,216.694010254852,169.88099999999997,61.400000000000006,13,2023->2024,216.94109428756025,164.84938528301183,219.39595237158625,171.8632655230862,219.39595237158625,171.86326552308614
11620,Rome Odunze,WR,133.8,,138.91297682932617,138.91297682932617,152.32000000000002,117.9,17,2023->2024,141.50732342054275,141.50732342054275,135.23818368610634,135.23818368610634,135.23818368610645,135.23818368610645
7594,Chuba Hubbard,RB,121.3,151.1558106978086,144.83069302599012,148.94201951267212,160.59900000000002,220.10000000000002,15,2023->2024,147.86032463786773,141.74013624083472,142.1270104557751,125.35923857771296,142.1270104557751,125.35923857771294
9488,Jaxon Smith-Njigba,WR,94.7,115.35565093796944,150.61241720560972,143.56106395208167,147.016,203.0,17,2023->2024,144.52591016417455,151.81847497072584,144.40689802051136,151.66970979114683,144.40689802051145,151.66970979114691
4033,David Njoku,TE,102.9,150.90006024799075,126.0702464792829,142.20962542894299,142.664,116.5,11,2023->2024,142.15391410092442,125.91107125637268,142.1539141009244,125.91107125637262,142.15391410092442,125.91107125637268
8151,Kenneth Walker,RB,27.1,176.44246984476797,194.84224142295886,182.8823898971348,196.18,158.20000000000002,11,2023->2024,182.60488069521233,194.04935798889463,187.27304928995514,207.38698254530274,187.27304928995508,207.38698254530266
4082,Curtis Samuel,WR,112.8,128.4974122119035,144.69207819752532,141.45314500040098,131.206,48.2,14,2023->2024,142.73418574830538,146.29337913240585,140.27015635954527,143.21334239645574,140.27015635954538,143.21334239645583
10236,Dalton Kincaid,TE,67.0,112.6312693826767,143.2859214893711,123.36039762001974,164.22,78.80000000000001,13,2023->2024,122.91477453692721,142.0127126805353,122.9147745369272,142.01271268053526,122.91477453692721,142.0127126805353
4988,Nick Chubb,RB,57.8,137.5355126459058,169.56656019399725,151.94948404254694,,60.8,8,2023->2024,152.9935987999369,171.88681521041934,157.65917746200233,182.25476779278696,157.6591774620023,182.2547677927869
6804,Jordan Love,QB,78.7,295.5609358260646,283.3575992152733,288.23893385958985,312.3852,244.86,15,2023->2024,286.8403710848582,281.0266612573873,286.84037108485825,281.02666125738733,286.8403710848582,281.0266612573873
7526,Jaylen Waddle,WR,30.9,177.93790423946524,188.5223158950499,186.40543356393297,199.614,120.6,15,2023->2024,184.71484049617058,186.4090745603469,189.37930412707703,192.23965409897997,189.379304127077,192.23965409897994
7670,Joshua Palmer,WR,122.5,141.15275072557313,141.89968251106137,141.75029615396372,148.767,87.9,15,2023->2024,143.56136168223296,144.16351442139788,140.02589005591966,139.74417488850628,140.02589005591975,139.74417488850636
5001,Dalton Schultz,TE,143.7,124.73876993554417,112.67012935141656,120.51474573109951,124.729,91.7,17,2023->2024,121.32775066126128,114.99300058045019,121.32775066126126,114.99300058045011,121.32775066126128,114.99300058045019
7528,Najee Harris,RB,55.9,174.00648716522034,170.68190607336976,172.84288378307264,161.02400000000003,186.6,17,2023->2024,173.9505084215763,173.84654789766586,177.8220503507601,184.9080962667625,177.82205035076007,184.9080962667624
8131,Isaiah Likely,TE,166.4,93.56330802703185,106.78531769873243,98.19101141212704,76.058,102.7,15,2023->2024,100.10607541594972,112.25692913822577,100.1060754159497,112.25692913822571,100.10607541594972,112.25692913822577
2449,Stefon Diggs,WR,44.2,198.68350371201774,176.40529384385644,180.8609358174887,194.42900000000003,98.42,8,2023->2024,179.73270057932152,174.99499979614745,184.25104836613895,180.64293452966925,184.25104836613892,180.64293452966922
9756,Jordan Addison,WR,127.3,165.60421282328406,140.59866477264933,145.59977438277627,171.836,181.0,15,2023->2024,147.90547109238184,143.48078565965628,144.00525327217466,138.6055133843973,144.00525327217474,138.6055133843974
10232,Michael Wilson,WR,165.8,122.11896777264712,131.65444394634818,129.74734871160797,115.36200000000001,101.0,16,2023->2024,134.2523720305897,137.28572309507533,126.52823906812925,127.63055689199977,126.52823906812938,127.63055689199993
1373,Geno Smith,QB,159.4,259.61979897236455,251.36219702751683,256.7296382916678,284.5766,281.0,17,2023->2024,259.101725213632,258.1395882331287,259.101725213632,258.1395882331288,259.10172521363194,258.1395882331286
2197,Brandin Cooks,WR,117.7,144.48804963211902,143.25271120934303,143.49977889389822,126.565,56.6,10,2023->2024,145.3530260349237,145.56927013562486,142.53579962292318,142.04773712062422,142.53579962292324,142.0477371206243
5892,David Montgomery,RB,51.1,214.70792486274792,173.67779039530518,200.34737779914295,190.519,203.72,14,2023->2024,201.12582118359418,175.90191435088013,205.21591299009032,187.58789094086904,205.21591299009026,187.587890940869
5947,Jakobi Meyers,WR,160.4,174.73215761167324,132.77524991256763,141.16663145238877,133.1168,174.5,15,2023->2024,145.70004960656144,138.44202260528348,138.7637847657762,129.7716915543019,138.76378476577628,129.771691554302
11560,Caleb Williams,QB,112.9,,266.9984739076649,266.9984739076649,319.4674,260.54,17,2023->2024,269.2569575237914,269.2569575237914,269.2569575237915,269.2569575237915,269.2569575237914,269.2569575237914
4017,Deshaun Watson,QB,159.0,241.8936998216842,251.4761011163136,246.20578040426741,277.94320000000005,79.72,7,2023->2024,249.8120148678892,259.48995547991746,249.81201486788922,259.48995547991757,249.81201486788916,259.4899554799174
9224,Chase Brown,RB,93.3,74.98576703611648,153.58833396161214,110.35692215258952,140.43699999999998,228.0,16,2023->2024,109.78939956814114,152.32717266283794,108.4717071656942,149.39896732406697,108.4717071656942,149.39896732406694
4381,Taysom Hill,TE,129.9,117.75851851896864,116.72113293555715,117.13608716892175,99.9804,91.84,8,2023->2024,117.96034893615257,118.09490254760851,117.96034893615251,118.09490254760846,117.96034893615257,118.09490254760851
8138,James Cook III,RB,32.0,190.0330417784207,189.2962051203029,189.77514894807948,193.01800000000003,250.70000000000002,16,2023->2024,188.37724923317023,185.30220593484793,193.0431336221581,198.63330418909902,193.0431336221581,198.63330418909894
5859,A.J. Brown,WR,11.2,211.64559885499096,222.87412113504254,220.62841667903226,240.65200000000002,183.4,13,2023->2024,219.58042340008907,221.56412953636357,219.98610534553222,222.0712319681675,219.98610534553214,222.0712319681674
11581,MarShawn Lloyd,RB,159.5,,135.6949655842663,135.6949655842663,,2.3,1,2023->2024,136.46743159665357,136.46743159665357,111.23415269883068,111.23415269883068,111.23185165755505,111.23185165755505
4984,Josh Allen,QB,27.3,347.22162994322764,331.35505621183705,341.6683291372409,386.053,385.04,16,2023->2024,347.4469217851222,347.8653209200691,347.4469217851221,347.865320920069,347.4469217851222,347.8653209200692
6945,Antonio Gibson,RB,147.9,108.36933926512775,138.21459342638917,126.2764917618846,88.179,91.9,17,2023->2024,125.7287257426688,137.3016500610295,111.49333591253082,113.57600034413288,111.49333591253082,113.57600034413284
421,Matthew Stafford,QB,119.1,266.2375340401111,264.57488320319595,265.65560624719075,304.5958,222.58,16,2023->2024,265.4420033347137,263.9645891675472,265.4420033347137,263.9645891675473,265.4420033347137,263.96458916754716
2309,Amari Cooper,WR,49.5,192.56323986809235,172.5719211812721,176.57018491863616,186.558,100.7,13,2023->2024,173.71858225140366,169.00741784723147,177.68687682807376,173.9677860680691,177.68687682807376,173.9677860680691
6790,D'Andre Swift,RB,57.9,189.27628842359934,169.50887786991888,177.41584209139106,167.858,193.5,17,2023->2024,177.71904203432643,170.01421110814456,183.4858464192251,179.6255517496423,183.48584641922506,179.62555174964226
7525,DeVonta Smith,WR,40.2,174.37779159532872,179.6161731177205,178.56849681324215,191.04600000000002,165.4,13,2023->2024,177.60445756778788,178.4111240609027,182.27995927873252,184.25550119958348,182.27995927873252,184.2555011995835
6803,Brandon Aiyuk,WR,40.5,192.58751822099643,179.36450356631357,182.00910649725017,173.34900000000002,49.900000000000006,7,2023->2024,179.84740636144687,176.66237839655946,184.45568583204494,182.42272773480704,184.4556858320449,182.42272773480698
7523,Trevor Lawrence,QB,133.7,277.9265950591914,259.3327084852315,266.7702631148154,298.49960000000004,152.2,10,2023->2024,267.7143699210429,260.90621982894385,267.7143699210429,260.9062198289439,267.7143699210428,260.90621982894373
4217,George Kittle,TE,72.4,153.43466558742392,140.17578607679158,145.47933788104453,161.56799999999998,197.60000000000002,15,2023->2024,144.04032243231867,137.77742699558186,144.04032243231865,137.77742699558183,144.04032243231867,137.77742699558186
11439,Jaleel McLaughlin,RB,128.1,89.14327596535648,143.01058938668265,107.99683566282064,106.08,85.2,16,2023->2024,107.22811281827333,140.81423840226176,100.99033605961816,122.99201909181838,100.99033605961813,122.99201909181835
4034,Christian McCaffrey,RB,1.3,335.000240074498,296.19020579312394,311.71421950567355,,40.300000000000004,4,2023->2024,315.2613540848267,302.10209675837916,291.57320868552983,262.62185442621774,291.5732086855297,262.6218544262176
5248,Gus Edwards,RB,86.9,170.23798143923696,155.9596197232055,161.67096440961808,150.603,62.6,11,2023->2024,162.55901240499304,157.43969971549714,163.64984957891778,159.25776167203836,163.64984957891775,159.2577616720383
1466,Travis Kelce,TE,32.0,172.15371167497239,172.93559690941296,172.62284281563674,200.71899999999997,146.9,16,2023->2024,176.5012244362493,179.39956627710055,176.5012244362493,179.39956627710055,176.5012244362493,179.39956627710055
9508,Tyjae Spears,RB,89.9,133.91293235156883,154.82707155610774,141.23288107315744,147.526,98.60000000000001,12,2023->2024,141.22548018290854,154.8059261553966,141.05082591331225,154.30691395655006,141.05082591331222,154.30691395655
5849,Kyler Murray,QB,68.4,289.93223110589486,289.71658682726337,289.8351911805107,299.6216,308.24,17,2023->2024,287.30099087643794,284.0850305959906,287.300990876438,284.08503059599064,287.30099087643794,284.0850305959906
5937,Diontae Johnson,WR,105.7,163.74029410864418,146.89267656184595,150.2622000712056,155.38,72.60000000000001,11,2023->2024,150.97767423164095,147.78701926239015,149.20736162920386,145.57412850934378,149.20736162920394,145.5741285093439
3321,Tyreek Hill,WR,3.9,286.10793671139334,258.5831119096069,264.0880768699642,288.864,177.70000000000002,17,2023->2024,265.9742152125568,260.9407848378477,257.6111027167706,250.48689421811486,257.61110271677046,250.4868942181147
5844,T.J. Hockenson,TE,108.6,171.82481723006165,123.90702691994198,155.0535906215198,,66.0,10,2023->2024,154.27265614953683,121.67578557141927,154.2726561495368,121.67578557141921,154.27265614953683,121.67578557141927
1426,DeAndre Hopkins,WR,91.7,191.84247781018695,151.70208421836827,159.730162936732,141.015,119.0,16,2023->2024,160.51424249169213,152.6821836620684,160.70946527513505,152.92621214137205,160.7094652751351,152.9262121413721
3198,Derrick Henry,RB,13.1,194.51329112664664,219.09904201772017,209.26474166129077,217.413,326.90000000000003,17,2023->2024,209.8817622458015,220.1274096585714,214.1672273444238,227.26985148960856,214.16722734442374,227.26985148960847
8155,Breece Hall,RB,4.4,211.94353329948427,255.5051134446917,227.19008635030684,246.58500000000004,212.4,16,2023->2024,227.30072889378053,255.82123499747365,223.72045393279998,245.59187796610058,223.72045393279993,245.59187796610047
1689,Adam Thielen,WR,138.1,171.78965458856413,137.84225560289195,144.6317354000264,122.79100000000001,115.5,10,2023->2024,147.05627656432344,140.87293205826327,141.66272767653828,134.1309959485318,141.66272767653837,134.1309959485319
11637,Keon Coleman,WR,81.5,,155.6935836202121,155.6935836202121,133.43300000000002,97.0,13,2023->2024,155.4056839339138,155.4056839339138,156.78191155331774,156.78191155331774,156.78191155331783,156.78191155331783
8132,Tyler Allgeier,RB,113.3,117.32064135111824,147.10739615808114,127.74600553355526,95.47200000000001,99.7,17,2023->2024,127.60409645397593,146.70194164499733,124.30897291903142,137.28730297372732,124.3089729190314,137.28730297372726
6130,Devin Singletary,RB,109.7,145.81266861812148,148.18488149949144,147.23599634694347,178.602,86.1,15,2023->2024,146.98616518404205,147.76849622798912,142.14113658308526,139.69344855972778,142.14113658308526,139.69344855972776
8130,Trey McBride,TE,58.9,134.09218157858936,148.45592119103907,139.11949044294676,158.96699999999998,188.3,16,2023->2024,138.67861722615444,147.19628342877536,138.67861722615444,147.19628342877533,138.67861722615444,147.19628342877536
8121,Romeo Doubs,WR,100.0,139.57918459193561,148.76910805903518,146.93112336561526,148.835,109.1,13,2023->2024,148.03671401463822,150.15109637031387,147.27247526944998,149.19579793882855,147.27247526945,149.1957979388286
11604,Brock Bowers,TE,108.1,,124.09218505672519,124.09218505672519,121.176,206.70000000000002,17,2023->2024,123.6970388223924,123.6970388223924,123.69703882239234,123.69703882239234,123.6970388223924,123.6970388223924
4035,Alvin Kamara,RB,47.4,248.1607966489567,176.1858963810081,204.97585648818756,222.05400000000003,231.3,14,2023->2024,206.10195624513742,178.0627293092579,213.4424394587129,190.29686799855037,213.44243945871284,190.29686799855028
8167,Christian Watson,WR,82.8,160.13245485503222,155.15791549252447,156.15282336502605,146.251,90.8,14,2023->2024,155.60622374827125,154.474665971581,156.41175684809943,155.48158234636622,156.41175684809946,155.48158234636628
9753,Zach Charbonnet,RB,114.6,109.45025479738958,146.72669890895918,122.49701023643894,98.787,165.9,17,2023->2024,121.7689669354273,144.64657519178306,117.51644997592423,132.49652673606005,117.51644997592422,132.49652673606
9997,Zay Flowers,WR,56.9,166.12626031665812,167.85593251895222,167.5099980784934,174.556,172.5,17,2023->2024,164.32794981153336,163.87837218525215,167.5065747988694,167.85165341942223,167.5065747988694,167.85165341942223
8148,Jameson Williams,WR,99.9,90.6372513654231,148.80297439376073,137.1698297880932,139.077,183.20000000000002,15,2023->2024,138.90752286097083,150.97509073485776,138.46860326068366,150.42644123449884,138.46860326068378,150.42644123449892
3164,Ezekiel Elliott,RB,131.2,144.79154961652586,142.212675781306,143.24422531539395,137.326,51.5,15,2023->2024,141.86157218480508,139.90825389699125,130.29480616361334,120.63031052833833,130.29480616361332,120.6303105283383
2374,Tyler Lockett,WR,111.9,159.56772118973578,144.9632363797588,147.88413334175422,149.464,96.5,17,2023->2024,149.53947964503735,147.03241925886275,147.42448002032953,144.38866972797797,147.4244800203296,144.38866972797808
96,Aaron Rodgers,QB,116.4,,265.61442997927065,265.61442997927065,257.32559999999995,267.58,17,2023->2024,267.3835552062954,267.3835552062954,267.38355520629545,267.38355520629545,267.38355520629534,267.38355520629534
4663,Austin Ekeler,RB,88.7,201.81664230622633,155.27548882360855,173.89195021665566,147.57700000000003,114.8,12,2023->2024,174.38799685986962,156.10223322896516,174.79264240821067,156.77664247620027,174.79264240821067,156.7766424762002
6770,Joe Burrow,QB,81.0,252.69731545993238,282.0517137059291,265.9067946706309,333.2136,381.82,17,2023->2024,264.20053685067023,278.2600296615721,264.2005368506703,278.26002966157216,264.20053685067023,278.2600296615721
9221,Jahmyr Gibbs,RB,8.6,225.7216052774968,233.1424775421476,228.31891057012456,240.448,336.90000000000003,17,2023->2024,232.01479640168765,243.70215134661356,230.76349215066153,240.12699634368172,230.7634921506615,240.12699634368164
11635,Ladd McConkey,WR,88.5,,152.90440901388695,152.90440901388695,137.309,199.9,16,2023->2024,153.56722063506908,153.56722063506908,154.1966019031038,154.1966019031038,154.1966019031039,154.1966019031039
3163,Jared Goff,QB,92.3,277.9042987107631,276.13134623566896,277.2837653444801,324.7136,335.96000000000004,17,2023->2024,276.3315882710999,273.4108403117255,276.3315882711,273.4108403117256,276.3315882710999,273.4108403117255
9486,Dontayvion Wicks,WR,158.9,100.44536953862183,133.09328606427283,126.56370275914264,109.07200000000002,91.0,17,2023->2024,131.3166489152592,139.03446875941856,124.77032802863422,130.85156765113732,124.77032802863434,130.85156765113746
11575,Ray Davis,RB,162.1,,135.15540182594492,135.15540182594492,79.22,107.60000000000001,17,2023->2024,134.84697582366593,134.84697582366593,106.56373597002006,106.56373597002006,106.54355428439949,106.54355428439949
8139,Zamir White,RB,64.8,93.33813612595146,165.75189725926154,136.7863928059375,155.737,26.3,8,2023->2024,137.23622811052797,166.5016227669123,141.9941521278276,174.4314961290783,141.9941521278275,174.43149612907823
7611,Rhamondre Stevenson,RB,61.9,160.70940011766106,167.27972095906998,164.6515926225064,151.674,159.4,15,2023->2024,165.21655017495956,168.22131687982525,170.49479707319102,177.01839504354436,170.49479707319097,177.01839504354425
4018,Joe Mixon,RB,28.4,237.78084678564088,193.27871287494997,211.07956643922634,210.44299999999998,222.5,14,2023->2024,209.66880088586953,190.9274369526886,217.75955302351022,204.4120238487565,217.75955302351016,204.4120238487564
8228,Jaylen Warren,RB,82.5,158.08624544944138,157.69347548372872,157.94877596144192,144.31300000000002,105.10000000000001,15,2023->2024,158.84327404537174,160.24918429495668,160.24609235047623,164.25723659525522,160.24609235047618,164.2572365952551
9494,Marvin Mims Jr.,WR,167.7,71.19707205802773,131.268749472991,119.25441398999837,65.654,110.0,17,2023->2024,123.6164285785493,136.7212677086797,115.49453947446672,126.56890632857646,115.49453947446686,126.56890632857665
8136,Rachaad White,RB,29.1,206.36538648607586,192.46620486237254,198.02587751185388,209.40600000000003,174.1,15,2023->2024,195.3587533954745,188.02099800174022,203.4441738849489,201.4966988175309,203.4441738849488,201.49669881753078
11566,Jayden Daniels,QB,116.7,,265.4977405879663,265.4977405879663,299.5162,364.82,17,2023->2024,265.6237642317527,265.6237642317527,265.6237642317528,265.6237642317528,265.62376423175266,265.62376423175266
7021,Rico Dowdle,RB,114.0,85.76104881859112,146.90186580027793,107.16033476218149,112.183,178.3,16,2023->2024,106.72628529069841,145.6617244531834,102.95563788048678,134.88844613829298,102.95563788048676,134.88844613829298
11586,Blake Corum,RB,105.2,,149.58258672298334,149.58258672298334,105.85900000000001,30.0,15,2023->2024,148.86275660337506,148.86275660337506,142.10726159496934,142.10726159496934,142.10726159496934,142.10726159496934
9226,De'Von Achane,RB,21.9,217.71740102665717,201.9514558590674,210.6227257012418,206.142,260.90000000000003,17,2023->2024,208.58415087823005,197.42128958570802,214.4385792906515,210.43113050220015,214.43857929065146,210.43113050220003
8183,Brock Purdy,QB,61.7,285.0243467409704,294.3899984772291,290.6437377827256,296.5412,278.86,15,2023->2024,288.83779908156225,291.3801006419567,288.83779908156225,291.3801006419567,288.83779908156225,291.3801006419567
6797,Justin Herbert,QB,103.6,285.41822104818436,270.8956007318785,280.3353039374773,286.4262,288.40000000000003,17,2023->2024,280.4627244060495,271.2596592135133,280.4627244060495,271.2596592135134,280.46272440604946,271.25965921351326
11631,Brian Thomas Jr.,WR,142.9,,136.68572236632124,136.68572236632124,140.012,240.5,17,2023->2024,140.2495741503633,140.2495741503633,133.0309923865867,133.0309923865867,133.03099238658683,133.03099238658683
8110,Jake Ferguson,TE,94.3,129.75982063137937,129.57210044597664,129.6941185664884,145.707,74.9,14,2023->2024,129.2693831072325,128.35857056238834,129.2693831072325,128.3585705623883,129.2693831072325,128.35857056238834
1166,Kirk Cousins,QB,129.4,278.19891272851646,260.814675147291,267.76837017978113,265.3258,192.32,14,2023->2024,268.716651607539,262.39514419355413,268.7166516075391,262.3951441935542,268.716651607539,262.3951441935541
6806,J.K. Dobbins,RB,120.3,183.11616490640765,145.10692983668324,160.310623864573,76.245,175.8,13,2023->2024,158.85857146528497,142.68684250453651,149.88579598167735,127.73221669852377,149.8857959816773,127.73221669852373
10229,Rashee Rice,WR,94.6,193.88310514076701,149.36859248427217,158.27149501557113,,123.60000000000001,8,2024->2025,156.8406621010363,147.58005134110363,153.74778849902214,143.71395933858588,153.747788499022,143.71395933858577
7547,Amon-Ra St. Brown,WR,16.3,224.98115901835428,208.76912316149003,212.0115303328629,228.34400000000005,265.5,17,2024->2025,210.8059124348366,207.26210078895718,213.77792204192406,210.9771127978165,213.77792204192392,210.97711279781635
6801,Tee Higgins,WR,25.1,229.7362504309663,194.18653399910133,201.29647728547434,207.043,182.1,15,2024->2025,203.0645122837696,196.39657774697042,207.82393182847363,202.34585217785042,207.8239318284735,202.34585217785025
7543,Travis Etienne Jr.,RB,111.2,137.72169555131512,161.81567435603316,152.17808283414595,158.576,235.9,17,2024->2025,154.3368178313525,165.4135660180441,152.0775298486164,161.64808604681724,152.1602388745797,161.78593442342273
11635,Ladd McConkey,WR,26.4,188.79544701382054,192.48081210130294,191.7437390838065,215.18599999999998,147.9,16,2024->2025,192.50131490467956,193.4277818773943,197.61604474238908,199.8211941745312,197.61604474238902,199.8211941745311
9484,Tucker Kraft,TE,99.1,114.38505981344524,123.34712289433514,119.76229766197919,129.47199999999998,101.2,8,2024->2025,120.24533800668975,124.1521901355194,120.24533800668978,124.15219013551948,120.24533800668974,124.15219013551938
6804,Jordan Love,QB,122.4,257.0101875930123,253.60062847693982,254.96445212336883,301.5018,241.14,15,2024->2025,255.5227774660622,254.53117071476206,254.06476910430948,252.10115677850757,255.52277746606202,254.53117071476186
8205,Isiah Pacheco,RB,63.4,124.52146776184047,182.33670561356135,159.21061047287301,192.30400000000003,77.8,13,2024->2025,157.16857895398766,178.93331974875244,160.8256902318319,185.02850521182623,161.17100585400692,185.60403124878457
12517,Colston Loveland,TE,147.2,,99.41758659789403,99.41758659789403,115.345,136.1,16,2024->2025,104.51008778688717,104.51008778688717,104.51008778688724,104.51008778688724,104.51008778688711,104.51008778688711
11564,Drake Maye,QB,108.8,250.89708157555089,260.6529614428005,256.7506094959006,286.8002,359.46000000000004,17,2024->2025,258.06001230633166,262.8352994601855,258.07414998485905,262.8588622577312,258.06001230633154,262.8352994601853
7526,Jaylen Waddle,WR,66.5,132.15555908772268,161.274271351526,155.45052889876536,191.79399999999998,162.12,16,2024->2025,155.26751646556656,161.04550581002752,158.28565609307282,164.81818034441034,158.28565609307276,164.81818034441025
12526,Tetairoa McMillan,WR,49.7,,171.1106843543878,171.1106843543878,204.95200000000003,178.4,17,2024->2025,169.7778574899206,169.7778574899206,175.9881841871321,175.9881841871321,175.988184187132,175.988184187132
12514,Emeka Egbuka,WR,81.9,,154.23815613838036,154.23815613838036,175.25300000000001,164.2,17,2024->2025,152.34867691172022,152.34867691172022,151.82237118023093,151.82237118023093,151.82237118023085,151.82237118023085
10222,Jayden Reed,WR,104.3,140.70609745724173,146.07126988479098,144.99823539928113,102.59500000000001,39.0,5,2024->2025,144.48074803580786,145.4244106804494,139.96774821320417,139.78316090219477,139.96774821320412,139.7831609021947
9756,Jordan Addison,WR,100.7,184.11818066783698,147.25778458202632,154.62986379918846,,114.10000000000001,14,2024->2025,154.30065021812567,146.84626760569785,150.74001239208968,142.39547032315284,150.7400123920896,142.39547032315272
8137,George Pickens,WR,62.0,176.23175075360172,163.6411001634393,166.15923028147176,188.411,245.4,17,2024->2025,164.97777606082516,162.16428238763103,168.3219009068587,166.34443844517295,168.32190090685862,166.34443844517284
5967,Tony Pollard,RB,55.4,178.14508954354258,187.2630790012746,181.33638585374877,217.005,169.3,17,2024->2025,181.82083236656692,188.6472118950407,185.41461447678432,198.91516078137622,185.66368906462617,199.62680246092424
10444,Cedric Tillman,WR,118.2,115.21039875729076,141.84525954910126,136.51828739073915,125.32400000000001,49.5,12,2024->2025,137.2396703942539,142.74698830349467,130.76070741467367,134.64828457901942,130.76070741467365,134.64828457901936
2133,Davante Adams,WR,29.0,227.7915548887172,189.3078668861943,197.00460448669887,190.57000000000002,192.9,14,2024->2025,198.115714511293,190.69675441693693,203.49819309569352,197.4248526474376,203.4981930956934,197.42485264743746
7588,Javonte Williams,RB,117.0,143.89557209546135,159.9587170500892,153.53345906823807,178.07500000000002,225.3,16,2024->2025,156.0375986586508,164.13228303411043,153.0423894697106,159.14026771921013,153.0894795902902,159.21875125350945
3198,Derrick Henry,RB,5.7,254.21979995377401,270.32044380326886,259.8550253010972,256.326,272.0,17,2024->2025,257.6665416977296,264.06763350793284,257.433579425497,263.4020270158396,257.1236797193347,262.5165992839474
11624,Xavier Worthy,WR,45.6,154.16149321997258,174.01898264852275,170.04748476281273,202.283,88.9,14,2024->2025,170.2994178574963,174.33389901687724,175.8038242021525,181.21440694769746,175.80382420215238,181.21440694769734
8148,Jameson Williams,WR,53.1,171.9815831900246,168.8754448398005,169.49667250984533,173.842,187.4,17,2024->2025,168.03378066157555,167.04683002946328,172.53180040570444,172.6693547096244,172.53180040570436,172.6693547096243
4046,Patrick Mahomes,QB,57.9,291.868707178091,298.4221439260965,295.80076922689426,321.5788,296.18,14,2024->2025,295.2763997349813,297.54819477290823,295.2731236624968,297.54273465210065,295.2763997349813,297.5481947729081
10236,Dalton Kincaid,TE,136.2,110.49809034883258,104.11490690392904,108.26397614311634,95.081,106.60000000000001,12,2024->2025,109.3126868030594,107.11122307519494,109.31268680305942,107.11122307519503,109.31268680305939,107.11122307519489
12533,Jacory Croskey-Merritt,RB,101.6,,165.1132176968801,165.1132176968801,154.44500000000002,135.8,17,2024->2025,166.73199276726302,166.73199276726302,164.1710378417015,164.1710378417015,164.3664462647053,164.3664462647053
8154,Brian Robinson,RB,159.4,174.09967959891208,148.66425193698842,158.8384230017579,70.873,58.50000000000001,17,2024->2025,160.2685351736622,151.04777222349563,147.62776504723823,129.97982201278901,147.18064056908491,129.23461454920016
8146,Garrett Wilson,WR,44.0,193.484344452937,175.22551223014017,178.87727867469954,195.942,81.5,7,2024->2025,179.49574992994255,175.99860129919392,185.12509670734167,183.03528477094284,185.12509670734158,183.03528477094272
11576,Braelon Allen,RB,154.0,79.19502154543207,149.9229853903688,103.94980889115993,86.428,14.3,4,2024->2025,104.6786311525803,152.00533470871272,97.80127547058815,132.35574704587805,97.56673584586915,131.68563383239513
5947,Jakobi Meyers,WR,79.0,181.8960842810149,155.45593609049914,160.74396572860232,188.241,138.3,16,2024->2025,159.6582449101987,154.09878506749465,160.0686792091756,154.61182794121575,160.06867920917549,154.61182794121564
5022,Dallas Goedert,TE,123.5,123.05829742409145,110.0348485702616,117.19774543986802,139.332,155.1,15,2024->2025,118.52067791534162,112.9746985157585,118.52067791534165,112.97469851575859,118.52067791534161,112.97469851575846
4892,Baker Mayfield,QB,50.8,326.37050426376607,306.2551349618318,314.3012826826055,327.44379999999995,282.92,17,2024->2025,313.2897430575122,304.56923558667637,313.2829448744266,304.55790528153364,313.2897430575122,304.56923558667637
4039,Cooper Kupp,WR,93.6,180.66967599471474,149.72756756421433,155.9159892503144,163.217,93.8,16,2024->2025,155.4113183765614,149.09672897202307,153.23588771840318,146.37744064932528,153.2358877184031,146.3774406493252
6803,Brandon Aiyuk,WR,149.6,130.85333599090575,133.88731174614333,133.28051659509583,,0.0,0,2024->2025,136.98215359830704,138.51435800015736,126.89598347843719,125.90664535032003,126.89598347843712,125.90664535031996
5012,Mark Andrews,TE,82.8,135.6487851164334,134.21539525844133,135.14709866613617,146.28499999999997,107.0,17,2024->2025,133.26537563960815,128.83904375407553,133.26537563960818,128.8390437540756,133.26537563960815,128.8390437540755
8110,Jake Ferguson,TE,124.2,93.20152868589017,109.69301690822118,98.97354956370603,117.674,147.1,17,2024->2025,99.05322577038491,109.920663213018,99.05322577038494,109.92066321301809,99.0532257703849,109.92066321301795
11560,Caleb Williams,QB,100.0,271.5534340470354,265.7029404840365,269.5057612999858,259.4642,324.68,17,2024->2025,270.78330232572904,269.3530577004457,270.78964201574183,269.37117110048223,270.783302325729,269.35305770044556
12504,Kaleb Johnson,RB,73.1,,177.13713176897556,177.13713176897556,122.655,8.3,10,2024->2025,177.21679384472523,177.21679384472523,182.3433560606402,182.3433560606402,182.8806654785566,182.8806654785566
11563,Bo Nix,QB,64.3,308.90851052726345,292.14464879916767,303.04115892243,302.9162,315.84000000000003,17,2024->2025,302.8037342460473,291.4662925809317,302.8036029485023,291.46591744508896,302.80373424604727,291.4662925809316
4199,Aaron Jones Sr.,RB,63.3,216.11116135257978,182.3943582932497,204.31028028181427,198.89999999999998,104.7,12,2024->2025,203.72326694385202,180.71717732764327,206.18163542593854,187.74108727646197,206.39530029187543,188.35155832199587
7564,Ja'Marr Chase,WR,1.5,269.5804759149664,289.3562491440213,285.4010944982104,291.873,251.10000000000002,16,2024->2025,276.4855943440959,278.2118739513782,258.4952889413972,255.72399219800485,258.495288941397,255.7239921980046
12519,Luther Burden III,WR,148.5,,134.1366061405063,134.1366061405063,36.431,104.4,15,2024->2025,139.08781063547303,139.08781063547303,127.13860848172511,127.13860848172511,127.13860848172502,127.13860848172502
8228,Jaylen Warren,RB,78.9,126.78668476013004,174.34849889561326,143.43331970754917,205.122,197.10000000000002,16,2024->2025,143.29967567247252,173.9666587953942,144.3779993014072,177.04758344949326,144.53619522435537,177.49957180077382
11655,Tyrone Tracy Jr.,RB,73.4,150.9984805174809,176.98754945067907,160.09465464410027,192.508,142.8,15,2024->2025,159.59595771591165,175.56270108442587,161.038287742175,179.68364401660688,161.21190846408072,180.1797032220518
11631,Brian Thomas Jr.,WR,13.9,212.11925735550608,214.14935397459664,213.74333465077854,243.219,114.8,14,2024->2025,211.87836532383227,211.8181423159138,213.91053919714415,214.35835965755365,213.91053919714403,214.35835965755348
9226,De'Von Achane,RB,14.9,239.7463947997361,235.2257079589321,238.1641544054547,301.34200000000004,289.3,16,2024->2025,235.3497207984012,227.18446908163645,239.29118916979394,238.44580728561564,239.39569818781106,238.74440447995033
12512,Quinshon Judkins,RB,127.4,,156.8485013967113,156.8485013967113,,156.8,14,2024->2025,160.49173753560422,160.49173753560422,151.6996445692455,151.6996445692455,151.5901551693686,151.5901551693686
5850,Josh Jacobs,RB,12.5,256.78456904354937,241.64033011611565,247.6980256870891,254.048,219.10000000000002,15,2024->2025,245.88275989659087,238.6148871319519,250.95850892923792,247.07446885303025,250.95037451140084,247.06091148996845
6786,CeeDee Lamb,WR,6.6,202.53060454117974,239.30877804097543,231.95314334101627,246.17700000000002,163.4,13,2024->2025,233.08822543010928,240.72763065234165,227.42603682273028,233.6498948931179,227.42603682273014,233.64989489311773
5849,Kyler Murray,QB,82.5,292.9126085761089,277.22132793824153,283.49784019338847,300.60079999999994,80.78,5,2024->2025,285.94675966640574,281.3028603932703,285.95163307858513,281.3109827469027,285.9467596664057,281.30286039327024
8112,Drake London,WR,18.3,211.75050052649686,204.85965099462902,206.2378209010026,243.134,167.9,12,2024->2025,204.94480998794344,203.2433873533051,208.65877673455898,207.88584578657452,208.65877673455887,207.88584578657438
9225,Tank Bigsby,RB,127.3,138.1297797097822,156.8771806011678,149.37822024461354,,52.3,15,2024->2025,152.25581303471554,161.6731685846711,147.75198004517196,154.1667802687651,147.72481636224842,154.12150746389256
7569,Nico Collins,WR,10.2,209.7559018756762,224.6040656901882,221.63443292728581,248.523,190.70000000000002,15,2024->2025,226.68080051627993,230.91202517643086,223.89535572065748,227.43021918190277,223.89535572065734,227.4302191819026
12481,Cam Skattebo,RB,130.5,,155.9704351317704,155.9704351317704,81.02200000000002,115.7,8,2024->2025,157.12111887127767,157.12111887127767,144.36899758569578,144.36899758569578,144.05841964954845,144.05841964954845
8408,Jordan Mason,RB,93.3,156.9568302256738,168.2258299489005,163.71823005960982,160.174,121.9,16,2024->2025,164.4763447522558,169.48935443664382,164.34235610248604,169.26604002036083,164.5251599549965,169.57071310787828
9221,Jahmyr Gibbs,RB,4.0,269.17600932578034,283.2558485593083,274.1039530575151,293.896,328.40000000000003,17,2024->2025,271.96765657324886,277.1521443185476,269.7159962294766,270.7188290506269,269.2261448092607,269.3192535642955
7670,Joshua Palmer,WR,136.9,108.86156915545403,136.88401424462796,131.2795252267932,114.342,41.300000000000004,12,2024->2025,133.50916691377347,139.6710663533533,124.47300346521196,128.37586204265142,124.4730034652119,128.37586204265136
9501,DeMario Douglas,WR,135.6,114.49621467522218,137.20631399800135,132.66429413344554,117.674,80.3,16,2024->2025,135.11081585978982,140.26446615593176,126.5941149844196,129.61859006171895,126.59411498441953,129.61859006171886
1466,Travis Kelce,TE,70.5,155.20783995343135,143.94144767808513,148.44800458822363,161.09199999999996,155.20000000000002,17,2024->2025,146.4725189759279,140.64897165759228,146.47251897592793,140.64897165759234,146.4725189759279,140.64897165759228
8138,James Cook III,RB,29.2,229.7194355479682,210.65278331987943,223.04610726813715,227.30700000000002,285.70000000000005,17,2024->2025,222.97842757655977,210.45941277251544,227.6085668414817,223.6883821008638,227.82723704659082,224.3131541154613
8183,Brock Purdy,QB,72.2,296.42683338772554,285.2062364563692,289.69447522891176,318.5018,187.38,9,2024->2025,290.2317381472451,286.1016746535915,290.23420423050754,286.1057847923621,290.2317381472451,286.10167465359143
5892,David Montgomery,RB,58.9,235.40304402471273,185.02562749407159,205.17659410632805,196.928,154.92000000000002,17,2024->2025,206.08003571779872,186.53136351318938,211.80160712345656,196.06731585595242,212.217303880545,196.76014378443313
5844,T.J. Hockenson,TE,80.9,106.05685490294893,135.61938366448425,119.35999284563981,140.131,87.3,15,2024->2025,118.74359882771478,134.24961918020637,118.74359882771482,134.24961918020642,118.74359882771476,134.24961918020637
11565,J.J. McCarthy,QB,105.7,,262.3837527193375,262.3837527193375,274.4581999999999,137.38,10,2024->2025,265.9776908340787,265.9776908340787,265.99862632648444,265.99862632648444,265.97769083407854,265.97769083407854
7611,Rhamondre Stevenson,RB,117.2,177.9464546650971,159.8963379315973,167.1163846249972,107.967,162.8,14,2024->2025,168.91024675465002,162.88610814768532,165.16663394665304,156.64675346769036,165.17708163151644,156.66416627579605
4035,Alvin Kamara,RB,39.4,256.60663731017576,199.71060866612754,222.46902012374682,253.84400000000005,84.2,11,2024->2025,221.5975063986859,198.25808579102602,230.972619488704,213.88327427438946,229.54577438630923,211.50519910373154
1689,Adam Thielen,WR,152.3,157.87314498809218,133.28309596645542,138.2011057707828,131.461,30.1,14,2024->2025,141.9349364824576,137.95038435604897,131.31846719446244,124.679797746055,131.31846719446241,124.67979774605494
11566,Jayden Daniels,QB,27.4,334.10197782762424,343.21955259123445,337.2931289948878,370.345,117.28,7,2024->2025,334.8151944218828,336.1397395255058,334.8019903504582,336.10201360714984,334.81519442188284,336.1397395255059
8150,Kyren Williams,RB,16.4,240.86037875721323,231.72242070488508,237.66209343889835,267.274,245.3,17,2024->2025,234.3965880884144,222.39240541778804,238.6369038099617,234.5075931936374,238.78034057484126,234.9174125218648
9488,Jaxon Smith-Njigba,WR,39.5,181.7949987202464,178.86991906033535,179.4549349923176,209.35500000000002,300.40000000000003,17,2024->2025,178.557967308024,177.74870945496835,184.28080260926015,184.90225358151355,184.28080260926004,184.90225358151343
11638,Ricky Pearsall,WR,70.6,122.73446013225526,159.25332050421105,151.94954842981988,172.601,70.60000000000001,9,2024->2025,151.6767595847982,158.9123344479339,154.0044887181962,161.8219958646814,154.00448871819611,161.82199586468133
12527,Ashton Jeanty,RB,9.2,,252.83553781526246,252.83553781526246,277.984,217.6,17,2024->2025,245.62605129478465,245.62605129478465,251.91681004489283,251.91681004489283,251.68420562849255,251.68420562849255
9494,Marvin Mims Jr.,WR,116.5,99.63635151430472,142.33461368117818,133.79496124780349,126.25899999999999,76.5,15,2024->2025,134.64479481645262,143.3969056419896,128.66448103600328,135.9215134164279,128.6644810360032,135.92151341642779
9509,Bijan Robinson,RB,2.3,274.7164839038688,303.46711824432134,284.7792059230272,303.195,331.3,17,2024->2025,293.0576513819253,327.11981955545883,276.64210561914985,280.2182602332433,280.5782799742166,291.4644726762912
11632,Malik Nabers,WR,11.0,240.09936982249047,222.05347816981265,225.66265650034822,217.87199999999999,48.1,4,2024->2025,226.65863402381112,223.29845007414127,225.9390045181094,222.39891319201413,225.93900451810924,222.39891319201394
7525,DeVonta Smith,WR,49.9,191.38317141863402,170.97502458523275,175.05665395191303,190.213,163.3,17,2024->2025,172.9846552412503,168.38502619690433,177.72785586724504,174.31402697939774,177.72785586724495,174.31402697939765
11589,Trey Benson,RB,135.1,60.81110720037903,154.70520591344356,93.67404174995163,96.03300000000002,28.900000000000002,4,2024->2025,94.14503192475026,156.050892127154,89.20872911206783,141.94716980520417,89.07565985074035,141.56697191569714
3163,Jared Goff,QB,97.6,294.8850693938761,267.15748065342046,285.1804133347166,308.65540000000004,305.06,17,2024->2025,287.22485118276586,272.99873164784685,287.23012404059057,273.0137969559174,287.2248511827658,272.99873164784674
6904,Jalen Hurts,QB,33.7,337.8203495204781,330.82800299876845,335.37302823787974,382.40139999999997,307.06,16,2024->2025,329.08890470454566,312.8733643320998,329.0825090636924,312.855091072519,329.0889047045457,312.87336433209987
4983,DJ Moore,WR,46.6,175.99542988580586,173.28621558221892,173.82805844293634,186.76199999999997,147.18,17,2024->2025,173.39640866475858,172.74665335949675,178.74735008985346,179.43533014086537,178.74735008985337,179.43533014086523
12507,Omarion Hampton,RB,31.8,,207.53746277237076,207.53746277237076,228.99,119.7,9,2024->2025,207.0887941081889,207.0887941081889,220.32930669397484,220.32930669397484,220.99623358181597,220.99623358181597
11637,Keon Coleman,WR,92.3,129.13531868081225,150.20001214826937,145.98707345477794,125.63000000000001,83.4,12,2024->2025,145.73196197317057,149.88112279626014,144.00565766508947,147.72324241115876,144.00565766508942,147.72324241115868
12484,Jayden Higgins,WR,124.4,,140.11832728598452,140.11832728598452,112.89700000000002,109.0,17,2024->2025,141.48315386973348,141.48315386973348,132.12125515529561,132.12125515529561,132.12125515529553,132.12125515529553
11626,Xavier Legette,WR,133.0,124.58100832533891,137.8602883816898,135.2044323704196,127.874,71.80000000000001,15,2024->2025,137.610896987862,140.86836915349275,129.6097907370462,130.86698633997304,129.60979073704615,130.86698633997295
7571,Rashod Bateman,WR,120.8,142.7379565555302,141.11028480976458,141.4358191589177,118.49000000000001,45.900000000000006,13,2024->2025,142.23496704454195,142.10921966679487,135.25288093626713,133.38161203145134,135.25288093626705,133.38161203145125
4034,Christian McCaffrey,RB,7.0,170.7306266066604,262.81702072383024,225.9824630769623,296.20799999999997,365.6,17,2024->2025,220.6433497075948,253.91849844155107,222.66096090828344,257.28118377603215,222.3526159089697,256.76727544384255
10859,Sam LaPorta,TE,67.0,138.3674503178276,147.0210757351349,141.39621921388516,144.84,86.9,9,2024->2025,141.90724384253568,148.48114610270778,141.90724384253568,148.4811461027078,141.90724384253565,148.48114610270775
9493,Puka Nacua,WR,12.9,214.41506673998688,216.6713634584808,216.22010411478203,229.26199999999997,310.5,16,2024->2025,216.54517835989176,217.077706264868,217.37843451555395,218.1192764594457,217.37843451555383,218.11927645944553
7553,Kyle Pitts Sr.,TE,154.0,101.52748539442013,96.68630270212438,99.83307145211661,119.765,166.8,17,2024->2025,101.72383657513896,102.08848876790252,101.72383657513899,102.0884887679026,101.72383657513893,102.08848876790246
8130,Trey McBride,TE,41.8,190.54712704092125,175.55513858690844,185.29993108201677,198.237,252.9,17,2024->2025,184.33916830106247,172.81010206989615,184.33916830106247,172.81010206989617,184.33916830106247,172.81010206989617
12495,Ollie Gordon II,RB,150.8,,150.68989997243517,150.68989997243517,140.89600000000002,50.6,17,2024->2025,153.98314796772863,153.98314796772863,137.13313817275974,137.13313817275974,136.6101674687056,136.6101674687056
6770,Joe Burrow,QB,28.0,322.44989458422737,341.9225569161912,329.26532640041466,349.36359999999996,139.46,8,2024->2025,322.6553102616642,323.03679651976114,322.6459404994946,323.0100257707051,322.6553102616642,323.03679651976125
12518,Tyler Warren,TE,102.3,,121.42506635161642,121.42506635161642,124.59300000000002,150.5,17,2024->2025,120.01809225770496,120.01809225770496,120.01809225770504,120.01809225770504,120.01809225770492,120.01809225770492
7528,Najee Harris,RB,153.1,182.64697169871542,150.13705743598456,163.14102314107691,83.929,10.100000000000001,3,2024->2025,164.8488835832584,152.98349150628712,153.90282636561693,134.74006281021798,153.5452145875443,134.1440431800969
5045,Courtland Sutton,WR,47.5,203.70928546861876,172.64004681599167,178.8538945465171,194.616,182.70000000000002,17,2024->2025,177.72583767658563,171.2299757285773,182.89732651815584,177.69433678054008,182.89732651815572,177.69433678053994
4137,James Conner,RB,39.4,214.43480123663576,199.71060866612754,209.28133383695788,229.279,29.3,3,2024->2025,209.73802741495564,201.01544746040682,213.15354106323443,210.7740578840605,214.49334126264924,214.60205845381716
9997,Zay Flowers,WR,62.0,165.65396642263005,163.6411001634393,164.04367341527745,170.119,200.3,17,2024->2025,163.78758587718758,163.32099074082697,167.4437270341982,167.89116718709025,167.44372703419813,167.89116718709013
8143,Jerome Ford,RB,129.3,127.53912025408665,156.30783212702318,144.80034737784857,189.516,30.6,13,2024->2025,145.94593010856735,158.21713667822118,139.09644814589407,146.80133340709898,138.9511214517614,146.5591222502112
5872,Deebo Samuel Sr.,WR,67.0,149.01624573751243,161.02124217501338,158.6202428875132,184.365,152.20000000000002,16,2024->2025,157.77305075871033,159.96225201400978,160.4521234059171,163.31109282301827,160.45212340591704,163.31109282301819
6794,Justin Jefferson,WR,5.9,234.95423877638234,243.09601483922887,241.46765962665958,267.51200000000006,159.5,17,2024->2025,250.6404074064001,254.5619495639045,240.62152748740516,242.03834966516087,240.62152748740502,242.0383496651607
1479,Keenan Allen,WR,115.0,172.96924565394508,142.77236370090435,148.8117400915125,121.227,142.2,17,2024->2025,149.84140394691926,144.0594435201628,144.35509167512893,137.2015531804249,144.35509167512888,137.20155318042484
6819,Michael Pittman Jr.,WR,87.0,144.97843972999135,152.19758188648007,150.75375345518233,152.14999999999998,162.4,17,2024->2025,149.5428676495211,150.68397462940356,148.2588922712554,149.07900540657144,148.25889227125538,149.07900540657138
7591,Justin Fields,QB,114.8,211.10839473598077,257.438828901854,238.9066552355047,319.08320000000003,143.66,9,2024->2025,238.72408349513657,257.1345426679071,238.74108096275577,257.16287178060577,238.72408349513645,257.1345426679069
6797,Justin Herbert,QB,111.1,281.0767691721672,259.40040153879465,273.4900405004868,275.02940000000007,299.88,16,2024->2025,273.6634259866444,259.89578864210216,273.67253315372415,259.9218091194727,273.66342598664437,259.895788642102
6806,J.K. Dobbins,RB,90.6,196.89771705114143,169.29835949699543,180.3381025186538,165.90300000000002,110.4,10,2024->2025,181.3191063101878,170.93336581621875,181.8631820426582,171.84015870366937,182.0768606685513,172.19628974682453
4988,Nick Chubb,RB,127.5,132.23579276019217,156.8198446945752,146.986223920822,173.38300000000004,81.80000000000001,15,2024->2025,148.4984487262341,159.34021937026205,142.44113486142135,149.2446962622408,142.33603919377396,149.06953681616181
4066,Evan Engram,TE,115.1,125.0720103180906,114.29502381397346,118.60581841562032,131.155,77.8,16,2024->2025,119.8208135414786,116.32001569040392,119.82081354147864,116.32001569040399,119.82081354147857,116.32001569040388
5927,Terry McLaurin,WR,35.3,201.0226787273829,182.66730347404723,186.3383785247144,212.313,95.2,10,2024->2025,183.87930611814176,179.59346296583146,189.66077546581073,186.82029965041772,189.66077546581064,186.8202996504176
8151,Kenneth Walker,RB,43.4,212.73814984900315,196.17907079187069,202.80270241472368,196.02700000000004,176.4,17,2024->2025,202.49028557432533,195.65837605787343,209.73270406954097,207.7290735498995,210.17420689097514,208.4649115856231
6813,Jonathan Taylor,RB,14.2,249.03783862944914,236.9831655819704,244.8187030628316,285.685,339.3,17,2024->2025,243.2641342786014,232.54154048416984,246.7895728867633,242.6142222217753,246.8455454584119,242.77414385505702
8144,Chris Olave,WR,74.6,127.06373121379706,157.39173449455112,151.32613383840032,185.81000000000003,219.0,16,2024->2025,150.16757710544562,155.94353857835776,151.37463581118664,157.45236196053403,151.37463581118658,157.45236196053395
4881,Lamar Jackson,QB,20.7,372.5918537141671,360.00923568820264,368.18793740507954,385.64500000000004,221.85999999999999,13,2024->2025,377.34693645330566,386.17780439742006,377.3190897618868,386.0982424219376,377.3469364533058,386.17780439742046
9500,Josh Downs,WR,94.2,161.3883393944359,149.51172505909952,151.88704792616682,148.17200000000003,109.4,16,2024->2025,150.94163865974173,148.3299634760682,148.31058977275322,145.04115236733256,148.31058977275316,145.04115236733247
4663,Austin Ekeler,RB,89.2,159.93826046596445,169.86713796630195,165.89558696616697,183.685,10.6,2,2024->2025,167.4301422949119,172.42473018087682,168.6354464215865,174.43357039200123,168.87861930696357,174.83885853429635
2216,Mike Evans,WR,30.5,215.31948406062838,187.60435112346624,193.1473777108987,219.572,69.80000000000001,8,2024->2025,191.71526223220945,185.8142067751047,197.4198266391772,192.94491228381438,197.41982663917707,192.9449122838142
12529,TreVeyon Henderson,RB,47.6,,192.80532325391314,192.80532325391314,212.17700000000002,188.70000000000002,17,2024->2025,190.86631239402504,190.86631239402504,201.8050736695909,201.8050736695909,202.53051213445022,202.53051213445022
11584,Bucky Irving,RB,19.7,197.4169647654805,225.026398880657,213.98262523458638,289.034,123.5,10,2024->2025,209.8012598283636,218.05745653695237,217.42015860718976,230.75562116832927,217.71945690515327,231.2544516649351
3294,Dak Prescott,QB,83.9,245.71777240751538,276.21378161515383,259.44097655095266,305.1772,323.78,17,2024->2025,259.7775870089375,276.96180485512,259.7828753384948,276.9735566985808,259.7775870089374,276.96180485511996
7594,Chuba Hubbard,RB,37.8,232.41704296460787,201.22473076876236,221.49973369606195,231.608,110.4,15,2024->2025,222.45386604861906,203.95082320463985,227.04383452718997,217.06501885769953,227.28805666249687,217.76279638714783
12530,Travis Hunter,WR,70.8,,159.15776389984225,159.15776389984225,133.535,49.800000000000004,7,2024->2025,157.89376243172566,157.89376243172566,160.3498151590935,160.3498151590935,160.34981515909337,160.34981515909337
9224,Chase Brown,RB,20.8,236.39022120168082,223.04194728219696,231.71832532986147,280.857,248.10000000000002,17,2024->2025,228.5886291759501,214.09995827102162,233.15874556705126,227.15743367416775,233.35807110579213,227.72693521342742
3321,Tyreek Hill,WR,29.5,175.8381034729705,188.7304299683519,186.15196466927563,222.751,43.0,4,2024->2025,185.70219503734623,188.16821792844013,191.27785223237416,195.13778942222504,191.27785223237407,195.13778942222493
11628,Marvin Harrison Jr.,WR,34.5,167.1639846304733,183.44164654190337,180.18611415961738,174.40300000000002,107.30000000000001,12,2024->2025,178.66774638145415,181.54368681919937,184.46900884494514,188.79526489856306,184.46900884494502,188.79526489856295
4217,George Kittle,TE,45.8,182.16671868677273,170.0280414921467,174.8835123699971,195.092,133.0,11,2024->2025,168.0138325631459,158.57857514739473,168.01383256314597,158.57857514739476,168.01383256314597,158.57857514739476
4950,Christian Kirk,WR,113.3,130.16508270583273,143.27543653925702,140.65336577257216,,43.9,11,2024->2025,141.82109798871107,144.73510180943066,136.82395545045884,138.48867363661537,136.82395545045875,138.48867363661526
2449,Stefon Diggs,WR,81.0,178.2312006681136,154.61141117504252,159.33536907365675,160.39500000000004,167.8,17,2024->2025,158.21624902794306,153.21251111790042,158.2150757597125,153.21104453261222,158.21507575971245,153.21104453261214
12489,RJ Harvey,RB,60.8,,183.86607089677432,183.86607089677432,174.08,183.1,17,2024->2025,182.57386524725862,182.57386524725862,190.48334257346053,190.48334257346053,191.12521983983805,191.12521983983805
6783,Jerry Jeudy,WR,60.1,178.89547793276952,164.69246349864935,167.53306638547338,202.87800000000004,95.7,17,2024->2025,167.39373041932706,164.51829354096645,171.34693841375213,169.45980353399776,171.346938413752,169.45980353399764
4037,Chris Godwin Jr.,WR,104.2,208.99904730244074,146.1036720331921,158.68274708704183,,66.5,9,2024->2025,158.7021559424457,146.12793310244692,154.6680644962992,141.0853187947638,154.66806449629914,141.0853187947637
4018,Joe Mixon,RB,135.5,258.97864202018224,154.59722958942166,196.34979456172587,,0.0,0,2024->2025,196.5946191017287,155.00527048942638,187.31267693123786,139.53536687194162,187.04206889605487,139.08435347996996
5846,DK Metcalf,WR,33.6,170.64783797975343,184.33454180021073,181.59720103611926,204.56099999999998,157.7,15,2024->2025,181.01930871713748,183.61217640148348,186.79681128560972,190.8340546120738,186.79681128560966,190.8340546120737
4866,Saquon Barkley,RB,2.3,294.70498963479133,303.46711824432134,297.7717346481268,312.035,213.8,16,2024->2025,295.01604754870795,295.5937265316959,294.82529094442515,295.0487076623166,288.8737271669464,278.0442397266631
8155,Breece Hall,RB,46.3,202.12363055355198,193.81667337840142,199.21619554224927,203.09900000000002,189.66,16,2024->2025,199.00010142276074,193.19926160843414,203.03984002053346,204.74137188778482,203.29663621099155,205.47507528909358
12501,Matthew Golden,WR,74.1,,157.61889901657034,157.61889901657034,151.997,55.5,14,2024->2025,156.90471843867687,156.90471843867687,158.8935698416245,158.8935698416245,158.8935698416244,158.8935698416244
9758,C.J. Stroud,QB,136.9,243.233654751886,246.89717122951066,244.51588551905462,264.0406,216.54,14,2024->2025,245.5082003477802,249.73235645444083,245.52028163617615,249.76687442128647,245.5082003477801,249.7323564544406
11604,Brock Bowers,TE,33.6,177.5765473436502,188.76209113870866,184.28787362068528,217.94,144.2,12,2024->2025,189.3140537597108,197.1390580370845,189.3140537597108,197.1390580370845,189.31405375971082,197.13905803708457
5859,A.J. Brown,WR,21.7,219.40416089520832,199.10329063864606,203.16346468995852,217.209,181.3,15,2024->2025,203.59965272837576,199.64852568666757,207.89948726505267,205.02331885751374,207.89948726505253,205.02331885751354
9753,Zach Charbonnet,RB,100.1,155.8197574106483,165.65645475684585,159.26260148181746,163.251,171.4,16,2024->2025,160.1142657719358,168.08978130004118,159.63135169343272,166.71002679003237,159.71922125883856,166.96108269119188
7523,Trevor Lawrence,QB,122.4,248.3734836312704,253.60062847693982,251.50977053867206,294.17819999999995,350.18,17,2024->2025,250.5905487139405,252.06859210238727,252.08639933255571,254.56167646674592,250.5905487139404,252.06859210238704
4981,Calvin Ridley,WR,58.3,167.9440990476034,165.71961403480654,166.1645110373659,180.47199999999998,38.800000000000004,7,2024->2025,166.19613505293555,165.75914405426857,170.4303728295703,171.05194127506198,170.43037282957016,171.05194127506186
6790,D'Andre Swift,RB,59.3,177.64240957095376,184.778432201881,180.14001749177825,185.963,211.6,16,2024->2025,180.04592080663747,184.50958453005012,183.10779537501563,193.2577975825591,183.34210056329653,193.92724097764744
4984,Josh Allen,QB,23.1,342.0275205782063,353.4409443703962,346.0222189054728,362.14079999999996,374.62,16,2024->2025,346.4304435363408,354.60730045859066,346.4118353095466,354.5541340963214,346.43044353634093,354.6073004585908
11620,Rome Odunze,WR,78.9,126.91700604234377,155.4987217037153,149.782378571441,153.18699999999998,124.10000000000001,12,2024->2025,149.39035781181536,155.00869575418324,150.203695118561,156.0253673876153,150.20369511856094,156.0253673876152
8134,Khalil Shakir,WR,85.8,142.33828401654938,152.66674549951432,150.60105320292135,144.12600000000003,130.4,16,2024->2025,149.67259611547186,151.5061741402025,148.82382461378438,150.4452097630931,148.82382461378427,150.445209763093
