i,rush_other_share,rush_norm_strength,rush_norm_qb,rush_norm_lead,rush_crps,rush_width,rush_ratio,qbrush_crps,qbrush_width,qbrush_ratio,score,tie,miss
0,,0.0,False,,16.25325732464027,0.2059118236472946,1.010897148998214,8.813902621383269,0.2075268817204301,1.0514465226004026,2.0,False,0.031171835799308267
1,0.1,0.5,False,0.0,16.34941304390066,0.20841683366733466,1.0123147229434357,8.826708078757061,0.2064516129032258,1.0496977488437291,2.0073689594501065,False,0.031006235893582423
2,0.1,0.5,False,0.25,15.99055114121845,0.20190380761523047,0.9912032962085404,8.823787793218983,0.20967741935483872,1.05076863645691,1.9849582486989277,False,0.029782670124184785
3,0.1,0.5,False,0.5,15.936071967379501,0.19839679358717435,0.988051166107709,8.814663587475485,0.2118279569892473,1.049954305753592,1.9805711499460767,True,0.030951569822941505
4,0.1,0.5,False,1.0,15.908618608059582,0.20340681362725452,0.9871098837099731,8.82286805007826,0.2075268817204301,1.0499023964826644,1.9798129057217921,True,0.03139625638634563
5,0.1,1.0,False,0.0,16.688392964454422,0.2219438877755511,1.027478011067258,8.816180334188095,0.2118279569892473,1.0507918703190873,2.0270306340580704,False,0.03913494069317258
6,0.1,1.0,False,0.25,16.122611434992724,0.19789579158316634,0.9858361808800972,8.822635021052013,0.20967741935483872,1.0507057276546212,1.992952617104884,False,0.03243477338726203
7,0.1,1.0,False,0.5,16.03303441612171,0.1933867735470942,0.9797503021757579,8.82857171823062,0.2053763440860215,1.051043687762058,1.9881148504832353,True,0.035646692793150025
8,0.1,1.0,False,1.0,16.03650176811174,0.20140280561122245,0.9759051298747695,8.803793321997558,0.2086021505376344,1.0514104482346125,1.9855168977735387,True,0.03775265917992149
9,0.12,0.5,False,0.0,16.331295964152257,0.2029058116232465,1.021352212278988,8.820110396726976,0.2064516129032258,1.0496344191740925,2.0055057316757288,False,0.03549331572654024
10,0.12,0.5,False,0.25,15.999454539265757,0.20140280561122245,1.0028566311290148,8.831991648128396,0.2118279569892473,1.0505389648009542,1.9864368260560337,False,0.026697797964984504
11,0.12,0.5,False,0.5,15.936880439356205,0.1963927855711423,1.0006102286767984,8.812614749806702,0.2075268817204301,1.0517296950795678,1.9803884368773375,True,0.0261699618781831
12,0.12,0.5,False,1.0,15.926551985364933,0.19589178356713427,0.9988953011080388,8.82174906047246,0.21397849462365592,1.0506121048859058,1.9807893196627087,True,0.025858401888933513
13,0.12,1.0,False,0.0,16.74849386519552,0.23496993987975953,1.0490532189609536,8.815382303337696,0.2075268817204301,1.0504601016684272,2.0306378675235535,False,0.04975666031469039
14,0.12,1.0,False,0.25,16.12307968207914,0.20390781563126253,1.0090201163058383,8.821760380959333,0.210752688172043,1.0513218564092068,1.9928821923901108,False,0.030170986357522578
15,0.12,1.0,False,0.5,16.01156488452283,0.19789579158316634,1.0044083321592303,8.82244215566822,0.2129032258064516,1.0497454646246345,1.9860984708114742,True,0.02707689839193239
16,0.12,1.0,False,1.0,16.02135802956642,0.19889779559118237,1.0010375839416736,8.824539730957595,0.20967741935483872,1.052104270515939,1.9869389899621877,True,0.026570927228806274
17,0.14,0.5,False,0.0,16.342616134688843,0.2099198396793587,1.0309996488358226,8.822714442983846,0.2086021505376344,1.051195833097823,2.0064976655301807,False,0.04109774096682284
18,0.14,0.5,False,0.25,16.001824456324854,0.1998997995991984,1.0149287620271716,8.824986415080973,0.2075268817204301,1.0505051241956445,1.9857878443171137,False,0.03271694311140805
19,0.14,0.5,False,0.5,15.957899200634076,0.19889779559118237,1.0122059452589374,8.834319852101139,0.20967741935483872,1.051962388966581,1.9841442382637642,False,0.03208416711275919
20,0.14,0.5,False,1.0,15.920981934195646,0.20390781563126253,1.0112864069191507,8.831272480920003,0.2118279569892473,1.0497730405302845,1.9815271158268204,True,0.030529723724717628
21,0.14,1.0,False,0.0,16.903207433349383,0.2469939879759519,1.069956481289188,8.813209523493592,0.2064516129032258,1.0512550902890214,2.039910277069176,False,0.060605785789104694
22,0.14,1.0,False,0.25,16.160422775665342,0.20490981963927857,1.034692853331472,8.805544034753511,0.2161290322580645,1.0504106192886091,1.9933399084438186,False,0.04255173631004061
23,0.14,1.0,False,0.5,16.043394616148284,0.20040080160320642,1.03078046519212,8.817245537163645,0.2064516129032258,1.049683931306211,1.9874672376072144,True,0.04023219824916546
24,0.14,1.0,False,1.0,16.039279561391375,0.19939879759519039,1.027895143935674,8.8210039791642,0.2075268817204301,1.051163741914297,1.9876404762210487,True,0.0395294429249855
