bucket,n,hit_rate,stated,diff,net,engine_hash,model_id
50%-55%,96,0.53125,0.5240302083333334,0.007219791666666642,-439.81999999999994,553aeb009ecd2b42b21f3b46eadccc96e098560ee3af50be4bdbfeacc301ee13,17455e4ad023bbe189db8ff7ed87f1e1de96d6c05c0e72218af476ed41dfbb77
55%-60%,79,0.4810126582278481,0.5762462025316455,-0.09523354430379738,-1199.5399999999997,553aeb009ecd2b42b21f3b46eadccc96e098560ee3af50be4bdbfeacc301ee13,17455e4ad023bbe189db8ff7ed87f1e1de96d6c05c0e72218af476ed41dfbb77
60%-65%,74,0.5,0.6265581081081082,-0.1265581081081082,-945.2,553aeb009ecd2b42b21f3b46eadccc96e098560ee3af50be4bdbfeacc301ee13,17455e4ad023bbe189db8ff7ed87f1e1de96d6c05c0e72218af476ed41dfbb77
65%-70%,44,0.4772727272727273,0.671,-0.19372727272727275,-771.8299999999999,553aeb009ecd2b42b21f3b46eadccc96e098560ee3af50be4bdbfeacc301ee13,17455e4ad023bbe189db8ff7ed87f1e1de96d6c05c0e72218af476ed41dfbb77
70%-80%,41,0.5853658536585366,0.7467012195121951,-0.1613353658536586,-42.92999999999995,553aeb009ecd2b42b21f3b46eadccc96e098560ee3af50be4bdbfeacc301ee13,17455e4ad023bbe189db8ff7ed87f1e1de96d6c05c0e72218af476ed41dfbb77
80%-101%,11,0.6363636363636364,0.8340727272727272,-0.19770909090909083,102.54999999999998,553aeb009ecd2b42b21f3b46eadccc96e098560ee3af50be4bdbfeacc301ee13,17455e4ad023bbe189db8ff7ed87f1e1de96d6c05c0e72218af476ed41dfbb77
50%-55%,123,0.5040650406504065,0.5254650402776273,-0.021399999627220834,-1066.9899999999998,5a49879f513b7cbab446c86a061e4b3d44638e27af0856c04ec758729dcea48c,1df22e40b3d974065ebf02ae2051c5b73add5d4d16c07e17789fbc3cdbeb227d
55%-60%,132,0.5454545454545454,0.5736298208787173,-0.028175275424171864,-493.82000000000005,5a49879f513b7cbab446c86a061e4b3d44638e27af0856c04ec758729dcea48c,1df22e40b3d974065ebf02ae2051c5b73add5d4d16c07e17789fbc3cdbeb227d
60%-65%,80,0.55,0.6201487571439921,-0.07014875714399205,-222.18,5a49879f513b7cbab446c86a061e4b3d44638e27af0856c04ec758729dcea48c,1df22e40b3d974065ebf02ae2051c5b73add5d4d16c07e17789fbc3cdbeb227d
65%-70%,41,0.6097560975609756,0.6709305275183937,-0.061174429957418064,98.3900000000001,5a49879f513b7cbab446c86a061e4b3d44638e27af0856c04ec758729dcea48c,1df22e40b3d974065ebf02ae2051c5b73add5d4d16c07e17789fbc3cdbeb227d
70%-80%,27,0.48148148148148145,0.7314611111111112,-0.24997962962962977,-451.38999999999993,5a49879f513b7cbab446c86a061e4b3d44638e27af0856c04ec758729dcea48c,1df22e40b3d974065ebf02ae2051c5b73add5d4d16c07e17789fbc3cdbeb227d
80%-101%,5,0.6,0.85307,-0.25307,5.959999999999994,5a49879f513b7cbab446c86a061e4b3d44638e27af0856c04ec758729dcea48c,1df22e40b3d974065ebf02ae2051c5b73add5d4d16c07e17789fbc3cdbeb227d
50%-55%,7,0.42857142857142855,0.5259428571428572,-0.09737142857142861,-170.36,911a3de45e315fb1f5722b14753f5b070196c69b5128018fc16300b39e41e371,4fd1094acc2b32b0d57c539fc92f7ed3eaed83b4bb2e301510d24bb5e4a0964e
55%-60%,6,1.0,0.566,0.43400000000000005,468.58,911a3de45e315fb1f5722b14753f5b070196c69b5128018fc16300b39e41e371,4fd1094acc2b32b0d57c539fc92f7ed3eaed83b4bb2e301510d24bb5e4a0964e
60%-65%,4,0.5,0.6231500000000001,-0.12315000000000009,-72.85999999999999,911a3de45e315fb1f5722b14753f5b070196c69b5128018fc16300b39e41e371,4fd1094acc2b32b0d57c539fc92f7ed3eaed83b4bb2e301510d24bb5e4a0964e
65%-70%,4,0.5,0.6788875,-0.17888749999999998,-63.26,911a3de45e315fb1f5722b14753f5b070196c69b5128018fc16300b39e41e371,4fd1094acc2b32b0d57c539fc92f7ed3eaed83b4bb2e301510d24bb5e4a0964e
80%-101%,1,1.0,0.8291,0.17090000000000005,75.19,911a3de45e315fb1f5722b14753f5b070196c69b5128018fc16300b39e41e371,4fd1094acc2b32b0d57c539fc92f7ed3eaed83b4bb2e301510d24bb5e4a0964e
50%-55%,6,0.5,0.5236083333333333,-0.023608333333333342,-67.37999999999998,37b8ec713240221a2c90b36a2cf6b6f6f5cb57f40215e9896ffb110caa32484a,5cbed8f7132098783ce53b4e884acb0f9b017ef80517f17654d12dd12d6b5b05
55%-60%,8,0.75,0.56876875,0.18123124999999995,271.56,37b8ec713240221a2c90b36a2cf6b6f6f5cb57f40215e9896ffb110caa32484a,5cbed8f7132098783ce53b4e884acb0f9b017ef80517f17654d12dd12d6b5b05
60%-65%,3,0.3333333333333333,0.6246,-0.29126666666666673,-121.88,37b8ec713240221a2c90b36a2cf6b6f6f5cb57f40215e9896ffb110caa32484a,5cbed8f7132098783ce53b4e884acb0f9b017ef80517f17654d12dd12d6b5b05
65%-70%,5,0.6,0.6744899999999999,-0.07448999999999995,-9.21,37b8ec713240221a2c90b36a2cf6b6f6f5cb57f40215e9896ffb110caa32484a,5cbed8f7132098783ce53b4e884acb0f9b017ef80517f17654d12dd12d6b5b05
80%-101%,1,1.0,0.8291,0.17090000000000005,74.07,37b8ec713240221a2c90b36a2cf6b6f6f5cb57f40215e9896ffb110caa32484a,5cbed8f7132098783ce53b4e884acb0f9b017ef80517f17654d12dd12d6b5b05
50%-55%,14,0.5714285714285714,0.5228821428571429,0.048546428571428546,49.11000000000007,9e82843e42d2f407f9355d8b2f4bd2f2485a20e734be99cd76f91354d6c8142f,77428441afdb8f4f3aa1804efb1057505ae6f04a127cfd238f33780907774a7a
55%-60%,17,0.47058823529411764,0.5749656102219733,-0.1043773749278557,-298.90000000000003,9e82843e42d2f407f9355d8b2f4bd2f2485a20e734be99cd76f91354d6c8142f,77428441afdb8f4f3aa1804efb1057505ae6f04a127cfd238f33780907774a7a
60%-65%,13,0.5384615384615384,0.6215076923076922,-0.08304615384615377,-82.07,9e82843e42d2f407f9355d8b2f4bd2f2485a20e734be99cd76f91354d6c8142f,77428441afdb8f4f3aa1804efb1057505ae6f04a127cfd238f33780907774a7a
65%-70%,7,0.42857142857142855,0.6790716611791627,-0.2505002326077342,-222.98,9e82843e42d2f407f9355d8b2f4bd2f2485a20e734be99cd76f91354d6c8142f,77428441afdb8f4f3aa1804efb1057505ae6f04a127cfd238f33780907774a7a
70%-80%,1,1.0,0.72725,0.27275000000000005,78.12,9e82843e42d2f407f9355d8b2f4bd2f2485a20e734be99cd76f91354d6c8142f,77428441afdb8f4f3aa1804efb1057505ae6f04a127cfd238f33780907774a7a
50%-55%,122,0.45081967213114754,0.5232622613883443,-0.07244258925719677,-2333.62,15f116153929e4922c0adfa7d1727c908b75bff805de420f70772386a09f7933,8b04ff332eab6762535a3cb8e10a7e7c42a96db1e96530deb61e45c684d614b9
55%-60%,108,0.46296296296296297,0.5716013836221916,-0.10863842065922863,-1791.8599999999994,15f116153929e4922c0adfa7d1727c908b75bff805de420f70772386a09f7933,8b04ff332eab6762535a3cb8e10a7e7c42a96db1e96530deb61e45c684d614b9
60%-65%,88,0.4659090909090909,0.6210546570937452,-0.1551455661846543,-1802.9699999999998,15f116153929e4922c0adfa7d1727c908b75bff805de420f70772386a09f7933,8b04ff332eab6762535a3cb8e10a7e7c42a96db1e96530deb61e45c684d614b9
65%-70%,32,0.625,0.6685960969211826,-0.0435960969211826,182.74999999999997,15f116153929e4922c0adfa7d1727c908b75bff805de420f70772386a09f7933,8b04ff332eab6762535a3cb8e10a7e7c42a96db1e96530deb61e45c684d614b9
70%-80%,21,0.47619047619047616,0.741197619047619,-0.2650071428571429,-434.82000000000005,15f116153929e4922c0adfa7d1727c908b75bff805de420f70772386a09f7933,8b04ff332eab6762535a3cb8e10a7e7c42a96db1e96530deb61e45c684d614b9
80%-101%,5,0.8,0.8504999999999999,-0.05049999999999988,187.06,15f116153929e4922c0adfa7d1727c908b75bff805de420f70772386a09f7933,8b04ff332eab6762535a3cb8e10a7e7c42a96db1e96530deb61e45c684d614b9
50%-55%,6,0.5,0.5123486159990729,-0.012348615999072887,-92.11999999999998,4fa7976f1dc363554655b47b5f7f91d42baeb09ecc0b4dbf88b4c58796ae797d,93ebbb8cb2c458fb760c18a0d35eede030e5573d3b44517c63f479c4db811809
55%-60%,5,0.4,0.58826,-0.18825999999999998,-153.23,4fa7976f1dc363554655b47b5f7f91d42baeb09ecc0b4dbf88b4c58796ae797d,93ebbb8cb2c458fb760c18a0d35eede030e5573d3b44517c63f479c4db811809
60%-65%,6,0.6666666666666666,0.62405,0.042616666666666636,90.27,4fa7976f1dc363554655b47b5f7f91d42baeb09ecc0b4dbf88b4c58796ae797d,93ebbb8cb2c458fb760c18a0d35eede030e5573d3b44517c63f479c4db811809
65%-70%,4,0.25,0.668625,-0.418625,-221.88,4fa7976f1dc363554655b47b5f7f91d42baeb09ecc0b4dbf88b4c58796ae797d,93ebbb8cb2c458fb760c18a0d35eede030e5573d3b44517c63f479c4db811809
70%-80%,3,0.3333333333333333,0.7469,-0.4135666666666667,-147.92000000000002,4fa7976f1dc363554655b47b5f7f91d42baeb09ecc0b4dbf88b4c58796ae797d,93ebbb8cb2c458fb760c18a0d35eede030e5573d3b44517c63f479c4db811809
50%-55%,87,0.5057471264367817,0.5257663573567959,-0.02001923092001423,-895.3000000000001,b3ea0025335268c4582cd68d0e454dcce39dde03c26fb100491ed76aa901a185,c049ee262f2e825453ecd71be1f4913563848cd2dace287d9d7a6f6ffc369862
55%-60%,68,0.5,0.5745213799078963,-0.07452137990789631,-779.56,b3ea0025335268c4582cd68d0e454dcce39dde03c26fb100491ed76aa901a185,c049ee262f2e825453ecd71be1f4913563848cd2dace287d9d7a6f6ffc369862
60%-65%,66,0.4393939393939394,0.6184275482337488,-0.1790336088398094,-1656.16,b3ea0025335268c4582cd68d0e454dcce39dde03c26fb100491ed76aa901a185,c049ee262f2e825453ecd71be1f4913563848cd2dace287d9d7a6f6ffc369862
65%-70%,28,0.4642857142857143,0.6736435214338579,-0.20935780714814356,-672.45,b3ea0025335268c4582cd68d0e454dcce39dde03c26fb100491ed76aa901a185,c049ee262f2e825453ecd71be1f4913563848cd2dace287d9d7a6f6ffc369862
70%-80%,25,0.56,0.7285739999999999,-0.1685739999999999,-206.48,b3ea0025335268c4582cd68d0e454dcce39dde03c26fb100491ed76aa901a185,c049ee262f2e825453ecd71be1f4913563848cd2dace287d9d7a6f6ffc369862
80%-101%,6,0.5,0.8329166666666667,-0.33291666666666675,-71.32999999999998,b3ea0025335268c4582cd68d0e454dcce39dde03c26fb100491ed76aa901a185,c049ee262f2e825453ecd71be1f4913563848cd2dace287d9d7a6f6ffc369862
50%-55%,107,0.4953271028037383,0.5274125843276256,-0.032085481523887294,-1203.0299999999997,6cd3e508b270260f6a769f582e807339c2cba5ef8309739b01232c79e1ec16ee,c0db10ff197c151b3bf547c08ab08a0f0515d44dd31b61452431780d1df2a794
55%-60%,120,0.5416666666666666,0.5737366169205568,-0.032069950253890145,-551.1499999999999,6cd3e508b270260f6a769f582e807339c2cba5ef8309739b01232c79e1ec16ee,c0db10ff197c151b3bf547c08ab08a0f0515d44dd31b61452431780d1df2a794
60%-65%,71,0.5492957746478874,0.6208448842373195,-0.07154910958943217,-377.14,6cd3e508b270260f6a769f582e807339c2cba5ef8309739b01232c79e1ec16ee,c0db10ff197c151b3bf547c08ab08a0f0515d44dd31b61452431780d1df2a794
65%-70%,47,0.5106382978723404,0.6717745027288116,-0.16113620485647118,-650.13,6cd3e508b270260f6a769f582e807339c2cba5ef8309739b01232c79e1ec16ee,c0db10ff197c151b3bf547c08ab08a0f0515d44dd31b61452431780d1df2a794
70%-80%,22,0.7272727272727273,0.7299295454545454,-0.002656818181818066,550.7500000000001,6cd3e508b270260f6a769f582e807339c2cba5ef8309739b01232c79e1ec16ee,c0db10ff197c151b3bf547c08ab08a0f0515d44dd31b61452431780d1df2a794
80%-101%,5,0.6,0.8264400000000001,-0.22644000000000009,-4.07,6cd3e508b270260f6a769f582e807339c2cba5ef8309739b01232c79e1ec16ee,c0db10ff197c151b3bf547c08ab08a0f0515d44dd31b61452431780d1df2a794
