name,team,rush_att,rush_yd,rush_td,rec,rec_yd,rec_td,fum_lost,fpts_page,snapshot,kind,url
Saquon Barkley,PHI,327.8,1649.3,10.8,43.5,332.5,2.2,1.4,273.4,20250826174831,preseason,https://www.fantasypros.com/nfl/projections/rb.php?scoring=STD&week=draft
Bijan Robinson,ATL,304.1,1418.9,11.4,57.7,438.5,2.2,1.4,264.5,20250826174831,preseason,https://www.fantasypros.com/nfl/projections/rb.php?scoring=STD&week=draft
Jahmyr Gibbs,DET,240.0,1240.0,11.7,57.7,507.0,2.8,1.3,258.7,20250826174831,preseason,https://www.fantasypros.com/nfl/projections/rb.php?scoring=STD&week=draft
Derrick Henry,BAL,306.0,1553.4,13.7,16.4,153.7,0.9,1.4,255.6,20250826174831,preseason,https://www.fantasypros.com/nfl/projections/rb.php?scoring=STD&week=draft
Christian McCaffrey,SF,240.4,1092.3,8.0,64.3,558.2,3.5,1.8,230.1,20250826174831,preseason,https://www.fantasypros.com/nfl/projections/rb.php?scoring=STD&week=draft
Jonathan Taylor,IND,310.1,1411.7,10.6,28.6,205.1,1.3,1.6,230.1,20250826174831,preseason,https://www.fantasypros.com/nfl/projections/rb.php?scoring=STD&week=draft
Josh Jacobs,GB,290.6,1232.5,11.4,37.9,315.9,1.5,1.5,229.2,20250826174831,preseason,https://www.fantasypros.com/nfl/projections/rb.php?scoring=STD&week=draft
Ashton Jeanty,LV,272.8,1219.6,9.0,45.9,361.4,1.9,2.4,218.4,20250826174831,preseason,https://www.fantasypros.com/nfl/projections/rb.php?scoring=STD&week=draft
Kyren Williams,LAR,284.2,1223.5,11.4,33.7,213.6,1.7,2.3,217.8,20250826174831,preseason,https://www.fantasypros.com/nfl/projections/rb.php?scoring=STD&week=draft
De'Von Achane,MIA,216.9,1010.4,7.6,68.7,506.0,3.9,1.3,217.7,20250826174831,preseason,https://www.fantasypros.com/nfl/projections/rb.php?scoring=STD&week=draft
Bucky Irving,TB,244.1,1157.7,8.5,45.1,349.8,1.7,1.4,208.9,20250826174831,preseason,https://www.fantasypros.com/nfl/projections/rb.php?scoring=STD&week=draft
Chase Brown,CIN,242.9,1026.4,8.3,55.0,385.9,2.7,1.4,204.4,20250826174831,preseason,https://www.fantasypros.com/nfl/projections/rb.php?scoring=STD&week=draft
James Cook,BUF,232.1,1087.7,9.7,31.4,258.9,1.9,1.4,201.6,20250826174831,preseason,https://www.fantasypros.com/nfl/projections/rb.php?scoring=STD&week=draft
James Conner,ARI,218.1,986.1,8.1,40.7,313.0,1.7,1.4,185.3,20250826174831,preseason,https://www.fantasypros.com/nfl/projections/rb.php?scoring=STD&week=draft
Omarion Hampton,LAC,227.0,990.5,8.8,35.8,277.3,1.5,2.1,184.2,20250826174831,preseason,https://www.fantasypros.com/nfl/projections/rb.php?scoring=STD&week=draft
Chuba Hubbard,CAR,246.3,1087.6,8.0,37.9,230.7,1.0,1.8,182.2,20250826174831,preseason,https://www.fantasypros.com/nfl/projections/rb.php?scoring=STD&week=draft
Alvin Kamara,NO,222.5,923.7,5.3,62.4,470.0,2.0,1.3,180.5,20250826174831,preseason,https://www.fantasypros.com/nfl/projections/rb.php?scoring=STD&week=draft
Breece Hall,NYJ,218.3,977.6,5.8,46.2,377.3,1.9,1.6,178.7,20250826174831,preseason,https://www.fantasypros.com/nfl/projections/rb.php?scoring=STD&week=draft
Kenneth Walker III,SEA,232.4,944.9,7.9,42.4,301.2,1.2,1.3,176.9,20250826174831,preseason,https://www.fantasypros.com/nfl/projections/rb.php?scoring=STD&week=draft
David Montgomery,DET,199.1,836.9,9.0,31.4,257.8,0.9,1.0,166.7,20250826174831,preseason,https://www.fantasypros.com/nfl/projections/rb.php?scoring=STD&week=draft
D'Andre Swift,CHI,237.0,961.5,6.1,36.6,284.2,1.2,1.1,166.5,20250826174831,preseason,https://www.fantasypros.com/nfl/projections/rb.php?scoring=STD&week=draft
TreVeyon Henderson,NE,212.8,933.2,6.1,33.7,264.1,1.7,1.7,163.4,20250826174831,preseason,https://www.fantasypros.com/nfl/projections/rb.php?scoring=STD&week=draft
Tony Pollard,TEN,233.3,979.8,5.5,40.0,257.5,0.9,1.0,160.0,20250826174831,preseason,https://www.fantasypros.com/nfl/projections/rb.php?scoring=STD&week=draft
Aaron Jones Sr.,MIN,198.2,887.0,4.4,44.8,328.8,2.3,1.8,157.9,20250826174831,preseason,https://www.fantasypros.com/nfl/projections/rb.php?scoring=STD&week=draft
RJ Harvey,DEN,190.9,821.6,5.7,35.3,269.4,1.7,1.3,150.7,20250826174831,preseason,https://www.fantasypros.com/nfl/projections/rb.php?scoring=STD&week=draft
Isiah Pacheco,KC,203.0,841.4,5.9,33.7,231.1,1.1,1.0,147.0,20250826174831,preseason,https://www.fantasypros.com/nfl/projections/rb.php?scoring=STD&week=draft
Tyrone Tracy Jr.,NYG,192.7,828.9,5.4,36.1,268.1,1.1,1.6,145.1,20250826174831,preseason,https://www.fantasypros.com/nfl/projections/rb.php?scoring=STD&week=draft
Kaleb Johnson,PIT,196.7,828.8,6.2,23.2,178.0,1.0,1.7,140.6,20250826174831,preseason,https://www.fantasypros.com/nfl/projections/rb.php?scoring=STD&week=draft
Joe Mixon,HOU,169.2,655.2,5.8,27.4,219.2,1.3,0.9,128.5,20250826174831,preseason,https://www.fantasypros.com/nfl/projections/rb.php?scoring=STD&week=draft
Jaylen Warren,PIT,149.6,668.3,3.6,47.5,347.2,1.1,1.1,127.6,20250826174831,preseason,https://www.fantasypros.com/nfl/projections/rb.php?scoring=STD&week=draft
Jacory Croskey-Merritt,WAS,163.8,687.0,6.0,21.1,167.8,1.2,0.9,126.4,20250826174831,preseason,https://www.fantasypros.com/nfl/projections/rb.php?scoring=STD&week=draft
Austin Ekeler,WAS,108.7,487.7,4.7,47.1,386.3,1.8,1.4,123.2,20250826174831,preseason,https://www.fantasypros.com/nfl/projections/rb.php?scoring=STD&week=draft
Jordan Mason,MIN,163.6,753.7,4.6,16.9,123.5,0.7,0.7,117.9,20250826174831,preseason,https://www.fantasypros.com/nfl/projections/rb.php?scoring=STD&week=draft
J.K. Dobbins,DEN,147.1,653.5,4.8,29.5,189.3,1.2,1.2,117.8,20250826174831,preseason,https://www.fantasypros.com/nfl/projections/rb.php?scoring=STD&week=draft
Quinshon Judkins,CLE,176.7,705.1,4.6,21.2,163.1,0.9,1.3,117.7,20250826174831,preseason,https://www.fantasypros.com/nfl/projections/rb.php?scoring=STD&week=draft
Javonte Williams,DAL,167.8,644.0,4.4,34.4,220.2,0.9,0.6,117.0,20250826174831,preseason,https://www.fantasypros.com/nfl/projections/rb.php?scoring=STD&week=draft
Zach Charbonnet,SEA,135.9,585.4,4.9,33.7,247.9,0.9,0.8,116.5,20250826174831,preseason,https://www.fantasypros.com/nfl/projections/rb.php?scoring=STD&week=draft
Travis Etienne Jr.,JAC,147.5,597.0,3.9,38.4,284.9,1.2,0.9,116.5,20250826174831,preseason,https://www.fantasypros.com/nfl/projections/rb.php?scoring=STD&week=draft
Rhamondre Stevenson,NE,154.2,625.0,4.9,27.3,173.9,1.1,1.5,112.9,20250826174831,preseason,https://www.fantasypros.com/nfl/projections/rb.php?scoring=STD&week=draft
Tank Bigsby,JAC,160.7,654.4,5.2,12.0,87.0,0.2,1.2,104.1,20250826174831,preseason,https://www.fantasypros.com/nfl/projections/rb.php?scoring=STD&week=draft
Nick Chubb,HOU,129.9,554.9,4.8,11.4,86.6,0.9,0.5,97.6,20250826174831,preseason,https://www.fantasypros.com/nfl/projections/rb.php?scoring=STD&week=draft
Jerome Ford,CLE,127.6,534.4,3.0,30.0,205.5,1.0,0.8,96.2,20250826174831,preseason,https://www.fantasypros.com/nfl/projections/rb.php?scoring=STD&week=draft
Rachaad White,TB,105.3,423.1,2.7,35.6,269.7,2.1,1.3,95.5,20250826174831,preseason,https://www.fantasypros.com/nfl/projections/rb.php?scoring=STD&week=draft
Tyjae Spears,TEN,117.2,454.9,3.3,32.2,243.6,1.0,0.9,94.0,20250826174831,preseason,https://www.fantasypros.com/nfl/projections/rb.php?scoring=STD&week=draft
Cam Skattebo,NYG,122.4,522.3,3.2,23.8,184.8,0.9,1.2,93.0,20250826174831,preseason,https://www.fantasypros.com/nfl/projections/rb.php?scoring=STD&week=draft
Trey Benson,ARI,127.6,567.7,3.7,13.7,105.2,0.4,0.9,90.5,20250826174831,preseason,https://www.fantasypros.com/nfl/projections/rb.php?scoring=STD&week=draft
Dylan Sampson,CLE,120.4,504.7,2.6,22.9,178.4,0.9,0.8,88.3,20250826174831,preseason,https://www.fantasypros.com/nfl/projections/rb.php?scoring=STD&week=draft
Jaydon Blue,DAL,108.6,480.5,2.9,20.6,161.7,0.8,0.8,84.9,20250826174831,preseason,https://www.fantasypros.com/nfl/projections/rb.php?scoring=STD&week=draft
Tyler Allgeier,ATL,119.8,549.3,3.3,12.6,92.3,0.3,0.8,84.3,20250826174831,preseason,https://www.fantasypros.com/nfl/projections/rb.php?scoring=STD&week=draft
Najee Harris,LAC,118.3,464.0,3.7,17.1,125.4,0.6,0.8,83.2,20250826174831,preseason,https://www.fantasypros.com/nfl/projections/rb.php?scoring=STD&week=draft
Ray Davis,BUF,109.2,467.3,3.5,12.4,105.5,1.0,0.8,82.6,20250826174831,preseason,https://www.fantasypros.com/nfl/projections/rb.php?scoring=STD&week=draft
Jaylen Wright,MIA,127.9,489.4,3.2,13.4,92.0,0.6,1.2,78.1,20250826174831,preseason,https://www.fantasypros.com/nfl/projections/rb.php?scoring=STD&week=draft
Braelon Allen,NYJ,115.2,437.3,3.0,16.5,123.6,0.8,0.4,77.8,20250826174831,preseason,https://www.fantasypros.com/nfl/projections/rb.php?scoring=STD&week=draft
Bhayshul Tuten,JAC,89.2,389.2,2.7,17.3,136.9,0.8,0.8,72.2,20250826174831,preseason,https://www.fantasypros.com/nfl/projections/rb.php?scoring=STD&week=draft
Rico Dowdle,CAR,85.2,390.2,2.2,22.2,151.7,1.1,0.8,72.2,20250826174831,preseason,https://www.fantasypros.com/nfl/projections/rb.php?scoring=STD&week=draft
Kareem Hunt,KC,81.2,321.5,3.3,20.1,140.3,0.8,0.1,70.4,20250826174831,preseason,https://www.fantasypros.com/nfl/projections/rb.php?scoring=STD&week=draft
MarShawn Lloyd,GB,105.7,381.3,2.9,13.5,108.4,0.7,0.8,69.2,20250826174831,preseason,https://www.fantasypros.com/nfl/projections/rb.php?scoring=STD&week=draft
Roschon Johnson,CHI,86.2,300.1,4.2,14.7,98.5,0.4,0.1,67.5,20250826174831,preseason,https://www.fantasypros.com/nfl/projections/rb.php?scoring=STD&week=draft
Brian Robinson Jr.,SF,97.9,400.6,3.3,8.7,72.7,0.5,1.1,67.4,20250826174831,preseason,https://www.fantasypros.com/nfl/projections/rb.php?scoring=STD&week=draft
Woody Marks,HOU,73.8,275.4,1.8,24.9,182.0,1.1,0.1,62.9,20250826174831,preseason,https://www.fantasypros.com/nfl/projections/rb.php?scoring=STD&week=draft
Kendre Miller,NO,92.1,359.8,3.2,10.3,76.7,0.2,0.4,62.7,20250826174831,preseason,https://www.fantasypros.com/nfl/projections/rb.php?scoring=STD&week=draft
Ollie Gordon II,MIA,77.6,350.3,3.0,9.6,73.8,0.4,1.1,60.4,20250826174831,preseason,https://www.fantasypros.com/nfl/projections/rb.php?scoring=STD&week=draft
Justice Hill,BAL,41.8,184.9,1.1,27.3,221.9,1.7,0.4,56.6,20250826174831,preseason,https://www.fantasypros.com/nfl/projections/rb.php?scoring=STD&week=draft
Blake Corum,LAR,84.2,318.0,2.1,12.7,94.0,0.3,0.4,55.2,20250826174831,preseason,https://www.fantasypros.com/nfl/projections/rb.php?scoring=STD&week=draft
Miles Sanders,DAL,93.4,350.9,2.1,10.0,62.0,0.3,0.5,54.6,20250826174831,preseason,https://www.fantasypros.com/nfl/projections/rb.php?scoring=STD&week=draft
Keaton Mitchell,BAL,66.0,322.3,1.7,9.1,85.5,0.5,0.0,54.0,20250826174831,preseason,https://www.fantasypros.com/nfl/projections/rb.php?scoring=STD&week=draft
Raheem Mostert,LV,77.2,257.5,2.4,15.6,115.5,0.5,0.8,53.3,20250826174831,preseason,https://www.fantasypros.com/nfl/projections/rb.php?scoring=STD&week=draft
Chris Rodriguez Jr.,WAS,70.4,318.0,2.9,4.4,33.4,0.1,0.4,52.2,20250826174831,preseason,https://www.fantasypros.com/nfl/projections/rb.php?scoring=STD&week=draft
Ty Johnson,BUF,44.9,205.3,0.9,15.2,165.3,1.4,0.1,51.3,20250826174831,preseason,https://www.fantasypros.com/nfl/projections/rb.php?scoring=STD&week=draft
Kyle Monangai,CHI,42.0,259.2,2.3,6.4,45.6,0.1,0.1,44.8,20250826174831,preseason,https://www.fantasypros.com/nfl/projections/rb.php?scoring=STD&week=draft
Samaje Perine,CIN,41.2,174.7,1.3,17.8,155.1,0.9,0.7,44.7,20250826174831,preseason,https://www.fantasypros.com/nfl/projections/rb.php?scoring=STD&week=draft
Antonio Gibson,NE,51.4,215.4,1.0,16.4,132.7,0.5,0.0,43.6,20250826174831,preseason,https://www.fantasypros.com/nfl/projections/rb.php?scoring=STD&week=draft
Kenneth Gainwell,PIT,58.5,226.6,1.6,12.5,88.5,0.4,0.4,42.9,20250826174831,preseason,https://www.fantasypros.com/nfl/projections/rb.php?scoring=STD&week=draft
Isaac Guerendo,SF,52.2,246.3,2.0,7.5,67.3,0.1,0.4,42.8,20250826174831,preseason,https://www.fantasypros.com/nfl/projections/rb.php?scoring=STD&week=draft
Jarquez Hunter,LAR,57.1,237.7,1.9,7.1,61.0,0.4,0.7,42.3,20250826174831,preseason,https://www.fantasypros.com/nfl/projections/rb.php?scoring=STD&week=draft
Zamir White,LV,56.2,231.4,1.4,10.0,71.0,0.3,0.0,40.6,20250826174831,preseason,https://www.fantasypros.com/nfl/projections/rb.php?scoring=STD&week=draft
Tahj Brooks,CIN,48.8,212.9,1.6,9.2,73.3,0.5,0.7,39.6,20250826174831,preseason,https://www.fantasypros.com/nfl/projections/rb.php?scoring=STD&week=draft
Devin Singletary,NYG,52.1,236.2,1.5,9.4,63.5,0.1,0.4,39.2,20250826174831,preseason,https://www.fantasypros.com/nfl/projections/rb.php?scoring=STD&week=draft
Trevor Etienne,CAR,47.8,191.3,1.5,10.7,86.5,0.4,0.4,38.3,20250826174831,preseason,https://www.fantasypros.com/nfl/projections/rb.php?scoring=STD&week=draft
Will Shipley,PHI,37.4,205.2,1.3,8.3,61.8,0.4,0.1,36.8,20250826174831,preseason,https://www.fantasypros.com/nfl/projections/rb.php?scoring=STD&week=draft
Khalil Herbert,IND,60.4,215.4,1.6,7.7,43.8,0.2,0.0,36.5,20250826174831,preseason,https://www.fantasypros.com/nfl/projections/rb.php?scoring=STD&week=draft
Elijah Mitchell,KC,60.5,203.8,1.6,7.2,40.6,0.4,0.1,36.2,20250826174831,preseason,https://www.fantasypros.com/nfl/projections/rb.php?scoring=STD&week=draft
Sean Tucker,TB,44.8,231.3,1.4,5.2,40.2,0.3,0.7,36.1,20250826174831,preseason,https://www.fantasypros.com/nfl/projections/rb.php?scoring=STD&week=draft
Devin Neal,NO,39.1,205.0,1.3,7.2,53.1,0.4,0.1,36.0,20250826174831,preseason,https://www.fantasypros.com/nfl/projections/rb.php?scoring=STD&week=draft
Jaleel McLaughlin,DEN,35.3,156.4,0.9,18.0,108.5,0.9,0.5,35.9,20250826174831,preseason,https://www.fantasypros.com/nfl/projections/rb.php?scoring=STD&week=draft
Emanuel Wilson,GB,32.7,178.0,1.3,9.2,67.2,0.6,0.5,34.3,20250826174831,preseason,https://www.fantasypros.com/nfl/projections/rb.php?scoring=STD&week=draft
A.J. Dillon,PHI,50.1,194.6,1.6,3.6,28.6,0.1,0.0,32.3,20250826174831,preseason,https://www.fantasypros.com/nfl/projections/rb.php?scoring=STD&week=draft
DJ Giddens,IND,23.6,163.2,1.3,7.6,56.4,0.1,0.0,30.3,20250826174831,preseason,https://www.fantasypros.com/nfl/projections/rb.php?scoring=STD&week=draft
Amar Johnson,GB,35.0,164.0,1.0,2.0,26.0,0.0,0.0,25.0,20250826174831,preseason,https://www.fantasypros.com/nfl/projections/rb.php?scoring=STD&week=draft
Isaiah Davis,NYJ,30.7,152.3,0.9,4.9,35.7,0.1,0.0,24.5,20250826174831,preseason,https://www.fantasypros.com/nfl/projections/rb.php?scoring=STD&week=draft
Zavier Scott,MIN,32.0,153.0,1.0,3.0,29.0,0.0,0.0,24.2,20250826174831,preseason,https://www.fantasypros.com/nfl/projections/rb.php?scoring=STD&week=draft
Chris Brooks,GB,30.9,139.1,0.9,5.0,32.1,0.0,0.0,22.9,20250826174831,preseason,https://www.fantasypros.com/nfl/projections/rb.php?scoring=STD&week=draft
Kimani Vidal,LAC,24.9,110.2,0.8,6.4,48.3,0.3,0.0,22.2,20250826174831,preseason,https://www.fantasypros.com/nfl/projections/rb.php?scoring=STD&week=draft
Clyde Edwards-Helaire,NO,36.9,113.8,0.6,5.7,42.9,0.3,0.1,20.5,20250826174831,preseason,https://www.fantasypros.com/nfl/projections/rb.php?scoring=STD&week=draft
Kyle Juszczyk,SF,5.4,22.5,0.3,13.1,125.0,0.7,0.4,20.5,20250826174831,preseason,https://www.fantasypros.com/nfl/projections/rb.php?scoring=STD&week=draft
Tyler Goodson,IND,30.0,109.7,0.7,4.7,31.3,0.3,0.0,20.1,20250826174831,preseason,https://www.fantasypros.com/nfl/projections/rb.php?scoring=STD&week=draft
Dameon Pierce,HOU,19.3,125.1,0.8,5.1,33.6,0.1,0.7,20.0,20250826174831,preseason,https://www.fantasypros.com/nfl/projections/rb.php?scoring=STD&week=draft
Brashard Smith,KC,9.9,78.9,0.5,8.3,61.7,0.5,0.0,19.8,20250826174831,preseason,https://www.fantasypros.com/nfl/projections/rb.php?scoring=STD&week=draft
Hassan Haskins,LAC,30.8,89.3,0.7,5.3,42.2,0.5,0.3,19.4,20250826174831,preseason,https://www.fantasypros.com/nfl/projections/rb.php?scoring=STD&week=draft
Sincere McCormick,LV,23.7,112.9,0.8,4.3,29.9,0.1,0.1,19.2,20250826174831,preseason,https://www.fantasypros.com/nfl/projections/rb.php?scoring=STD&week=draft
Emari Demercado,ARI,18.7,106.3,0.4,8.1,54.1,0.1,0.0,19.1,20250826174831,preseason,https://www.fantasypros.com/nfl/projections/rb.php?scoring=STD&week=draft
Ty Chandler,MIN,18.9,96.3,0.7,5.0,34.7,0.1,0.0,17.7,20250826174831,preseason,https://www.fantasypros.com/nfl/projections/rb.php?scoring=STD&week=draft
Jeremy McNichols,WAS,21.9,93.0,1.1,2.7,15.3,0.0,0.0,17.7,20250826174831,preseason,https://www.fantasypros.com/nfl/projections/rb.php?scoring=STD&week=draft
Julius Chestnut,TEN,10.4,70.9,0.5,5.5,40.2,0.2,0.0,14.9,20250826174831,preseason,https://www.fantasypros.com/nfl/projections/rb.php?scoring=STD&week=draft
Kalel Mullings,TEN,10.4,84.0,0.6,3.0,21.8,0.0,0.0,14.5,20250826174831,preseason,https://www.fantasypros.com/nfl/projections/rb.php?scoring=STD&week=draft
Michael Burton,DEN,6.7,14.6,0.6,7.1,45.6,0.6,0.0,13.0,20250826174831,preseason,https://www.fantasypros.com/nfl/projections/rb.php?scoring=STD&week=draft
George Holani,SEA,0.0,79.0,0.5,2.0,14.5,0.0,0.0,12.4,20250826174831,preseason,https://www.fantasypros.com/nfl/projections/rb.php?scoring=STD&week=draft
Craig Reynolds,DET,8.5,38.0,0.1,6.9,55.1,0.4,0.0,12.3,20250826174831,preseason,https://www.fantasypros.com/nfl/projections/rb.php?scoring=STD&week=draft
Ronnie Rivers,LAR,31.7,90.3,0.5,0.3,2.3,0.0,0.0,12.2,20250826174831,preseason,https://www.fantasypros.com/nfl/projections/rb.php?scoring=STD&week=draft
Travis Homer,CHI,21.6,69.8,0.3,3.4,25.7,0.1,0.0,12.1,20250826174831,preseason,https://www.fantasypros.com/nfl/projections/rb.php?scoring=STD&week=draft
Alec Ingold,MIA,8.9,21.5,0.6,6.1,44.1,0.4,0.4,11.7,20250826174831,preseason,https://www.fantasypros.com/nfl/projections/rb.php?scoring=STD&week=draft
C.J. Ham,MIN,3.0,13.6,1.0,5.3,34.8,0.1,0.0,11.3,20250826174831,preseason,https://www.fantasypros.com/nfl/projections/rb.php?scoring=STD&week=draft
Michael Carter,ARI,9.6,41.2,0.2,6.6,45.0,0.3,0.0,11.3,20250826174831,preseason,https://www.fantasypros.com/nfl/projections/rb.php?scoring=STD&week=draft
Jordan Mims,TEN,15.8,66.5,0.3,2.2,15.4,0.1,0.0,10.6,20250826174831,preseason,https://www.fantasypros.com/nfl/projections/rb.php?scoring=STD&week=draft
Raheem Blackshear,CAR,23.0,66.0,0.4,2.9,21.0,0.1,0.5,10.4,20250826174831,preseason,https://www.fantasypros.com/nfl/projections/rb.php?scoring=STD&week=draft
Phil Mafah,DAL,0.0,61.5,0.5,1.5,11.0,0.0,0.0,10.3,20250826174831,preseason,https://www.fantasypros.com/nfl/projections/rb.php?scoring=STD&week=draft
Jordan James,SF,18.2,63.0,0.4,1.0,12.0,0.0,0.0,9.8,20250826174831,preseason,https://www.fantasypros.com/nfl/projections/rb.php?scoring=STD&week=draft
Dare Ogunbowale,HOU,6.5,38.4,0.1,5.6,42.4,0.2,0.0,9.7,20250826174831,preseason,https://www.fantasypros.com/nfl/projections/rb.php?scoring=STD&week=draft
Israel Abanikanda,GB,13.3,54.8,0.4,1.3,10.5,0.1,0.0,9.2,20250826174831,preseason,https://www.fantasypros.com/nfl/projections/rb.php?scoring=STD&week=draft
Kenny McIntosh,SEA,8.2,35.1,0.2,4.1,30.1,0.2,0.0,8.7,20250826174831,preseason,https://www.fantasypros.com/nfl/projections/rb.php?scoring=STD&week=draft
Jeff Wilson Jr.,SF,13.0,42.1,0.2,2.4,18.6,0.1,0.0,8.3,20250826174831,preseason,https://www.fantasypros.com/nfl/projections/rb.php?scoring=STD&week=draft
Frank Gore Jr.,BUF,10.2,42.8,0.2,2.0,15.0,0.1,0.0,7.7,20250826174831,preseason,https://www.fantasypros.com/nfl/projections/rb.php?scoring=STD&week=draft
Patrick Ricard,BAL,4.1,11.5,0.1,3.4,27.6,0.5,0.0,7.4,20250826174831,preseason,https://www.fantasypros.com/nfl/projections/rb.php?scoring=STD&week=draft
LeQuint Allen Jr.,JAC,4.0,29.4,0.6,1.5,11.0,0.0,0.0,7.3,20250826174831,preseason,https://www.fantasypros.com/nfl/projections/rb.php?scoring=STD&week=draft
Deuce Vaughn,DAL,8.9,35.0,0.1,3.2,21.6,0.1,0.0,7.0,20250826174831,preseason,https://www.fantasypros.com/nfl/projections/rb.php?scoring=STD&week=draft
Gary Brightwell,CIN,8.0,33.7,0.2,2.4,17.1,0.1,0.0,6.9,20250826174831,preseason,https://www.fantasypros.com/nfl/projections/rb.php?scoring=STD&week=draft
Eric Gray,NYG,11.9,42.7,0.2,1.9,14.4,0.1,0.5,6.0,20250826174831,preseason,https://www.fantasypros.com/nfl/projections/rb.php?scoring=STD&week=draft
Jashaun Corbin,ATL,9.3,35.1,0.2,1.5,10.6,0.0,0.0,5.7,20250826174831,preseason,https://www.fantasypros.com/nfl/projections/rb.php?scoring=STD&week=draft
Rasheen Ali,BAL,5.2,33.3,0.1,1.4,10.2,0.1,0.0,5.1,20250826174831,preseason,https://www.fantasypros.com/nfl/projections/rb.php?scoring=STD&week=draft
Darrynton Evans,BUF,5.1,21.3,0.1,1.9,15.4,0.1,0.0,4.9,20250826174831,preseason,https://www.fantasypros.com/nfl/projections/rb.php?scoring=STD&week=draft
Hunter Luepke,DAL,4.2,14.5,0.1,3.9,26.7,0.1,0.0,4.8,20250826174831,preseason,https://www.fantasypros.com/nfl/projections/rb.php?scoring=STD&week=draft
DeeJay Dallas,ARI,5.8,22.2,0.1,3.1,21.4,0.1,0.5,4.4,20250826174831,preseason,https://www.fantasypros.com/nfl/projections/rb.php?scoring=STD&week=draft
Trey Sermon,PIT,5.0,20.8,0.1,1.6,11.5,0.1,0.0,3.9,20250826174831,preseason,https://www.fantasypros.com/nfl/projections/rb.php?scoring=STD&week=draft
Zonovan Knight,ARI,2.4,10.1,0.1,2.1,15.3,0.1,0.0,3.6,20250826174831,preseason,https://www.fantasypros.com/nfl/projections/rb.php?scoring=STD&week=draft
Velus Jones Jr.,NO,2.4,10.4,0.1,2.0,13.7,0.1,0.0,3.4,20250826174831,preseason,https://www.fantasypros.com/nfl/projections/rb.php?scoring=STD&week=draft
Terrell Jennings,NE,2.4,10.1,0.1,1.9,14.5,0.1,0.0,3.3,20250826174831,preseason,https://www.fantasypros.com/nfl/projections/rb.php?scoring=STD&week=draft
Dylan Laube,LV,0.0,10.0,0.0,1.5,11.0,0.0,0.0,2.1,20250826174831,preseason,https://www.fantasypros.com/nfl/projections/rb.php?scoring=STD&week=draft
Robbie Ouzts,SEA,0.0,0.0,0.0,2.0,14.8,0.1,0.0,1.9,20250826174831,preseason,https://www.fantasypros.com/nfl/projections/rb.php?scoring=STD&week=draft
Carlos Washington Jr.,ATL,0.0,15.0,0.0,0.5,3.5,0.0,0.0,1.9,20250826174831,preseason,https://www.fantasypros.com/nfl/projections/rb.php?scoring=STD&week=draft
Scott Matlock,LAC,0.0,0.0,0.0,2.2,14.7,0.1,0.0,1.8,20250826174831,preseason,https://www.fantasypros.com/nfl/projections/rb.php?scoring=STD&week=draft
Raheim Sanders,LAC,0.0,10.5,0.0,1.0,7.5,0.0,0.0,1.8,20250826174831,preseason,https://www.fantasypros.com/nfl/projections/rb.php?scoring=STD&week=draft
Lan Larison,NE,0.0,6.0,0.0,1.5,11.0,0.0,0.0,1.7,20250826174831,preseason,https://www.fantasypros.com/nfl/projections/rb.php?scoring=STD&week=draft
Tyler Badie,DEN,0.0,10.5,0.0,0.5,3.5,0.0,0.0,1.4,20250826174831,preseason,https://www.fantasypros.com/nfl/projections/rb.php?scoring=STD&week=draft
Trayveon Williams,CLE,1.2,5.1,0.0,1.0,7.0,0.0,0.0,1.4,20250826174831,preseason,https://www.fantasypros.com/nfl/projections/rb.php?scoring=STD&week=draft
Avery Williams,PHI,1.4,5.7,0.0,1.6,10.9,0.1,0.5,1.0,20250826174831,preseason,https://www.fantasypros.com/nfl/projections/rb.php?scoring=STD&week=draft
Sione Vaki,DET,0.0,4.5,0.0,0.5,3.5,0.0,0.0,0.8,20250826174831,preseason,https://www.fantasypros.com/nfl/projections/rb.php?scoring=STD&week=draft
JaMycal Hasty,NE,0.0,4.0,0.0,0.5,3.5,0.0,0.0,0.8,20250826174831,preseason,https://www.fantasypros.com/nfl/projections/rb.php?scoring=STD&week=draft
Patrick Taylor Jr.,SF,0.0,4.0,0.0,0.5,3.5,0.0,0.0,0.8,20250826174831,preseason,https://www.fantasypros.com/nfl/projections/rb.php?scoring=STD&week=draft
Keilan Robinson,PHI,0.0,2.0,0.0,0.5,3.5,0.0,0.0,0.6,20250826174831,preseason,https://www.fantasypros.com/nfl/projections/rb.php?scoring=STD&week=draft
D'Ernest Johnson,BAL,0.0,2.0,0.0,0.5,3.0,0.0,0.0,0.5,20250826174831,preseason,https://www.fantasypros.com/nfl/projections/rb.php?scoring=STD&week=draft
Myles Gaskin,BAL,0.0,0.0,0.0,0.0,0.0,0.0,0.0,0.0,20250826174831,preseason,https://www.fantasypros.com/nfl/projections/rb.php?scoring=STD&week=draft
Nyheim Miller-Hines,LAC,0.0,0.0,0.0,0.0,0.0,0.0,0.0,0.0,20250826174831,preseason,https://www.fantasypros.com/nfl/projections/rb.php?scoring=STD&week=draft
Alexander Mattison,MIA,0.0,0.0,0.0,0.0,0.0,0.0,0.0,0.0,20250826174831,preseason,https://www.fantasypros.com/nfl/projections/rb.php?scoring=STD&week=draft
Andrew Beck,NYJ,0.0,0.0,0.0,0.0,0.0,0.0,0.0,0.0,20250826174831,preseason,https://www.fantasypros.com/nfl/projections/rb.php?scoring=STD&week=draft
Jakob Johnson,HOU,0.0,0.0,0.0,0.0,0.0,0.0,0.0,0.0,20250826174831,preseason,https://www.fantasypros.com/nfl/projections/rb.php?scoring=STD&week=draft
Salvon Ahmed,IND,0.0,0.0,0.0,0.0,0.0,0.0,0.0,0.0,20250826174831,preseason,https://www.fantasypros.com/nfl/projections/rb.php?scoring=STD&week=draft
Reggie Gilliam,BUF,0.0,0.0,0.0,0.0,0.0,0.0,0.0,0.0,20250826174831,preseason,https://www.fantasypros.com/nfl/projections/rb.php?scoring=STD&week=draft
Jermar Jefferson,TEN,0.0,0.0,0.0,0.0,0.0,0.0,0.0,0.0,20250826174831,preseason,https://www.fantasypros.com/nfl/projections/rb.php?scoring=STD&week=draft
Demetric Felton Jr.,WAS,0.0,0.0,0.0,0.0,0.0,0.0,0.0,0.0,20250826174831,preseason,https://www.fantasypros.com/nfl/projections/rb.php?scoring=STD&week=draft
Kene Nwangwu,NYJ,0.0,0.0,0.0,0.0,0.0,0.0,0.0,0.0,20250826174831,preseason,https://www.fantasypros.com/nfl/projections/rb.php?scoring=STD&week=draft
Jaret Patterson,LAC,0.0,0.0,0.0,0.0,0.0,0.0,0.0,0.0,20250826174831,preseason,https://www.fantasypros.com/nfl/projections/rb.php?scoring=STD&week=draft
Deon Jackson,DET,0.0,0.0,0.0,0.0,0.0,0.0,0.0,0.0,20250826174831,preseason,https://www.fantasypros.com/nfl/projections/rb.php?scoring=STD&week=draft
Adam Prentice,DEN,0.0,0.0,0.0,0.0,0.0,0.0,0.0,0.0,20250826174831,preseason,https://www.fantasypros.com/nfl/projections/rb.php?scoring=STD&week=draft
Tyrion Davis-Price,GB,0.0,0.0,0.0,0.0,0.0,0.0,0.0,0.0,20250826174831,preseason,https://www.fantasypros.com/nfl/projections/rb.php?scoring=STD&week=draft
Keaontay Ingram,KC,0.0,0.0,0.0,0.0,0.0,0.0,0.0,0.0,20250826174831,preseason,https://www.fantasypros.com/nfl/projections/rb.php?scoring=STD&week=draft
Brittain Brown,CHI,0.0,0.0,0.0,0.0,0.0,0.0,0.0,0.0,20250826174831,preseason,https://www.fantasypros.com/nfl/projections/rb.php?scoring=STD&week=draft
Malik Davis,DAL,0.0,0.0,0.0,0.0,0.0,0.0,0.0,0.0,20250826174831,preseason,https://www.fantasypros.com/nfl/projections/rb.php?scoring=STD&week=draft
Deneric Prince,NE,0.0,0.0,0.0,0.0,0.0,0.0,0.0,0.0,20250826174831,preseason,https://www.fantasypros.com/nfl/projections/rb.php?scoring=STD&week=draft
Ben VanSumeren,PHI,0.0,0.0,0.0,0.0,0.0,0.0,0.0,0.0,20250826174831,preseason,https://www.fantasypros.com/nfl/projections/rb.php?scoring=STD&week=draft
Brady Russell,SEA,0.0,0.0,0.0,0.0,0.0,0.0,0.0,0.0,20250826174831,preseason,https://www.fantasypros.com/nfl/projections/rb.php?scoring=STD&week=draft
Jonathon Brooks,CAR,0.0,0.0,0.0,0.0,0.0,0.0,0.0,0.0,20250826174831,preseason,https://www.fantasypros.com/nfl/projections/rb.php?scoring=STD&week=draft
Jawhar Jordan,HOU,0.0,0.0,0.0,0.0,0.0,0.0,0.0,0.0,20250826174831,preseason,https://www.fantasypros.com/nfl/projections/rb.php?scoring=STD&week=draft
Blake Watson,DEN,0.0,0.0,0.0,0.0,0.0,0.0,0.0,0.0,20250826174831,preseason,https://www.fantasypros.com/nfl/projections/rb.php?scoring=STD&week=draft
Michael Wiley,KC,0.0,0.0,0.0,0.0,0.0,0.0,0.0,0.0,20250826174831,preseason,https://www.fantasypros.com/nfl/projections/rb.php?scoring=STD&week=draft
British Brooks,HOU,0.0,0.0,0.0,0.0,0.0,0.0,0.0,0.0,20250826174831,preseason,https://www.fantasypros.com/nfl/projections/rb.php?scoring=STD&week=draft
Cody Schrader,LAR,0.0,0.0,0.0,0.0,0.0,0.0,0.0,0.0,20250826174831,preseason,https://www.fantasypros.com/nfl/projections/rb.php?scoring=STD&week=draft
Kendall Milton,CIN,0.0,0.0,0.0,0.0,0.0,0.0,0.0,0.0,20250826174831,preseason,https://www.fantasypros.com/nfl/projections/rb.php?scoring=STD&week=draft
Chris Collier,LV,0.0,0.0,0.0,0.0,0.0,0.0,0.0,0.0,20250826174831,preseason,https://www.fantasypros.com/nfl/projections/rb.php?scoring=STD&week=draft
Donovan Edwards,NYJ,0.0,0.0,0.0,0.0,0.0,0.0,0.0,0.0,20250826174831,preseason,https://www.fantasypros.com/nfl/projections/rb.php?scoring=STD&week=draft
Corey Kiner,SF,0.0,0.0,0.0,0.0,0.0,0.0,0.0,0.0,20250826174831,preseason,https://www.fantasypros.com/nfl/projections/rb.php?scoring=STD&week=draft
