name,team,rec,rec_yd,rec_td,rush_att,rush_yd,rush_td,fum_lost,fpts_page,snapshot,kind,url
CeeDee Lamb,DAL,116.0,1488.4,9.7,9.8,68.4,0.8,1.1,216.3,20241216214250,post-kickoff static,https://www.fantasypros.com/nfl/projections/wr.php?week=draft
Tyreek Hill,MIA,110.0,1544.6,9.9,5.2,30.5,0.1,1.0,215.8,20241216214250,post-kickoff static,https://www.fantasypros.com/nfl/projections/wr.php?week=draft
Ja'Marr Chase,CIN,106.5,1354.7,8.9,3.0,12.6,0.1,0.7,189.1,20241216214250,post-kickoff static,https://www.fantasypros.com/nfl/projections/wr.php?week=draft
Justin Jefferson,MIN,105.5,1447.5,7.4,1.2,3.8,0.0,1.0,187.9,20241216214250,post-kickoff static,https://www.fantasypros.com/nfl/projections/wr.php?week=draft
Amon-Ra St. Brown,DET,111.0,1351.1,8.2,4.5,31.3,0.1,0.9,186.1,20241216214250,post-kickoff static,https://www.fantasypros.com/nfl/projections/wr.php?week=draft
A.J. Brown,PHI,92.9,1316.7,8.2,0.0,1.4,0.0,1.3,178.6,20241216214250,post-kickoff static,https://www.fantasypros.com/nfl/projections/wr.php?week=draft
Puka Nacua,LAR,94.7,1299.0,7.2,8.9,54.7,0.2,0.7,178.1,20241216214250,post-kickoff static,https://www.fantasypros.com/nfl/projections/wr.php?week=draft
Garrett Wilson,NYJ,95.2,1190.5,8.2,3.9,19.2,0.1,1.3,167.9,20241216214250,post-kickoff static,https://www.fantasypros.com/nfl/projections/wr.php?week=draft
Deebo Samuel Sr.,SF,66.9,924.7,5.9,35.8,208.4,3.1,1.0,165.0,20241216214250,post-kickoff static,https://www.fantasypros.com/nfl/projections/wr.php?week=draft
Mike Evans,TB,75.6,1121.4,8.4,0.0,1.2,0.0,0.5,161.7,20241216214250,post-kickoff static,https://www.fantasypros.com/nfl/projections/wr.php?week=draft
Nico Collins,HOU,78.5,1152.2,7.4,1.4,8.6,0.0,0.5,159.7,20241216214250,post-kickoff static,https://www.fantasypros.com/nfl/projections/wr.php?week=draft
Chris Olave,NO,89.9,1201.3,6.5,0.0,1.0,0.0,0.6,158.1,20241216214250,post-kickoff static,https://www.fantasypros.com/nfl/projections/wr.php?week=draft
Marvin Harrison Jr.,ARI,88.4,1175.1,6.8,0.5,3.6,0.0,1.5,155.6,20241216214250,post-kickoff static,https://www.fantasypros.com/nfl/projections/wr.php?week=draft
Brandon Aiyuk,SF,75.2,1130.7,7.2,0.8,4.0,0.0,0.9,155.2,20241216214250,post-kickoff static,https://www.fantasypros.com/nfl/projections/wr.php?week=draft
Drake London,ATL,87.9,1139.9,7.0,0.0,2.2,0.0,0.9,154.6,20241216214250,post-kickoff static,https://www.fantasypros.com/nfl/projections/wr.php?week=draft
DK Metcalf,SEA,73.6,1065.8,8.1,0.0,1.2,0.0,0.5,154.2,20241216214250,post-kickoff static,https://www.fantasypros.com/nfl/projections/wr.php?week=draft
Davante Adams,NYJ,93.0,1128.8,6.5,0.0,1.0,0.0,0.5,151.0,20241216214250,post-kickoff static,https://www.fantasypros.com/nfl/projections/wr.php?week=draft
Cooper Kupp,LAR,85.9,1060.8,7.3,2.9,17.4,0.1,0.5,150.7,20241216214250,post-kickoff static,https://www.fantasypros.com/nfl/projections/wr.php?week=draft
DeVonta Smith,PHI,84.8,1081.1,7.1,0.0,1.2,0.0,0.9,149.0,20241216214250,post-kickoff static,https://www.fantasypros.com/nfl/projections/wr.php?week=draft
Jaylen Waddle,MIA,81.8,1123.7,5.7,3.6,21.1,0.1,0.5,148.3,20241216214250,post-kickoff static,https://www.fantasypros.com/nfl/projections/wr.php?week=draft
DJ Moore,CHI,76.1,1047.0,7.0,2.3,15.1,0.2,0.9,147.7,20241216214250,post-kickoff static,https://www.fantasypros.com/nfl/projections/wr.php?week=draft
Amari Cooper,BUF,72.9,1106.6,6.3,0.0,1.0,0.0,0.9,146.7,20241216214250,post-kickoff static,https://www.fantasypros.com/nfl/projections/wr.php?week=draft
Tee Higgins,CIN,71.6,1024.4,7.5,0.0,1.0,0.0,0.5,146.5,20241216214250,post-kickoff static,https://www.fantasypros.com/nfl/projections/wr.php?week=draft
George Pickens,PIT,70.7,1089.2,6.0,2.6,16.9,0.0,0.9,145.2,20241216214250,post-kickoff static,https://www.fantasypros.com/nfl/projections/wr.php?week=draft
Tank Dell,HOU,70.0,954.6,7.0,11.1,61.6,0.2,0.6,143.2,20241216214250,post-kickoff static,https://www.fantasypros.com/nfl/projections/wr.php?week=draft
Stefon Diggs,HOU,85.1,1032.2,6.6,1.9,9.1,0.1,1.0,142.1,20241216214250,post-kickoff static,https://www.fantasypros.com/nfl/projections/wr.php?week=draft
Malik Nabers,NYG,81.2,1076.7,5.9,0.5,5.0,0.0,1.2,141.0,20241216214250,post-kickoff static,https://www.fantasypros.com/nfl/projections/wr.php?week=draft
Calvin Ridley,TEN,71.2,975.0,7.0,2.9,14.8,0.0,0.5,139.9,20241216214250,post-kickoff static,https://www.fantasypros.com/nfl/projections/wr.php?week=draft
Zay Flowers,BAL,79.4,964.6,6.2,7.4,46.3,0.6,1.0,139.7,20241216214250,post-kickoff static,https://www.fantasypros.com/nfl/projections/wr.php?week=draft
Rashee Rice,KC,80.7,959.8,7.1,1.5,7.0,0.0,1.0,137.6,20241216214250,post-kickoff static,https://www.fantasypros.com/nfl/projections/wr.php?week=draft
Michael Pittman Jr.,IND,96.7,1062.2,5.1,0.3,3.0,0.0,1.0,134.8,20241216214250,post-kickoff static,https://www.fantasypros.com/nfl/projections/wr.php?week=draft
Chris Godwin,TB,83.2,989.5,5.3,2.7,20.9,0.3,0.5,133.0,20241216214250,post-kickoff static,https://www.fantasypros.com/nfl/projections/wr.php?week=draft
Christian Kirk,JAC,80.9,1008.2,5.4,1.0,6.4,0.0,1.3,131.5,20241216214250,post-kickoff static,https://www.fantasypros.com/nfl/projections/wr.php?week=draft
Jayden Reed,GB,64.1,795.9,5.9,9.0,73.7,1.2,0.6,128.0,20241216214250,post-kickoff static,https://www.fantasypros.com/nfl/projections/wr.php?week=draft
Terry McLaurin,WAS,76.4,1009.9,4.6,0.3,2.2,0.0,0.5,127.9,20241216214250,post-kickoff static,https://www.fantasypros.com/nfl/projections/wr.php?week=draft
Diontae Johnson,BAL,72.8,906.0,5.8,1.0,7.2,0.0,0.6,124.8,20241216214250,post-kickoff static,https://www.fantasypros.com/nfl/projections/wr.php?week=draft
Christian Watson,GB,53.7,779.6,7.0,4.2,24.6,0.3,0.5,122.8,20241216214250,post-kickoff static,https://www.fantasypros.com/nfl/projections/wr.php?week=draft
Keenan Allen,CHI,79.7,895.0,5.6,1.0,6.3,0.0,1.0,122.0,20241216214250,post-kickoff static,https://www.fantasypros.com/nfl/projections/wr.php?week=draft
Xavier Worthy,KC,57.0,828.7,6.0,3.7,23.2,0.1,0.8,119.8,20241216214250,post-kickoff static,https://www.fantasypros.com/nfl/projections/wr.php?week=draft
Courtland Sutton,DEN,65.8,850.1,6.1,0.0,1.2,0.0,1.3,119.1,20241216214250,post-kickoff static,https://www.fantasypros.com/nfl/projections/wr.php?week=draft
DeAndre Hopkins,KC,64.7,851.3,5.7,0.3,2.8,0.0,0.5,118.8,20241216214250,post-kickoff static,https://www.fantasypros.com/nfl/projections/wr.php?week=draft
Jordan Addison,MIN,64.9,833.8,5.9,0.3,4.0,0.0,0.5,117.8,20241216214250,post-kickoff static,https://www.fantasypros.com/nfl/projections/wr.php?week=draft
Rome Odunze,CHI,62.5,852.2,5.4,1.0,6.4,0.0,1.1,116.1,20241216214250,post-kickoff static,https://www.fantasypros.com/nfl/projections/wr.php?week=draft
Jameson Williams,DET,55.2,775.5,4.8,4.5,42.2,0.7,0.6,113.9,20241216214250,post-kickoff static,https://www.fantasypros.com/nfl/projections/wr.php?week=draft
Jaxon Smith-Njigba,SEA,75.6,828.4,5.3,0.0,2.0,0.0,0.6,113.6,20241216214250,post-kickoff static,https://www.fantasypros.com/nfl/projections/wr.php?week=draft
Brian Thomas Jr.,JAC,63.2,845.2,5.0,0.7,6.0,0.0,1.1,113.0,20241216214250,post-kickoff static,https://www.fantasypros.com/nfl/projections/wr.php?week=draft
Marquise Brown,KC,56.7,755.1,6.1,1.2,10.3,0.0,0.4,112.3,20241216214250,post-kickoff static,https://www.fantasypros.com/nfl/projections/wr.php?week=draft
Ladd McConkey,LAC,66.2,822.4,5.1,1.1,6.7,0.0,1.1,111.0,20241216214250,post-kickoff static,https://www.fantasypros.com/nfl/projections/wr.php?week=draft
Jerry Jeudy,CLE,61.9,850.8,4.3,0.3,5.3,0.0,0.6,110.5,20241216214250,post-kickoff static,https://www.fantasypros.com/nfl/projections/wr.php?week=draft
Tyler Lockett,SEA,66.3,759.7,5.2,0.0,1.5,0.0,0.5,106.1,20241216214250,post-kickoff static,https://www.fantasypros.com/nfl/projections/wr.php?week=draft
Joshua Palmer,LAC,62.1,787.1,4.7,0.3,2.8,0.0,0.9,105.6,20241216214250,post-kickoff static,https://www.fantasypros.com/nfl/projections/wr.php?week=draft
Curtis Samuel,BUF,61.0,663.1,4.6,11.3,66.7,1.0,0.5,105.5,20241216214250,post-kickoff static,https://www.fantasypros.com/nfl/projections/wr.php?week=draft
Gabe Davis,JAC,50.0,739.2,5.5,0.3,1.3,0.0,0.9,105.1,20241216214250,post-kickoff static,https://www.fantasypros.com/nfl/projections/wr.php?week=draft
Mike Williams,PIT,56.1,752.6,4.9,2.3,9.2,0.0,0.5,104.6,20241216214250,post-kickoff static,https://www.fantasypros.com/nfl/projections/wr.php?week=draft
Brandin Cooks,DAL,56.5,692.6,5.6,3.4,20.7,0.1,0.5,104.4,20241216214250,post-kickoff static,https://www.fantasypros.com/nfl/projections/wr.php?week=draft
Khalil Shakir,BUF,59.2,776.0,4.5,0.3,3.2,0.0,0.2,104.4,20241216214250,post-kickoff static,https://www.fantasypros.com/nfl/projections/wr.php?week=draft
Jakobi Meyers,LV,64.7,728.2,4.6,2.4,15.6,0.3,0.5,102.9,20241216214250,post-kickoff static,https://www.fantasypros.com/nfl/projections/wr.php?week=draft
Keon Coleman,BUF,55.8,745.4,5.0,1.0,4.8,0.0,1.1,102.7,20241216214250,post-kickoff static,https://www.fantasypros.com/nfl/projections/wr.php?week=draft
Rashid Shaheed,NO,51.4,742.1,4.2,4.3,33.2,0.0,0.9,101.4,20241216214250,post-kickoff static,https://www.fantasypros.com/nfl/projections/wr.php?week=draft
Romeo Doubs,GB,55.9,685.8,5.6,0.0,1.5,0.0,0.5,101.3,20241216214250,post-kickoff static,https://www.fantasypros.com/nfl/projections/wr.php?week=draft
Darnell Mooney,ATL,50.9,703.4,4.1,2.1,12.1,0.1,0.2,96.5,20241216214250,post-kickoff static,https://www.fantasypros.com/nfl/projections/wr.php?week=draft
DeMario Douglas,NE,61.6,736.4,3.2,8.4,44.4,0.1,0.9,96.3,20241216214250,post-kickoff static,https://www.fantasypros.com/nfl/projections/wr.php?week=draft
Adam Thielen,CAR,69.0,695.6,4.5,0.3,3.0,0.0,0.6,95.6,20241216214250,post-kickoff static,https://www.fantasypros.com/nfl/projections/wr.php?week=draft
John Stephens Jr.,DAL,53.0,711.0,4.0,2.0,10.0,0.0,2.0,92.1,20241216214250,post-kickoff static,https://www.fantasypros.com/nfl/projections/wr.php?week=draft
Ja'Lynn Polk,NE,58.7,723.0,3.2,0.7,5.8,0.0,0.8,90.7,20241216214250,post-kickoff static,https://www.fantasypros.com/nfl/projections/wr.php?week=draft
Dontayvion Wicks,GB,46.1,614.7,4.8,0.3,3.8,0.0,0.5,89.4,20241216214250,post-kickoff static,https://www.fantasypros.com/nfl/projections/wr.php?week=draft
Adonai Mitchell,IND,48.6,657.2,3.8,0.7,4.8,0.0,0.8,87.3,20241216214250,post-kickoff static,https://www.fantasypros.com/nfl/projections/wr.php?week=draft
Michael Wilson,ARI,49.8,651.1,3.7,0.0,1.3,0.0,0.2,86.8,20241216214250,post-kickoff static,https://www.fantasypros.com/nfl/projections/wr.php?week=draft
Demarcus Robinson,LAR,45.8,587.1,4.4,0.3,7.8,0.0,0.6,84.6,20241216214250,post-kickoff static,https://www.fantasypros.com/nfl/projections/wr.php?week=draft
DJ Chark Jr.,LAC,39.1,560.7,4.7,0.0,1.8,0.0,0.5,83.6,20241216214250,post-kickoff static,https://www.fantasypros.com/nfl/projections/wr.php?week=draft
Josh Downs,IND,54.9,626.5,3.3,0.0,5.3,0.0,0.5,81.9,20241216214250,post-kickoff static,https://www.fantasypros.com/nfl/projections/wr.php?week=draft
Rashod Bateman,BAL,46.2,604.9,3.5,0.3,4.5,0.0,0.2,81.5,20241216214250,post-kickoff static,https://www.fantasypros.com/nfl/projections/wr.php?week=draft
Wan'Dale Robinson,NYG,61.1,567.6,2.8,8.1,58.1,0.5,0.5,81.0,20241216214250,post-kickoff static,https://www.fantasypros.com/nfl/projections/wr.php?week=draft
Darius Slayton,NYG,43.4,612.3,3.2,0.0,1.3,0.0,0.1,80.3,20241216214250,post-kickoff static,https://www.fantasypros.com/nfl/projections/wr.php?week=draft
Xavier Legette,CAR,45.6,593.3,3.0,2.8,17.2,0.1,0.4,78.9,20241216214250,post-kickoff static,https://www.fantasypros.com/nfl/projections/wr.php?week=draft
Josh Reynolds,JAC,41.0,532.4,3.6,0.0,1.5,0.0,0.5,74.2,20241216214250,post-kickoff static,https://www.fantasypros.com/nfl/projections/wr.php?week=draft
Marvin Mims Jr.,DEN,41.2,541.1,2.6,3.9,23.5,0.1,0.3,72.2,20241216214250,post-kickoff static,https://www.fantasypros.com/nfl/projections/wr.php?week=draft
Jalen McMillan,TB,43.9,524.2,3.3,0.7,7.5,0.0,0.8,71.5,20241216214250,post-kickoff static,https://www.fantasypros.com/nfl/projections/wr.php?week=draft
Quentin Johnston,LAC,40.6,504.7,3.2,1.7,6.8,0.0,0.1,70.2,20241216214250,post-kickoff static,https://www.fantasypros.com/nfl/projections/wr.php?week=draft
Jalin Hyatt,NYG,43.2,539.7,2.5,0.0,1.0,0.0,0.3,68.6,20241216214250,post-kickoff static,https://www.fantasypros.com/nfl/projections/wr.php?week=draft
Kendrick Bourne,NE,39.1,471.3,3.1,2.8,17.1,0.0,0.5,66.8,20241216214250,post-kickoff static,https://www.fantasypros.com/nfl/projections/wr.php?week=draft
Tyler Boyd,TEN,47.4,512.3,2.5,1.3,7.6,0.0,0.5,66.2,20241216214250,post-kickoff static,https://www.fantasypros.com/nfl/projections/wr.php?week=draft
Tim Patrick,DET,38.0,467.0,3.0,0.0,9.0,0.0,0.0,65.6,20241216214250,post-kickoff static,https://www.fantasypros.com/nfl/projections/wr.php?week=draft
Roman Wilson,PIT,37.0,480.0,2.8,0.7,10.0,0.0,0.4,65.0,20241216214250,post-kickoff static,https://www.fantasypros.com/nfl/projections/wr.php?week=draft
Jalen Tolbert,DAL,37.5,464.3,3.0,0.0,2.3,0.0,0.2,64.3,20241216214250,post-kickoff static,https://www.fantasypros.com/nfl/projections/wr.php?week=draft
Jahan Dotson,PHI,35.5,435.7,3.5,0.0,2.0,0.0,0.4,63.7,20241216214250,post-kickoff static,https://www.fantasypros.com/nfl/projections/wr.php?week=draft
Andrei Iosivas,CIN,36.3,424.0,3.2,0.0,3.3,0.0,0.2,61.7,20241216214250,post-kickoff static,https://www.fantasypros.com/nfl/projections/wr.php?week=draft
Jermaine Burton,CIN,34.9,442.6,2.9,0.7,4.3,0.0,0.4,61.6,20241216214250,post-kickoff static,https://www.fantasypros.com/nfl/projections/wr.php?week=draft
Tre Tucker,LV,35.0,424.4,2.4,6.1,39.9,0.2,0.3,61.5,20241216214250,post-kickoff static,https://www.fantasypros.com/nfl/projections/wr.php?week=draft
Ray-Ray McCloud III,ATL,36.5,374.2,2.8,6.9,46.7,0.2,0.2,59.6,20241216214250,post-kickoff static,https://www.fantasypros.com/nfl/projections/wr.php?week=draft
Greg Dortch,ARI,40.9,424.1,2.5,3.2,21.2,0.1,0.1,59.6,20241216214250,post-kickoff static,https://www.fantasypros.com/nfl/projections/wr.php?week=draft
Troy Franklin,DEN,35.6,443.3,2.5,0.0,2.5,0.0,0.1,59.4,20241216214250,post-kickoff static,https://www.fantasypros.com/nfl/projections/wr.php?week=draft
Ricky Pearsall,SF,32.2,393.9,3.0,2.4,15.3,0.1,0.1,59.4,20241216214250,post-kickoff static,https://www.fantasypros.com/nfl/projections/wr.php?week=draft
Noah Brown,WAS,33.9,466.2,2.1,0.3,0.8,0.0,0.1,58.9,20241216214250,post-kickoff static,https://www.fantasypros.com/nfl/projections/wr.php?week=draft
Elijah Moore,CLE,37.2,428.4,2.5,4.4,14.7,0.0,0.8,58.0,20241216214250,post-kickoff static,https://www.fantasypros.com/nfl/projections/wr.php?week=draft
Malachi Corley,NYJ,35.2,404.2,2.5,3.6,24.7,0.1,0.7,56.9,20241216214250,post-kickoff static,https://www.fantasypros.com/nfl/projections/wr.php?week=draft
Luke McCaffrey,WAS,35.9,422.7,2.1,0.7,9.3,0.0,0.4,55.2,20241216214250,post-kickoff static,https://www.fantasypros.com/nfl/projections/wr.php?week=draft
Dyami Brown,WAS,29.7,403.2,2.4,0.0,2.8,0.0,0.1,54.8,20241216214250,post-kickoff static,https://www.fantasypros.com/nfl/projections/wr.php?week=draft
Jonathan Mingo,DAL,36.0,422.8,2.1,0.0,3.0,0.0,0.1,54.7,20241216214250,post-kickoff static,https://www.fantasypros.com/nfl/projections/wr.php?week=draft
Trey Palmer,TB,29.4,344.0,2.3,3.8,21.4,0.1,0.5,49.7,20241216214250,post-kickoff static,https://www.fantasypros.com/nfl/projections/wr.php?week=draft
Kalif Raymond,DET,28.9,356.9,1.9,2.2,24.6,0.1,0.2,49.6,20241216214250,post-kickoff static,https://www.fantasypros.com/nfl/projections/wr.php?week=draft
Cedrick Wilson Jr.,NO,26.6,330.3,2.7,0.3,2.3,0.0,0.1,49.4,20241216214250,post-kickoff static,https://www.fantasypros.com/nfl/projections/wr.php?week=draft
Alec Pierce,IND,24.1,362.6,2.0,0.0,1.3,0.0,0.1,48.4,20241216214250,post-kickoff static,https://www.fantasypros.com/nfl/projections/wr.php?week=draft
Treylon Burks,TEN,27.0,358.0,1.8,1.8,18.7,0.1,0.6,47.4,20241216214250,post-kickoff static,https://www.fantasypros.com/nfl/projections/wr.php?week=draft
A.T. Perry,DEN,21.8,318.1,2.4,0.3,1.8,0.0,0.0,46.6,20241216214250,post-kickoff static,https://www.fantasypros.com/nfl/projections/wr.php?week=draft
KaVontae Turpin,DAL,18.7,220.3,2.6,8.7,67.2,0.4,0.4,46.2,20241216214250,post-kickoff static,https://www.fantasypros.com/nfl/projections/wr.php?week=draft
Jalen Nailor,MIN,27.5,341.5,1.7,0.0,0.3,0.0,0.1,44.2,20241216214250,post-kickoff static,https://www.fantasypros.com/nfl/projections/wr.php?week=draft
Van Jefferson,PIT,24.1,327.1,1.9,0.0,4.0,0.0,0.1,44.2,20241216214250,post-kickoff static,https://www.fantasypros.com/nfl/projections/wr.php?week=draft
Calvin Austin III,PIT,25.4,294.7,1.6,4.5,36.3,0.1,0.2,43.3,20241216214250,post-kickoff static,https://www.fantasypros.com/nfl/projections/wr.php?week=draft
Jauan Jennings,SF,24.8,302.9,2.0,0.0,3.3,0.0,0.1,42.3,20241216214250,post-kickoff static,https://www.fantasypros.com/nfl/projections/wr.php?week=draft
Cedric Tillman,CLE,24.1,307.9,2.0,0.0,1.7,0.0,0.2,42.3,20241216214250,post-kickoff static,https://www.fantasypros.com/nfl/projections/wr.php?week=draft
Nelson Agholor,BAL,23.3,291.8,2.1,0.0,2.0,0.0,0.1,41.9,20241216214250,post-kickoff static,https://www.fantasypros.com/nfl/projections/wr.php?week=draft
K.J. Osborn,WAS,24.8,301.0,1.7,0.0,2.0,0.0,0.1,40.1,20241216214250,post-kickoff static,https://www.fantasypros.com/nfl/projections/wr.php?week=draft
Devontez Walker,BAL,22.3,273.2,2.0,0.0,3.5,0.0,0.0,39.8,20241216214250,post-kickoff static,https://www.fantasypros.com/nfl/projections/wr.php?week=draft
Zay Jones,ARI,25.7,291.0,1.9,0.0,2.0,0.0,0.6,39.6,20241216214250,post-kickoff static,https://www.fantasypros.com/nfl/projections/wr.php?week=draft
KhaDarel Hodge,ATL,20.6,272.0,1.7,0.0,0.0,0.0,0.3,36.9,20241216214250,post-kickoff static,https://www.fantasypros.com/nfl/projections/wr.php?week=draft
Olamide Zaccheaus,WAS,22.1,270.4,1.6,0.0,5.0,0.0,0.1,36.8,20241216214250,post-kickoff static,https://www.fantasypros.com/nfl/projections/wr.php?week=draft
Javon Baker,NE,22.4,269.7,1.4,0.0,7.3,0.0,0.0,36.3,20241216214250,post-kickoff static,https://www.fantasypros.com/nfl/projections/wr.php?week=draft
Allen Lazard,NYJ,19.4,249.9,1.8,0.0,0.7,0.0,0.1,35.8,20241216214250,post-kickoff static,https://www.fantasypros.com/nfl/projections/wr.php?week=draft
Xavier Gipson,NYJ,19.4,221.4,1.6,4.6,32.6,0.2,0.1,35.6,20241216214250,post-kickoff static,https://www.fantasypros.com/nfl/projections/wr.php?week=draft
Phillip Dorsett II,ATL,21.3,244.5,1.5,0.0,0.0,0.0,0.0,33.2,20241216214250,post-kickoff static,https://www.fantasypros.com/nfl/projections/wr.php?week=draft
John Metchie III,HOU,19.2,232.7,1.5,0.0,5.3,0.0,0.1,32.7,20241216214250,post-kickoff static,https://www.fantasypros.com/nfl/projections/wr.php?week=draft
Trenton Irwin,CAR,18.2,230.2,1.5,0.0,1.5,0.0,0.1,32.2,20241216214250,post-kickoff static,https://www.fantasypros.com/nfl/projections/wr.php?week=draft
JuJu Smith-Schuster,KC,21.2,223.8,1.6,0.3,1.0,0.0,0.0,31.9,20241216214250,post-kickoff static,https://www.fantasypros.com/nfl/projections/wr.php?week=draft
Parker Washington,JAC,20.4,217.1,1.6,0.0,4.0,0.0,0.0,31.7,20241216214250,post-kickoff static,https://www.fantasypros.com/nfl/projections/wr.php?week=draft
Tutu Atwell,LAR,17.4,229.8,1.2,2.2,14.1,0.1,0.1,31.7,20241216214250,post-kickoff static,https://www.fantasypros.com/nfl/projections/wr.php?week=draft
Tyquan Thornton,KC,16.0,199.6,1.0,1.2,8.0,0.0,0.1,26.7,20241216214250,post-kickoff static,https://www.fantasypros.com/nfl/projections/wr.php?week=draft
Mack Hollins,BUF,14.4,185.4,1.3,0.0,0.0,0.0,0.0,26.3,20241216214250,post-kickoff static,https://www.fantasypros.com/nfl/projections/wr.php?week=draft
D.J. Montgomery,IND,16.0,192.0,1.0,0.0,6.0,0.0,0.0,25.8,20241216214250,post-kickoff static,https://www.fantasypros.com/nfl/projections/wr.php?week=draft
Jake Bobo,SEA,15.0,173.7,1.3,0.0,1.3,0.0,0.1,25.0,20241216214250,post-kickoff static,https://www.fantasypros.com/nfl/projections/wr.php?week=draft
Isaiah Hodgins,NYG,14.0,183.0,1.0,0.0,4.0,0.0,0.0,24.7,20241216214250,post-kickoff static,https://www.fantasypros.com/nfl/projections/wr.php?week=draft
David Bell,CLE,15.2,157.5,1.5,0.0,1.0,0.0,0.0,24.7,20241216214250,post-kickoff static,https://www.fantasypros.com/nfl/projections/wr.php?week=draft
Justin Watson,KC,12.3,172.9,1.2,0.0,0.0,0.0,0.1,24.5,20241216214250,post-kickoff static,https://www.fantasypros.com/nfl/projections/wr.php?week=draft
Rakim Jarrett,TB,14.0,175.0,1.0,0.0,10.0,0.0,0.0,24.5,20241216214250,post-kickoff static,https://www.fantasypros.com/nfl/projections/wr.php?week=draft
Donovan Peoples-Jones,DET,13.0,181.0,1.0,0.0,4.0,0.0,0.0,24.5,20241216214250,post-kickoff static,https://www.fantasypros.com/nfl/projections/wr.php?week=draft
Malik Washington,MIA,12.6,157.0,1.0,2.1,13.3,0.1,0.0,23.0,20241216214250,post-kickoff static,https://www.fantasypros.com/nfl/projections/wr.php?week=draft
Cornelius Johnson,GB,11.0,166.0,1.0,0.0,0.0,0.0,0.0,22.6,20241216214250,post-kickoff static,https://www.fantasypros.com/nfl/projections/wr.php?week=draft
Isaiah Williams,CIN,13.6,161.8,1.1,0.0,0.0,0.0,0.1,22.5,20241216214250,post-kickoff static,https://www.fantasypros.com/nfl/projections/wr.php?week=draft
Trent Sherfield Sr.,MIN,13.9,165.5,1.0,0.0,2.0,0.0,0.0,22.5,20241216214250,post-kickoff static,https://www.fantasypros.com/nfl/projections/wr.php?week=draft
Marquez Valdes-Scantling,NO,9.9,155.0,1.2,0.0,1.0,0.0,0.0,22.4,20241216214250,post-kickoff static,https://www.fantasypros.com/nfl/projections/wr.php?week=draft
Bub Means,NO,13.2,160.2,1.1,0.0,0.0,0.0,0.0,22.3,20241216214250,post-kickoff static,https://www.fantasypros.com/nfl/projections/wr.php?week=draft
Parris Campbell,PHI,14.0,152.0,1.0,0.0,5.0,0.0,0.0,21.7,20241216214250,post-kickoff static,https://www.fantasypros.com/nfl/projections/wr.php?week=draft
Brandon Powell,MIN,14.7,143.4,0.9,1.9,14.6,0.0,0.1,21.1,20241216214250,post-kickoff static,https://www.fantasypros.com/nfl/projections/wr.php?week=draft
Ainias Smith,PHI,11.0,141.0,1.0,0.0,6.0,0.0,0.0,20.7,20241216214250,post-kickoff static,https://www.fantasypros.com/nfl/projections/wr.php?week=draft
Jamari Thrash,CLE,11.0,141.0,1.0,0.0,6.0,0.0,0.0,20.7,20241216214250,post-kickoff static,https://www.fantasypros.com/nfl/projections/wr.php?week=draft
Ryan Flournoy,DAL,12.0,141.1,1.1,0.0,0.0,0.0,0.0,20.5,20241216214250,post-kickoff static,https://www.fantasypros.com/nfl/projections/wr.php?week=draft
Antoine Green,DET,12.0,141.0,1.0,0.0,0.0,0.0,0.0,20.1,20241216214250,post-kickoff static,https://www.fantasypros.com/nfl/projections/wr.php?week=draft
Jacob Cowing,SF,11.0,134.0,1.0,0.0,6.0,0.0,0.0,20.0,20241216214250,post-kickoff static,https://www.fantasypros.com/nfl/projections/wr.php?week=draft
Braxton Berrios,MIA,14.4,140.6,0.9,0.0,2.7,0.0,0.1,19.8,20241216214250,post-kickoff static,https://www.fantasypros.com/nfl/projections/wr.php?week=draft
Johnny Wilson,PHI,11.8,140.0,0.9,0.0,2.5,0.0,0.0,19.3,20241216214250,post-kickoff static,https://www.fantasypros.com/nfl/projections/wr.php?week=draft
Nick Westbrook-Ikhine,TEN,10.6,143.4,0.8,0.0,1.3,0.0,0.0,19.2,20241216214250,post-kickoff static,https://www.fantasypros.com/nfl/projections/wr.php?week=draft
Devaughn Vele,DEN,11.8,139.1,0.9,0.0,0.0,0.0,0.0,19.1,20241216214250,post-kickoff static,https://www.fantasypros.com/nfl/projections/wr.php?week=draft
Tahj Washington,MIA,11.0,131.0,1.0,0.0,0.0,0.0,0.0,19.1,20241216214250,post-kickoff static,https://www.fantasypros.com/nfl/projections/wr.php?week=draft
Brandon Johnson,PIT,10.0,124.0,1.0,0.0,7.0,0.0,0.0,19.1,20241216214250,post-kickoff static,https://www.fantasypros.com/nfl/projections/wr.php?week=draft
Nikko Remigio,KC,10.0,130.0,1.0,0.0,0.0,0.0,0.0,19.0,20241216214250,post-kickoff static,https://www.fantasypros.com/nfl/projections/wr.php?week=draft
KJ Hamler,BUF,9.0,125.0,1.0,0.0,5.0,0.0,0.0,19.0,20241216214250,post-kickoff static,https://www.fantasypros.com/nfl/projections/wr.php?week=draft
Quez Watkins,PIT,9.0,127.0,1.0,0.0,3.0,0.0,0.0,19.0,20241216214250,post-kickoff static,https://www.fantasypros.com/nfl/projections/wr.php?week=draft
Michael Woods II,CLE,9.0,119.0,1.0,0.0,4.0,0.0,0.0,18.3,20241216214250,post-kickoff static,https://www.fantasypros.com/nfl/projections/wr.php?week=draft
Tejhaun Palmer,ARI,11.0,122.0,1.0,0.0,0.0,0.0,0.0,18.2,20241216214250,post-kickoff static,https://www.fantasypros.com/nfl/projections/wr.php?week=draft
Jordan Whittington,LAR,10.8,129.6,0.9,0.0,0.0,0.0,0.0,18.2,20241216214250,post-kickoff static,https://www.fantasypros.com/nfl/projections/wr.php?week=draft
Allen Robinson II,DET,11.0,113.0,1.0,0.0,4.0,0.0,0.0,17.7,20241216214250,post-kickoff static,https://www.fantasypros.com/nfl/projections/wr.php?week=draft
Russell Gage,SF,10.0,114.0,1.0,0.0,3.0,0.0,0.0,17.7,20241216214250,post-kickoff static,https://www.fantasypros.com/nfl/projections/wr.php?week=draft
Ben Skowronek,PIT,9.0,111.0,1.0,0.0,4.0,0.0,0.0,17.5,20241216214250,post-kickoff static,https://www.fantasypros.com/nfl/projections/wr.php?week=draft
Tyler Scott,CHI,8.9,101.7,0.8,2.1,18.2,0.1,0.0,17.1,20241216214250,post-kickoff static,https://www.fantasypros.com/nfl/projections/wr.php?week=draft
Jamison Crowder,WAS,12.1,119.9,0.7,0.0,0.0,0.0,0.0,16.3,20241216214250,post-kickoff static,https://www.fantasypros.com/nfl/projections/wr.php?week=draft
Justyn Ross,KC,8.0,103.0,1.0,0.0,0.0,0.0,0.0,16.3,20241216214250,post-kickoff static,https://www.fantasypros.com/nfl/projections/wr.php?week=draft
Derius Davis,LAC,7.0,81.2,0.6,6.7,38.6,0.1,0.1,15.8,20241216214250,post-kickoff static,https://www.fantasypros.com/nfl/projections/wr.php?week=draft
Danny Gray,PHI,7.0,94.0,1.0,0.0,4.0,0.0,0.0,15.8,20241216214250,post-kickoff static,https://www.fantasypros.com/nfl/projections/wr.php?week=draft
Equanimeous St. Brown,NO,7.0,91.0,1.0,0.0,4.0,0.0,0.0,15.5,20241216214250,post-kickoff static,https://www.fantasypros.com/nfl/projections/wr.php?week=draft
Casey Washington,ATL,8.7,105.8,0.8,0.0,0.0,0.0,0.0,15.5,20241216214250,post-kickoff static,https://www.fantasypros.com/nfl/projections/wr.php?week=draft
Jalen Brooks,DAL,11.5,106.9,0.8,0.0,0.0,0.0,0.0,15.3,20241216214250,post-kickoff static,https://www.fantasypros.com/nfl/projections/wr.php?week=draft
Deven Thompkins,CAR,8.5,96.2,0.6,0.0,18.0,0.0,0.0,15.2,20241216214250,post-kickoff static,https://www.fantasypros.com/nfl/projections/wr.php?week=draft
Skyy Moore,KC,8.5,99.5,0.8,0.0,3.0,0.0,0.1,14.8,20241216214250,post-kickoff static,https://www.fantasypros.com/nfl/projections/wr.php?week=draft
David Moore,CAR,8.1,108.0,0.7,0.0,1.7,0.0,0.1,14.8,20241216214250,post-kickoff static,https://www.fantasypros.com/nfl/projections/wr.php?week=draft
Devin Duvernay,JAC,8.8,88.5,0.4,3.3,16.9,0.1,0.1,13.4,20241216214250,post-kickoff static,https://www.fantasypros.com/nfl/projections/wr.php?week=draft
Jalen Reagor,LAC,7.0,90.7,0.7,0.0,2.0,0.0,0.0,13.2,20241216214250,post-kickoff static,https://www.fantasypros.com/nfl/projections/wr.php?week=draft
Ihmir Smith-Marsette,NYG,11.3,81.8,0.6,0.0,13.0,0.0,0.0,12.9,20241216214250,post-kickoff static,https://www.fantasypros.com/nfl/projections/wr.php?week=draft
Robert Woods,HOU,8.3,89.4,0.6,0.0,1.3,0.0,0.0,12.8,20241216214250,post-kickoff static,https://www.fantasypros.com/nfl/projections/wr.php?week=draft
Brenden Rice,LAC,7.2,87.9,0.6,0.0,2.0,0.0,0.0,12.7,20241216214250,post-kickoff static,https://www.fantasypros.com/nfl/projections/wr.php?week=draft
Zach Pascal,ARI,6.8,83.5,0.7,0.0,2.0,0.0,0.0,12.5,20241216214250,post-kickoff static,https://www.fantasypros.com/nfl/projections/wr.php?week=draft
Mason Tipton,NO,7.7,86.1,0.6,0.0,0.0,0.0,0.0,12.4,20241216214250,post-kickoff static,https://www.fantasypros.com/nfl/projections/wr.php?week=draft
Kayshon Boutte,NE,6.9,86.3,0.6,0.0,2.5,0.0,0.0,12.3,20241216214250,post-kickoff static,https://www.fantasypros.com/nfl/projections/wr.php?week=draft
Xavier Hutchinson,HOU,6.4,76.6,0.6,0.0,7.0,0.0,0.0,11.9,20241216214250,post-kickoff static,https://www.fantasypros.com/nfl/projections/wr.php?week=draft
Mecole Hardman Jr.,KC,5.1,64.5,0.6,2.1,15.4,0.1,0.0,11.8,20241216214250,post-kickoff static,https://www.fantasypros.com/nfl/projections/wr.php?week=draft
Anthony Gould,IND,6.8,80.8,0.6,0.0,0.0,0.0,0.0,11.8,20241216214250,post-kickoff static,https://www.fantasypros.com/nfl/projections/wr.php?week=draft
Deonte Harty,BAL,6.3,77.2,0.6,0.0,5.0,0.0,0.0,11.8,20241216214250,post-kickoff static,https://www.fantasypros.com/nfl/projections/wr.php?week=draft
Charlie Jones,CIN,6.8,83.1,0.5,0.0,1.7,0.0,0.0,11.7,20241216214250,post-kickoff static,https://www.fantasypros.com/nfl/projections/wr.php?week=draft
Ronnie Bell,SF,6.4,78.0,0.6,0.0,2.0,0.0,0.0,11.6,20241216214250,post-kickoff static,https://www.fantasypros.com/nfl/projections/wr.php?week=draft
Ashton Dulin,IND,6.5,75.1,0.6,0.0,2.0,0.0,0.0,11.6,20241216214250,post-kickoff static,https://www.fantasypros.com/nfl/projections/wr.php?week=draft
Jason Brownlee,NYJ,6.3,78.6,0.6,0.0,1.5,0.0,0.0,11.5,20241216214250,post-kickoff static,https://www.fantasypros.com/nfl/projections/wr.php?week=draft
Laviska Shenault Jr.,LAC,5.2,54.9,0.2,5.3,36.6,0.1,0.1,11.0,20241216214250,post-kickoff static,https://www.fantasypros.com/nfl/projections/wr.php?week=draft
Chris Conley,SF,5.4,67.1,0.6,0.0,2.0,0.0,0.0,10.5,20241216214250,post-kickoff static,https://www.fantasypros.com/nfl/projections/wr.php?week=draft
Bo Melton,GB,5.9,68.5,0.5,1.0,6.3,0.0,0.1,10.4,20241216214250,post-kickoff static,https://www.fantasypros.com/nfl/projections/wr.php?week=draft
Bryce Ford-Wheaton,NYG,7.1,74.8,0.4,0.0,0.0,0.0,0.0,9.6,20241216214250,post-kickoff static,https://www.fantasypros.com/nfl/projections/wr.php?week=draft
Malik Heath,GB,5.4,62.1,0.5,0.0,1.0,0.0,0.0,9.6,20241216214250,post-kickoff static,https://www.fantasypros.com/nfl/projections/wr.php?week=draft
River Cracraft,MIA,9.3,78.9,0.3,0.0,0.0,0.0,0.0,9.5,20241216214250,post-kickoff static,https://www.fantasypros.com/nfl/projections/wr.php?week=draft
Tim Jones,JAC,4.9,57.0,0.6,0.0,2.0,0.0,0.0,9.4,20241216214250,post-kickoff static,https://www.fantasypros.com/nfl/projections/wr.php?week=draft
Scotty Miller,PIT,5.6,69.6,0.3,0.0,1.3,0.0,0.0,8.6,20241216214250,post-kickoff static,https://www.fantasypros.com/nfl/projections/wr.php?week=draft
Dareke Young,SEA,5.1,59.7,0.4,0.0,0.0,0.0,0.0,8.1,20241216214250,post-kickoff static,https://www.fantasypros.com/nfl/projections/wr.php?week=draft
Easop Winston Jr.,NYJ,5.1,59.2,0.4,0.0,0.0,0.0,0.0,8.1,20241216214250,post-kickoff static,https://www.fantasypros.com/nfl/projections/wr.php?week=draft
Britain Covey,PHI,5.2,57.1,0.3,0.0,0.0,0.0,0.0,7.2,20241216214250,post-kickoff static,https://www.fantasypros.com/nfl/projections/wr.php?week=draft
Terrace Marshall Jr.,LV,5.0,64.0,0.0,0.0,4.0,0.0,0.0,6.8,20241216214250,post-kickoff static,https://www.fantasypros.com/nfl/projections/wr.php?week=draft
Dee Eskridge,MIA,4.0,56.0,0.0,0.0,6.0,0.0,0.0,6.2,20241216214250,post-kickoff static,https://www.fantasypros.com/nfl/projections/wr.php?week=draft
Gunner Olszewski,NYG,4.2,44.5,0.2,0.0,0.0,0.0,0.0,5.6,20241216214250,post-kickoff static,https://www.fantasypros.com/nfl/projections/wr.php?week=draft
DJ Turner,LV,3.3,37.4,0.2,0.0,0.0,0.0,0.1,4.9,20241216214250,post-kickoff static,https://www.fantasypros.com/nfl/projections/wr.php?week=draft
Tylan Wallace,BAL,3.2,41.3,0.1,0.0,2.0,0.0,0.0,4.8,20241216214250,post-kickoff static,https://www.fantasypros.com/nfl/projections/wr.php?week=draft
Velus Jones Jr.,CAR,1.9,25.0,0.1,2.3,9.7,0.1,0.0,4.4,20241216214250,post-kickoff static,https://www.fantasypros.com/nfl/projections/wr.php?week=draft
Irvin Charles,NYJ,2.6,29.7,0.2,0.0,0.0,0.0,0.0,4.3,20241216214250,post-kickoff static,https://www.fantasypros.com/nfl/projections/wr.php?week=draft
Jha'Quan Jackson,TEN,4.0,41.0,0.0,0.0,0.0,0.0,0.0,4.1,20241216214250,post-kickoff static,https://www.fantasypros.com/nfl/projections/wr.php?week=draft
Tyler Johnson,LAR,2.1,25.2,0.2,0.0,0.0,0.0,0.0,3.8,20241216214250,post-kickoff static,https://www.fantasypros.com/nfl/projections/wr.php?week=draft
Kyle Philips,PHI,2.8,29.1,0.1,0.0,0.5,0.0,0.0,3.5,20241216214250,post-kickoff static,https://www.fantasypros.com/nfl/projections/wr.php?week=draft
Montrell Washington,KC,1.7,21.1,0.2,0.0,0.0,0.0,0.0,3.1,20241216214250,post-kickoff static,https://www.fantasypros.com/nfl/projections/wr.php?week=draft
Simi Fehoko,LAC,1.7,20.2,0.2,0.0,0.0,0.0,0.0,3.0,20241216214250,post-kickoff static,https://www.fantasypros.com/nfl/projections/wr.php?week=draft
Seth Williams,DAL,1.8,19.9,0.2,0.0,0.0,0.0,0.0,3.0,20241216214250,post-kickoff static,https://www.fantasypros.com/nfl/projections/wr.php?week=draft
Cody White,SEA,1.7,19.5,0.2,0.0,0.0,0.0,0.0,3.0,20241216214250,post-kickoff static,https://www.fantasypros.com/nfl/projections/wr.php?week=draft
Trishton Jackson,MIN,1.7,18.7,0.2,0.0,0.0,0.0,0.0,2.9,20241216214250,post-kickoff static,https://www.fantasypros.com/nfl/projections/wr.php?week=draft
Kristian Wilkerson,LV,1.5,17.5,0.2,0.0,0.0,0.0,0.0,2.8,20241216214250,post-kickoff static,https://www.fantasypros.com/nfl/projections/wr.php?week=draft
Marquez Callaway,TB,1.4,17.3,0.2,0.0,0.0,0.0,0.0,2.7,20241216214250,post-kickoff static,https://www.fantasypros.com/nfl/projections/wr.php?week=draft
DeAndre Carter,CHI,2.0,21.0,0.0,0.0,6.0,0.0,0.0,2.7,20241216214250,post-kickoff static,https://www.fantasypros.com/nfl/projections/wr.php?week=draft
David Sills V,DEN,1.5,16.9,0.1,0.0,0.0,0.0,0.0,2.5,20241216214250,post-kickoff static,https://www.fantasypros.com/nfl/projections/wr.php?week=draft
