player,sleeper_id,pos,team,bye,proj_pts,vorp,vorp_flex,tier,cliff_flag,pos_rank,value_rank,ecr,adp,adp_delta,proj_source,avail_status,exp_games,rookie_flag,backs_up,starter_exp_games,starter_avail,wopr,tprr,yprr,hv_touches,routes_proxy,upside_flag,upside_why,alpha_used,backs_up_pos,starter_fragility,starter_fragility_label
Christian McCaffrey,4034,RB,SFO,8,283.0,122.8,122.8001499956082,1,true,1,1,9.24,5.9,4.9,blend,compromised,12.0,false,,,,0.405,0.234,1.68,50,true,true,RB receiving profile,0.65,,,""
Jahmyr Gibbs,9221,RB,DET,6,257.1,96.9,96.91522899180194,2,false,2,2,2.48,1.4,-0.6,blend,,15.3,false,,,,0.253,0.215,1.41,26,true,true,RB receiving profile,0.65,,,""
Bijan Robinson,9509,RB,ATL,11,252.0,91.8,91.78802348096644,2,false,3,3,4.1,2.1,-0.9,blend,,16.0,false,,,,0.311,0.212,1.69,22,true,true,RB receiving profile,0.65,,,""
Jonathan Taylor,6813,RB,IND,13,238.0,77.8,77.84384841894888,3,false,4,4,11.93,6.5,2.5,blend,,12.7,false,,,,0.157,0.104,0.72,42,true,false,,0.65,,,""
Trey McBride,8130,TE,ARI,14,190.2,70.7,29.976931371694263,1,false,1,5,21.0,26.7,21.7,blend,,15.7,false,,,,0.59,0.235,1.72,12,true,false,,0.65,,,""
Brock Bowers,11604,TE,LVR,13,189.3,69.8,29.14089826232467,1,true,2,6,19.03,21.2,15.2,blend,,13.5,false,,,,0.526,0.223,1.76,10,true,false,,0.65,,,""
Puka Nacua,9493,WR,LAR,11,215.9,69.0,55.7575337557613,1,false,1,7,3.19,5.0,-2.0,blend,compromised,13.7,false,,,,0.675,0.386,3.99,11,true,false,,0.65,,,""
Jaxon Smith-Njigba,9488,WR,SEA,11,213.4,66.4,53.15991243198013,1,false,2,8,4.67,7.2,-0.8,blend,,16.0,false,,,,0.904,0.377,4.15,7,true,false,,0.65,,,""
James Cook III,8138,RB,BUF,7,223.9,63.7,63.738467950333074,4,false,5,9,15.97,9.6,0.6,blend,,15.7,false,,,,0.127,0.112,0.82,27,true,false,,0.65,,,""
Ja'Marr Chase,7564,WR,CIN,6,208.3,61.4,48.13032867134203,1,false,3,10,1.55,3.5,-6.5,blend,compromised,15.3,false,,,,0.737,0.285,2.17,8,true,false,,0.65,,,""
Chase Brown,9224,RB,CIN,6,220.7,60.5,60.53180861379445,4,false,6,11,17.86,16.0,5.0,blend,,13.3,false,,,,0.224,0.181,0.9,26,true,true,RB receiving profile,0.65,,,""
Amon-Ra St. Brown,7547,WR,DET,6,201.9,55.0,41.754528993131174,1,false,4,12,5.42,8.0,-4.0,blend,,15.7,false,,,,0.746,0.309,2.51,21,true,false,,0.65,,,""
Derrick Henry,3198,RB,BAL,13,210.6,50.4,50.44274023536681,5,false,7,13,37.72,17.4,4.4,blend,,16.0,false,,,,0.075,0.072,0.51,40,true,false,,0.65,,,""
De'Von Achane,9226,RB,MIA,6,210.2,50.0,50.0422294460524,5,false,8,14,20.99,15.4,1.4,blend,,13.7,false,,,,0.289,0.216,1.24,16,true,true,RB receiving profile,0.65,,,""
Drake London,8112,WR,ATL,11,195.0,48.0,34.76444648326958,1,false,5,15,12.91,19.8,4.8,blend,,14.0,false,,,,0.727,0.279,2.29,9,true,false,,0.65,,,""
Saquon Barkley,4866,RB,PHI,10,207.2,47.0,47.00556632278253,5,false,9,16,24.35,11.5,-4.5,blend,,14.3,false,,,,0.176,0.112,0.61,29,true,false,,0.65,,,""
Rashee Rice,10229,WR,KCC,5,189.3,42.3,29.10519585521854,1,false,6,17,24.68,35.4,18.4,blend,,12.0,false,,,,0.531,0.286,2.09,18,true,false,,0.55,,,""
Kyren Williams,8150,RB,LAR,11,200.7,40.5,40.538716071469565,5,false,10,18,41.52,28.3,10.3,blend,,14.0,false,,,,0.136,0.11,0.62,33,true,false,,0.65,,,""
Chris Olave,8144,WR,NOS,8,186.6,39.7,26.44870223508039,1,false,7,19,17.99,32.0,13.0,blend,,12.3,false,,,,0.725,0.279,2.08,4,true,false,,0.65,,,""
Josh Allen,4984,QB,BUF,7,295.4,39.7,39.662331827672745,1,true,1,20,25.84,20.1,0.1,blend,,15.3,false,,,,0.0,0.0,0.0,22,true,false,,0.65,,,""
Omarion Hampton,12507,RB,LAC,7,199.6,39.4,39.36312486331485,5,false,11,21,25.57,18.5,-2.5,blend,,12.0,false,,,,0.156,0.145,0.79,16,true,false,,0.55,,,""
CeeDee Lamb,6786,WR,DAL,14,184.6,37.6,24.35956062225776,1,false,8,22,9.0,10.9,-11.1,blend,,14.0,false,,,,0.611,0.258,2.37,7,true,false,,0.65,,,""
Javonte Williams,7588,RB,DAL,14,197.1,36.9,36.93446478175926,5,false,12,23,44.62,34.4,11.4,blend,,15.3,false,,,,0.119,0.107,0.29,33,true,false,,0.65,,,""
A.J. Brown,5859,WR,NEP,11,182.8,35.9,22.619381368603513,1,false,9,24,14.25,24.2,0.2,blend,,14.0,false,,,,0.678,0.248,2.06,5,true,false,,0.4,,,""
Davante Adams,2133,WR,LAR,11,182.3,35.4,22.152314748056057,1,false,10,25,50.13,56.5,31.5,blend,,14.0,false,,,,0.627,0.304,2.1,23,true,false,,0.65,Puka Nacua,0.33,low
Nico Collins,7569,WR,HOU,8,181.2,34.3,21.04548900222079,1,false,11,26,16.0,22.0,-4.0,blend,,13.0,false,,,,0.609,0.257,2.39,11,true,false,,0.65,,,""
Ashton Jeanty,12527,RB,LVR,13,192.9,32.7,32.71504162074598,5,false,13,27,26.37,16.9,-10.1,blend,compromised,16.0,false,,,,0.181,0.149,0.7,20,true,false,,0.65,,,""
Patrick Mahomes II,4046,QB,KCC,5,287.1,31.4,31.394732877505305,2,false,2,28,101.49,102.5,74.5,blend,compromised,14.3,false,,,,0.002,0.002,-0.02,5,true,false,,0.65,,,""
Justin Jefferson,6794,WR,MIN,6,178.2,31.3,18.053473660200552,1,false,12,29,9.36,13.2,-15.8,blend,,13.7,false,,,,0.741,0.246,1.83,11,true,false,,0.65,,,""
Colston Loveland,12517,TE,CHI,10,146.8,27.3,-13.361985763283855,2,true,3,30,37.44,39.5,9.5,blend,,15.0,false,,,,0.363,0.199,1.73,8,true,false,,0.65,,,""
Jalen Hurts,6904,QB,PHI,10,282.8,27.0,27.037156356104617,2,true,3,31,56.5,56.4,25.4,blend,,15.0,false,,,,0.0,0.0,0.0,15,true,false,,0.65,,,""
Travis Etienne Jr.,7543,RB,NOS,8,186.5,26.3,26.331806855987054,5,false,14,32,47.64,42.6,10.6,blend,,15.3,false,,,,0.135,0.125,0.7,32,true,false,,0.4,,,""
Cam Skattebo,12481,RB,NYG,8,186.0,25.8,25.84223678225652,5,false,15,33,57.42,42.6,9.6,blend,,12.0,false,,,,0.189,0.187,1.21,14,true,true,RB receiving profile,0.55,,,""
Garrett Wilson,8146,WR,NYJ,13,172.8,25.8,12.594499516977322,1,false,13,34,29.62,49.1,15.1,blend,,12.7,false,,,,0.925,0.254,1.7,2,true,false,,0.55,,,""
Zay Flowers,9997,WR,BAL,13,170.4,23.4,10.201604351890012,1,false,14,35,30.3,35.7,0.7,blend,compromised,15.7,false,,,,0.701,0.255,2.62,6,true,false,,0.65,,,""
Jeremiyah Love,13287,RB,ARI,14,181.8,21.6,21.601804486702292,5,false,16,36,41.44,30.0,-6.0,market_implied,compromised,16.0,true,,,,,,,,,true,rookie w/ market-backed capital,0.0,,,""
D'Andre Swift,6790,RB,CHI,10,181.2,21.0,21.042528197063064,5,false,17,37,54.7,46.3,9.3,blend,,15.3,false,,,,0.135,0.132,0.82,24,true,false,,0.65,,,""
Kenneth Walker III,8151,RB,KCC,5,179.8,19.6,19.605959081758556,5,false,18,38,26.05,15.8,-22.2,blend,compromised,13.3,false,,,,0.109,0.139,1.09,11,true,false,,0.4,,,""
Malik Nabers,11632,WR,NYG,8,166.4,19.4,6.201453694335669,1,false,15,39,24.54,31.0,-8.0,blend,compromised,12.0,false,,,,0.713,0.279,2.16,3,true,false,,0.55,,,""
George Pickens,8137,WR,DAL,14,166.2,19.2,5.964091448075266,1,false,16,40,20.43,22.5,-17.5,blend,,15.0,false,,,,0.563,0.228,2.38,11,true,false,,0.65,CeeDee Lamb,0.32,low
Drake Maye,11564,QB,NEP,11,274.9,19.1,19.148753523650953,3,false,4,41,37.67,47.2,6.2,blend,,13.5,false,,,,0.001,0.002,0.0,15,true,false,,0.65,,,""
Brock Purdy,8183,QB,SFO,8,274.8,19.0,19.03336235973171,3,false,5,42,96.5,98.3,56.3,blend,,12.3,false,,,,0.0,0.0,0.0,3,true,false,,0.55,,,""
Houston Texans,HOU,DEF,HOU,8,135.0,18.0,18.0,1,false,1,43,152.91,97.6,54.6,market_implied,,16.0,false,,,,,,,,,false,,0.0,,,""
Denver Broncos,DEN,DEF,DEN,10,133.0,16.0,16.0,1,false,2,44,163.88,93.7,49.7,market_implied,,16.0,false,,,,,,,,,false,,0.0,,,""
Tetairoa McMillan,12526,WR,CAR,5,162.0,15.1,1.8332375859026229,1,false,17,45,35.61,41.8,-3.2,blend,,16.0,false,,,,0.708,0.225,1.87,6,true,false,,0.65,,,""
Bo Nix,11563,QB,DEN,10,269.9,14.2,14.217131494266766,3,false,6,46,99.3,98.8,52.8,blend,,16.0,false,,,,0.003,0.001,0.0,6,true,false,,0.65,,,""
Seattle Seahawks,SEA,DEF,SEA,11,131.0,14.0,14.0,1,false,3,47,167.85,80.1,33.1,market_implied,,16.0,false,,,,,,,,,false,,0.0,,,""
Brandon Aubrey,11533,K,DAL,14,150.0,13.5,13.5,1,false,1,48,185.31,85.7,37.7,market_implied,,12.0,false,,,,0.0,,,0,true,false,,0.0,,,""
Tee Higgins,6801,WR,CIN,6,159.6,12.7,-0.555220400154866,1,false,18,49,36.89,33.4,-15.6,blend,,12.0,false,,,,0.505,0.193,1.67,8,true,false,,0.65,Ja'Marr Chase,0.32,low
Ka'imi Fairbairn,3451,K,HOU,8,148.5,12.0,12.0,1,false,2,50,191.8,117.4,67.4,market_implied,,16.0,false,,,,,,,,,false,,0.0,,,""
Los Angeles Rams,LAR,DEF,LAR,11,129.0,12.0,12.0,1,false,4,51,167.92,111.0,60.0,market_implied,,16.0,false,,,,,,,,,false,,0.0,,,""
Tyler Warren,12518,TE,IND,13,131.4,11.9,-28.75309734577189,3,false,4,52,53.13,47.3,-4.7,blend,,16.0,false,,,,0.425,0.208,1.52,17,true,false,,0.65,,,""
George Kittle,4217,TE,SFO,8,130.7,11.2,-29.51763148885678,3,false,5,53,98.93,83.6,30.6,blend,compromised,13.0,false,,,,0.451,0.211,1.92,5,true,false,,0.55,,,""
Cameron Dicker,8259,K,LAC,7,147.0,10.5,10.5,1,false,3,54,194.59,121.9,67.9,market_implied,,16.0,false,,,,,,,,,false,,0.0,,,""
Breece Hall,8155,RB,NYJ,13,170.4,10.2,10.247496356220438,5,false,19,55,39.93,34.9,-20.1,blend,compromised,15.3,false,,,,0.154,0.123,0.9,13,true,false,,0.65,,,""
Philadelphia Eagles,PHI,DEF,PHI,10,127.0,10.0,10.0,1,false,5,56,174.88,134.1,78.1,market_implied,,16.0,false,,,,,,,,,false,,0.0,,,""
Kyle Pitts Sr.,7553,TE,ATL,11,129.0,9.5,-31.179661269808747,3,false,6,57,78.91,72.2,15.2,blend,,16.0,false,,,,0.492,0.217,1.71,7,true,false,,0.65,,,""
Jaylen Waddle,7526,WR,DEN,10,156.3,9.4,-3.8541122768348828,1,false,19,58,34.78,40.5,-17.5,blend,,14.0,false,,,,0.648,0.245,2.23,5,true,false,,0.4,,,""
Jaylen Warren,8228,RB,PIT,9,169.5,9.3,9.307117353117064,5,false,20,59,77.34,77.0,18.0,blend,,15.0,false,,,,0.112,0.151,1.12,26,true,true,RB receiving profile,0.65,,,""
Cam Little,11786,K,JAC,7,145.5,9.0,9.0,1,false,4,60,198.87,129.3,69.3,market_implied,,16.0,false,,,,,,,,,false,,0.0,,,""
Jared Goff,3163,QB,DET,6,263.8,8.1,8.062842379405765,4,false,7,61,106.4,113.8,52.8,blend,,16.0,false,,,,0.0,0.0,0.0,2,true,false,,0.65,,,""
Harold Fannin Jr.,12506,TE,CLE,11,127.5,8.0,-32.66939127012756,3,false,7,62,73.44,70.9,8.9,blend,,15.0,false,,,,0.458,0.218,1.49,5,true,false,,0.65,,,""
Minnesota Vikings,MIN,DEF,MIN,6,125.0,8.0,8.0,1,false,6,63,185.95,106.2,43.2,market_implied,,16.0,false,,,,,,,,,false,,0.0,,,""
Tucker Kraft,9484,TE,GBP,11,127.4,7.9,-32.76976507808831,3,false,8,64,80.46,60.5,-3.5,blend,,12.0,false,,,,0.351,0.18,2.0,3,true,false,,0.55,,,""
DeVonta Smith,7525,WR,PHI,10,154.6,7.6,-5.6051561145317805,1,false,20,65,24.04,29.6,-35.4,blend,,14.3,false,,,,0.594,0.22,1.96,4,true,false,,0.65,,,""
Jason Myers,2747,K,SEA,11,144.0,7.5,7.5,1,false,5,66,200.11,121.5,55.5,market_implied,,16.0,false,,,,,,,,,false,,0.0,,,""
Rhamondre Stevenson,7611,RB,NEP,11,167.4,7.2,7.2333043142844815,5,false,21,67,77.27,79.0,12.0,blend,,12.7,false,,,,0.181,0.115,1.07,18,true,false,,0.65,,,""
Eddy Pineiro,5189,K,SFO,8,142.5,6.0,6.0,1,false,6,68,207.9,162.7,94.7,market_implied,,16.0,false,,,,,,,,,false,,0.0,,,""
Pittsburgh Steelers,PIT,DEF,PIT,9,123.0,6.0,6.0,1,false,7,69,186.35,136.7,67.7,market_implied,,16.0,false,,,,,,,,,false,,0.0,,,""
Trevor Lawrence,7523,QB,JAC,7,260.9,5.2,5.190581950083697,4,false,8,70,77.84,83.8,13.8,blend,,13.3,false,,,,0.0,0.0,0.0,15,true,false,,0.65,,,""
Jaxson Dart,12508,QB,NYG,8,260.6,4.9,4.86616858233765,4,false,9,71,97.46,91.3,20.3,blend,,13.0,false,,,,0.0,0.0,0.0,12,true,false,,0.65,,,""
Matthew Stafford,421,QB,LAR,11,260.4,4.6,4.639649254243977,4,false,10,72,104.33,99.7,27.7,blend,,15.0,false,,,,0.0,0.0,0.0,4,true,false,,0.65,,,""
Tyler Loop,12711,K,BAL,13,141.0,4.5,4.5,1,false,7,73,208.72,150.7,77.7,market_implied,,16.0,false,,,,,,,,,false,,0.0,,,""
New England Patriots,NE,DEF,NEP,11,121.0,4.0,4.0,1,false,8,74,186.74,130.6,56.6,market_implied,,16.0,false,,,,,,,,,false,,0.0,,,""
Jake Ferguson,8110,TE,DAL,14,122.8,3.3,-37.402970046095135,3,false,9,75,118.47,116.7,41.7,blend,,15.0,false,,,,0.31,0.209,1.23,14,true,false,,0.65,,,""
Quinshon Judkins,12512,RB,CLE,11,163.4,3.2,3.204581030573735,5,false,22,76,62.03,54.3,-21.7,blend,,13.0,false,,,,0.119,0.128,0.61,19,true,false,,0.65,,,""
Dalton Kincaid,10236,TE,BUF,7,122.7,3.2,-37.493914532411736,3,false,10,77,112.42,97.3,20.3,blend,,12.7,false,,,,0.369,0.291,3.4,5,true,false,,0.65,,,""
Evan McPherson,7839,K,CIN,6,139.5,3.0,3.0,1,false,8,78,215.94,169.9,91.9,market_implied,,16.0,false,,,,,,,,,false,,0.0,,,""
Dallas Goedert,5022,TE,PHI,10,122.4,2.9,-37.78913428573824,3,false,11,79,117.24,105.4,26.4,blend,,12.0,false,,,,0.418,0.18,1.3,9,true,false,,0.65,,,""
Emeka Egbuka,12514,WR,TBB,10,149.8,2.9,-10.346670749764769,1,false,21,80,40.83,45.2,-34.8,blend,compromised,16.0,false,,,,0.601,0.237,1.75,6,true,false,,0.65,,,""
TreVeyon Henderson,12529,RB,NEP,11,163.1,2.9,2.872545684015563,5,false,23,81,70.96,66.3,-14.7,blend,compromised,16.0,false,Rhamondre Stevenson,12.666666666666666,,0.126,0.139,0.73,24,true,true,contingent volume,0.65,Rhamondre Stevenson,0.69,moderate
Jacksonville Jaguars,JAX,DEF,JAC,7,119.0,2.0,2.0,1,false,9,82,189.41,160.4,78.4,market_implied,,16.0,false,,,,,,,,,false,,0.0,,,""
Rome Odunze,11620,WR,CHI,10,148.7,1.8,-11.445126833665825,1,false,22,83,57.49,66.7,-16.3,blend,,13.5,false,,,,0.602,0.209,1.53,6,true,false,,0.65,,,""
Cairo Santos,2020,K,CHI,10,138.0,1.5,1.5,1,false,9,84,216.34,183.5,99.5,market_implied,,16.0,false,,,,,,,,,false,,0.0,,,""
Daniel Jones,5870,QB,IND,13,256.6,0.9,0.8635301990806852,4,false,11,85,147.99,126.7,41.7,blend,,12.0,false,,,,0.0,0.0,0.0,10,true,false,,0.65,,,""
Hunter Henry,3214,TE,NEP,11,119.9,0.3,-40.33777440379227,3,false,12,86,164.67,127.2,41.2,blend,,14.3,false,,,,0.369,0.166,1.46,10,true,false,,0.65,,,""
Travis Kelce,1466,TE,KCC,5,119.8,0.3,-40.39433230611422,3,false,13,87,98.53,94.1,7.1,blend,,15.0,false,,,,0.427,0.182,1.44,9,true,false,,0.65,,,""
Jameson Williams,8148,WR,DET,6,147.0,0.1,-13.151537706824286,1,false,23,88,54.74,65.9,-22.1,blend,,13.7,false,,,,0.503,0.173,1.9,5,true,false,,0.65,Amon-Ra St. Brown,0.35,low
Bucky Irving,11584,RB,TBB,10,160.2,0.0,0.0,5,false,24,89,58.68,55.4,-33.6,blend,,12.5,false,,,,0.146,0.137,1.09,7,true,false,,0.55,,,""
DK Metcalf,5846,WR,PIT,9,147.0,0.0,-13.231385947432784,1,false,24,90,78.91,86.2,-3.8,blend,compromised,14.3,false,,,,0.596,0.21,1.8,8,true,false,,0.65,,,""
Jake Bates,11539,K,DET,6,136.5,0.0,0.0,1,false,10,91,221.13,142.5,51.5,market_implied,,16.0,false,,,,,,,,,false,,0.0,,,""
Los Angeles Chargers,LAC,DEF,LAC,7,117.0,0.0,0.0,1,false,10,92,193.51,143.0,51.0,market_implied,,16.0,false,,,,,,,,,false,,0.0,,,""
Christian Watson,8167,WR,GBP,11,147.0,-0.0,-13.237830625324023,1,false,25,93,57.65,68.0,-25.0,blend,,12.0,false,,,,0.548,0.236,2.62,4,true,false,,0.55,,,""
Sam LaPorta,10859,TE,DET,6,119.5,-0.0,-40.69220802378169,3,false,14,94,85.85,63.1,-30.9,blend,compromised,13.0,false,,,,0.399,0.16,1.59,3,true,false,,0.55,,,""
Dak Prescott,3294,QB,DAL,14,255.2,-0.6,-0.5668227772054877,4,false,12,95,78.25,73.9,-21.1,blend,,13.0,false,,,,0.0,0.0,0.0,10,true,false,,0.65,,,""
Andy Borregales,12713,K,NEP,11,135.0,-1.5,-1.5,1,false,11,96,223.39,186.6,90.6,market_implied,,16.0,false,,,,,,,,,false,,0.0,,,""
Courtland Sutton,5045,WR,DEN,10,145.3,-1.7,-14.914669275848041,1,false,26,97,83.3,105.2,8.2,blend,,15.3,false,,,,0.557,0.203,1.66,8,true,false,,0.65,Jaylen Waddle,0.31,low
Baltimore Ravens,BAL,DEF,BAL,13,115.0,-2.0,-2.0,1,false,11,98,198.22,166.6,68.6,market_implied,,16.0,false,,,,,,,,,false,,0.0,,,""
Justin Herbert,6797,QB,LAC,7,253.5,-2.2,-2.2007881111850907,4,false,13,99,71.63,70.1,-28.9,blend,,14.3,false,,,,0.0,0.0,0.0,7,true,false,,0.65,,,""
Terry McLaurin,5927,WR,WAS,7,144.7,-2.2,-15.475972657949,1,false,27,100,47.16,54.1,-45.9,blend,,13.7,false,,,,0.608,0.239,2.32,3,true,false,,0.55,,,""
Jacoby Brissett,3257,QB,ARI,14,253.0,-2.7,-2.7355685649341126,4,false,14,101,194.36,,,blend,,12.0,false,,,,0.0,0.0,0.0,5,true,false,,0.65,,,""
Chase McLaughlin,6650,K,TBB,10,133.5,-3.0,-3.0,1,false,12,102,227.08,145.5,43.5,market_implied,,16.0,false,,,,,,,,,false,,0.0,,,""
Ladd McConkey,11635,WR,LAC,7,143.9,-3.1,-16.335421266987794,1,false,28,103,34.85,44.8,-58.2,blend,compromised,15.0,false,,,,0.499,0.201,1.49,6,true,false,,0.65,,,""
Dalton Schultz,5001,TE,HOU,8,116.0,-3.5,-44.208984673542176,3,false,15,104,163.71,126.6,22.6,blend,,15.3,false,,,,0.393,0.213,1.56,7,true,false,,0.65,,,""
Caleb Williams,11560,QB,CHI,10,252.1,-3.6,-3.610824597041386,4,false,15,105,67.1,67.0,-38.0,blend,,16.0,false,,,,0.005,0.003,0.03,8,true,false,,0.65,,,""
Green Bay Packers,GB,DEF,GBP,11,113.0,-4.0,-4.0,1,false,12,106,204.15,,,market_implied,,16.0,false,,,,,,,,,false,,0.0,,,""
Juwan Johnson,7002,TE,NOS,8,115.5,-4.0,-44.702184410001564,3,false,16,107,134.2,124.9,17.9,blend,,14.0,false,,,,0.374,0.19,1.66,1,true,false,,0.65,,,""
Baker Mayfield,4892,QB,TBB,10,251.7,-4.0,-4.039636974586074,4,false,16,108,118.39,125.4,17.4,blend,,16.0,false,,,,0.0,0.0,0.0,1,true,false,,0.65,,,""
Bhayshul Tuten,12490,RB,JAC,7,156.0,-4.2,-4.190942867673698,5,false,25,109,67.19,62.6,-46.4,override,,14.0,false,,,,0.046,0.108,0.61,10,true,false,,0.65,,,""
Harrison Mevis,12015,K,LAR,11,132.0,-4.5,-4.5,1,false,13,110,227.34,132.4,22.4,market_implied,,16.0,false,,,,,,,,,false,,0.0,,,""
Lamar Jackson,4881,QB,BAL,13,250.9,-4.8,-4.787215344234028,4,false,17,111,32.06,38.2,-72.8,blend,,14.3,false,,,,0.0,0.0,0.0,5,true,false,,0.65,,,""
David Montgomery,5892,RB,HOU,8,155.0,-5.2,-5.1876268360953475,5,false,26,112,61.35,53.5,-58.5,blend,,14.0,false,,,,0.083,0.12,0.79,25,true,false,,0.4,,,""
RJ Harvey,12489,RB,DEN,10,154.8,-5.4,-5.408192953788387,5,false,27,113,97.46,107.4,-5.6,blend,,16.0,false,,,,0.146,0.192,1.18,21,true,true,RB receiving profile,0.65,,,""
Quentin Johnston,9754,WR,LAC,7,141.4,-5.6,-18.82177399959025,1,false,29,114,95.75,111.0,-3.0,blend,,14.0,false,,,,0.496,0.184,1.61,7,true,false,,0.65,Ladd McConkey,0.32,low
Parker Washington,9487,WR,JAC,7,141.1,-5.9,-19.101471070773755,1,false,30,115,63.29,78.8,-36.2,blend,,12.0,false,,,,0.469,0.235,2.1,7,true,false,,0.65,,,""
Brandon McManus,1433,K,FA,,130.5,-6.0,-6.0,1,true,14,116,229.8,,,market_implied,,16.0,false,,,,,,,,,false,,0.0,,,""
Kansas City Chiefs,KC,DEF,KCC,5,111.0,-6.0,-6.0,1,false,13,117,209.54,,,market_implied,,16.0,false,,,,,,,,,false,,0.0,,,""
Kenny Gainwell,7567,RB,TBB,10,154.0,-6.2,-6.179371431278071,5,false,28,118,100.1,119.5,1.5,blend,,15.3,false,Bucky Irving,12.5,,0.234,0.27,1.55,22,true,true,contingent volume,0.4,Bucky Irving,0.6,moderate
Mike Evans,2216,WR,SFO,8,140.5,-6.5,-19.710177422774706,1,false,31,119,56.16,69.1,-49.9,blend,,12.0,false,,,,0.609,0.287,1.7,5,true,false,,0.4,,,""
Michael Wilson,10232,WR,ARI,14,139.4,-7.5,-20.770163816679258,1,false,32,120,88.37,101.5,-18.5,blend,,14.3,false,,,,0.507,0.196,1.56,5,true,false,,0.65,,,""
Wan'Dale Robinson,8126,WR,TEN,9,139.3,-7.7,-20.89513380363229,1,false,33,121,85.58,130.4,9.4,blend,,15.0,false,,,,0.653,0.248,1.79,6,true,false,,0.4,,,""
Mark Andrews,5012,TE,BAL,13,111.8,-7.7,-48.40334667541248,3,false,17,122,131.7,113.0,-9.0,blend,,13.7,false,,,,0.37,0.211,1.27,12,true,false,,0.65,,,""
Alec Pierce,8142,WR,IND,13,139.0,-8.0,-21.204135228470506,1,false,34,123,100.32,96.2,-26.8,blend,compromised,15.0,false,,,,0.548,0.173,2.06,4,true,false,,0.65,,,""
Cleveland Browns,CLE,DEF,CLE,11,109.0,-8.0,-8.0,1,false,14,124,219.26,164.4,40.4,market_implied,,16.0,false,,,,,,,,,false,,0.0,,,""
Joe Burrow,6770,QB,CIN,6,247.6,-8.2,-8.15057656621093,4,false,18,125,45.81,50.1,-74.9,blend,,12.0,false,,,,0.0,0.0,0.0,1,true,false,,0.55,,,""
Jadarian Price,13286,RB,SEA,11,151.3,-8.9,-8.857378704732866,5,false,29,126,73.22,65.3,-60.7,market_implied,,16.0,true,,,,,,,,,true,rookie w/ market-backed capital,0.0,,,""
Jordan Love,6804,QB,GBP,11,246.2,-9.5,-9.487436735625948,4,false,19,127,118.95,123.0,-4.0,blend,,14.7,false,,,,0.0,0.0,0.0,3,true,false,,0.65,,,""
Detroit Lions,DET,DEF,DET,6,107.0,-10.0,-10.0,1,true,15,128,220.32,130.4,2.4,market_implied,,16.0,false,,,,,,,,,false,,0.0,,,""
Tyler Shough,12545,QB,NOS,8,245.6,-10.2,-10.180923917163,4,false,20,129,124.28,129.9,0.9,blend,,12.0,false,,,,0.0,0.0,0.0,11,true,false,,0.55,,,""
Rico Dowdle,7021,RB,PIT,9,149.2,-11.0,-10.967578428796628,5,false,30,130,88.82,87.3,-42.7,blend,,15.3,false,Jaylen Warren,15.0,,0.143,0.144,0.86,15,true,true,contingent volume,0.4,Jaylen Warren,0.75,high
Kyler Murray,5849,QB,MIN,6,244.4,-11.3,-11.295952605313119,4,false,21,131,112.82,112.6,-18.4,blend,,12.0,false,,,,0.0,0.0,0.0,2,true,false,,0.4,,,""
Brenton Strange,9480,TE,JAC,7,107.6,-11.9,-52.559599586227435,3,false,18,132,159.0,129.2,-2.8,blend,,12.0,false,,,,0.32,0.169,1.52,3,true,false,,0.65,,,""
Harrison Butker,4227,K,KCC,5,124.5,-12.0,-12.0,2,true,18,133,242.72,129.1,-3.9,market_implied,,16.0,false,,,,,,,,,false,,0.0,,,""
DJ Moore,4983,WR,BUF,7,134.3,-12.6,-25.870224807008412,1,false,35,134,52.06,60.1,-73.9,blend,,16.0,false,,,,0.381,0.148,1.19,7,true,false,,0.4,,,""
Marvin Harrison Jr.,11628,WR,ARI,14,134.1,-12.8,-26.04264233904405,1,false,36,135,68.6,78.7,-56.3,blend,,13.5,false,,,,0.502,0.185,1.54,6,true,false,,0.65,Michael Wilson,0.31,low
Carnell Tate,13279,WR,TEN,9,132.0,-15.0,-28.233916776189773,1,false,37,136,68.27,81.5,-54.5,market_implied,,16.0,true,,,,,,,,,true,rookie w/ market-backed capital,0.0,Wan'Dale Robinson,0.32,low
Jayden Daniels,11566,QB,WAS,7,240.4,-15.3,-15.327951915451791,4,false,22,137,53.22,54.4,-82.6,blend,,12.0,false,,,,0.0,0.0,0.0,3,true,false,,0.55,,,""
Michael Pittman Jr.,6819,WR,PIT,9,131.6,-15.4,-28.623447028932958,1,false,38,138,80.44,120.6,-17.4,blend,compromised,15.3,false,,,,0.457,0.202,1.43,10,true,false,,0.4,DK Metcalf,0.32,low
Darren Waller,2505,TE,CAR,5,103.0,-16.5,-57.21594349509853,3,false,19,139,267.85,,,blend,,12.0,false,,,,0.421,0.259,2.16,6,true,false,,0.4,,,""
Jakobi Meyers,5947,WR,JAC,7,129.9,-17.0,-30.257744566280337,1,false,39,140,104.5,130.1,-9.9,blend,,14.7,false,,,,0.541,0.21,1.59,7,true,false,,0.65,Parker Washington,0.32,low
Oronde Gadsden II,12493,TE,LAC,7,101.9,-17.6,-58.25871263753514,3,false,20,141,211.73,126.6,-14.4,blend,,14.0,false,,,,0.333,0.175,1.68,5,true,false,,0.65,,,""
C.J. Stroud,9758,QB,HOU,8,238.0,-17.7,-17.697682130737178,4,false,23,142,145.31,124.8,-17.2,blend,,14.3,false,,,,0.0,0.0,0.0,3,true,false,,0.65,,,""
Dallas Cowboys,DAL,DEF,DAL,14,99.0,-18.0,-18.0,2,false,19,143,249.34,140.6,-2.4,market_implied,,16.0,false,,,,,,,,,false,,0.0,,,""
Brian Thomas Jr.,11631,WR,JAC,7,128.9,-18.1,-31.3383680419046,1,false,40,144,80.0,84.6,-59.4,blend,,14.5,false,,,,0.511,0.204,1.59,6,true,false,,0.65,Parker Washington,0.32,low
Isaiah Likely,8131,TE,NYG,8,100.8,-18.7,-59.367025944323004,3,false,21,145,123.13,109.5,-35.5,blend,,12.0,false,,,,0.288,0.14,1.2,2,true,false,,0.4,,,""
Theo Johnson,11597,TE,NYG,8,100.6,-18.9,-59.59980079254156,3,false,22,146,280.76,,,blend,,12.0,false,,,,0.375,0.146,1.04,6,true,false,,0.65,Isaiah Likely,0.35,low
Stefon Diggs,2449,WR,WAS,7,127.9,-19.1,-32.30035251533167,1,false,41,147,96.49,104.2,-42.8,blend,compromised,13.0,false,,,,0.469,0.288,2.86,7,true,false,,0.4,Terry McLaurin,0.31,low
Tony Pollard,5967,RB,TEN,9,140.3,-19.9,-19.868397300349102,5,false,31,148,84.99,86.1,-61.9,blend,,15.7,false,,,,0.114,0.096,0.48,12,true,false,,0.65,,,""
Jonathon Brooks,11583,RB,CAR,5,139.8,-20.4,-20.395842353392112,5,false,32,149,90.84,93.1,-55.9,market_implied,,16.0,true,,,,,,,,,true,rookie w/ market-backed capital,0.0,,,""
AJ Barner,11603,TE,SEA,11,99.1,-20.4,-61.124509159468005,3,false,23,150,208.19,124.8,-25.2,blend,,14.5,false,,,,0.261,0.158,1.2,8,true,false,,0.65,,,""
J.K. Dobbins,6806,RB,DEN,10,139.6,-20.6,-20.62411649165361,5,false,33,151,100.48,95.3,-55.7,blend,,12.0,false,RJ Harvey,16.0,,0.061,0.066,0.17,11,true,true,contingent volume,0.55,RJ Harvey,0.71,moderate
Chig Okonkwo,8210,TE,WAS,7,97.7,-21.8,-62.531624530068996,3,false,24,152,160.38,126.4,-25.6,blend,,15.7,false,,,,0.286,0.183,1.3,3,true,false,,0.4,,,""
Sam Darnold,4943,QB,SEA,11,233.3,-22.4,-22.439753379491634,4,false,24,153,139.95,122.0,-31.0,blend,,13.7,false,,,,0.0,0.0,0.0,4,true,false,,0.65,,,""
Nick Folk,650,K,ATL,11,114.0,-22.5,-22.5,3,false,25,154,253.64,127.8,-26.2,market_implied,,16.0,false,,,,,,,,,false,,0.0,,,""
Colby Parkinson,6865,TE,LAR,11,96.5,-23.0,-63.7179192078826,3,false,25,155,265.87,,,blend,,13.3,false,,,,0.206,0.153,1.11,10,true,false,,0.65,,,""
Jordan Addison,9756,WR,MIN,6,123.9,-23.0,-36.26617496893982,1,false,42,156,105.63,115.7,-40.3,blend,,14.3,false,,,,0.504,0.181,1.4,5,true,false,,0.65,Justin Jefferson,0.33,low
Trey Smack,13545,K,GBP,11,112.5,-24.0,-24.0,3,false,26,157,258.2,129.1,-27.9,market_implied,,16.0,false,,,,,,,,,false,,0.0,,,""
Jake Tonges,8698,TE,SFO,8,95.4,-24.1,-64.79124104985704,3,false,26,158,290.84,,,blend,,12.0,false,,,,0.264,0.195,1.24,5,true,false,,0.55,George Kittle,0.36,low
Cade Otton,8111,TE,TBB,10,94.4,-25.1,-65.77602200897182,3,false,27,159,239.93,,,blend,,14.0,false,,,,0.342,0.135,0.95,3,true,false,,0.65,,,""
T.J. Hockenson,5844,TE,MIN,6,94.0,-25.5,-66.20678608041129,3,false,28,160,190.29,128.3,-31.7,blend,,12.3,false,,,,0.311,0.157,1.04,3,true,false,,0.65,,,""
Malik Willis,8161,QB,MIA,6,229.9,-25.9,-25.851776979596792,4,false,25,161,130.02,124.9,-36.1,blend,,12.0,false,,,,0.0,0.0,0.0,3,true,false,,0.4,,,""
Aaron Jones Sr.,4199,RB,MIN,6,134.3,-25.9,-25.92744361877746,5,false,34,162,115.78,124.2,-37.8,blend,,12.3,false,,,,0.203,0.184,0.89,6,true,true,RB receiving profile,0.65,,,""
Chris Godwin Jr.,4037,WR,TBB,10,120.8,-26.1,-39.37553285501885,1,false,43,163,76.5,96.7,-66.3,blend,,12.0,false,,,,0.379,0.197,1.39,6,true,false,,0.55,Emeka Egbuka,0.32,low
Ricky Pearsall,11638,WR,SF,,120.6,-26.4,-39.59108356056146,1,false,44,164,,,,no_market,,12.0,false,,,,0.492,0.187,1.86,2,true,false,,1.0,,,""
Deebo Samuel Sr.,5872,WR,SFO,8,120.3,-26.6,-39.845944278143094,1,false,45,165,138.51,126.9,-38.1,blend,,14.0,false,,,,0.475,0.239,1.76,10,true,false,,0.4,Mike Evans,0.31,low
Greg Dulcich,8172,TE,MIA,6,92.0,-27.5,-68.14582351250826,3,false,29,166,208.5,131.4,-34.6,blend,,12.0,false,,,,0.296,0.238,2.42,4,true,false,,0.55,,,""
Romeo Doubs,8121,WR,NEP,11,119.1,-27.9,-41.10028717350029,1,false,46,167,127.35,132.0,-35.0,blend,,14.3,false,,,,0.479,0.195,1.66,9,true,false,,0.4,A.J. Brown,0.31,low
Jameis Winston,2306,QB,NYG,8,227.4,-28.3,-28.31190601350943,4,false,26,168,350.73,,,blend,,12.0,false,,,,0.033,0.011,0.36,1,true,false,,0.55,Jaxson Dart,0.28,low
Tyler Bass,7042,K,BUF,7,108.0,-28.5,-28.5,4,false,29,169,278.56,133.7,-35.3,market_implied,,16.0,false,,,,,,,,,false,,0.0,,,""
Bryce Young,9228,QB,CAR,5,227.1,-28.7,-28.67172822363517,4,false,27,170,172.12,121.1,-48.9,blend,,14.3,false,,,,0.0,0.0,0.0,5,true,false,,0.65,,,""
Kyle Monangai,12534,RB,CHI,10,131.3,-28.8,-28.84969893662702,5,false,35,171,116.95,107.9,-63.1,blend,compromised,16.0,false,D'Andre Swift,15.333333333333334,,0.086,0.107,0.58,22,true,true,contingent volume,0.65,D'Andre Swift,0.73,moderate
Jauan Jennings,7049,WR,MIN,6,117.7,-29.3,-42.5401324267842,1,false,48,172,166.54,126.0,-46.0,blend,,13.0,false,,,,0.478,0.192,1.37,11,true,false,,0.4,Justin Jefferson,0.33,low
Aaron Rodgers,96,QB,PIT,9,225.8,-30.0,-29.954261174122394,4,false,28,173,216.72,116.1,-56.9,blend,,15.5,false,,,,0.001,0.002,-0.02,2,true,false,,0.65,,,""
Jayden Reed,10222,WR,GBP,11,117.0,-30.0,-43.1909428676737,1,false,49,174,104.21,117.4,-56.6,override,,12.0,false,,,,0.344,0.233,2.2,0,true,false,,0.55,Christian Watson,0.31,low
Pat Freiermuth,7600,TE,PIT,9,89.5,-30.0,-70.70607257345875,3,false,31,175,238.46,124.0,-51.0,blend,,13.3,false,,,,0.257,0.17,1.53,4,true,false,,0.65,,,""
Woody Marks,12474,RB,HOU,8,129.9,-30.3,-30.264849963536193,5,false,36,176,137.25,130.7,-45.3,blend,,15.0,false,David Montgomery,14.0,,0.115,0.105,0.61,18,true,true,contingent volume,0.65,David Montgomery,0.74,moderate
Kenyon Sadiq,13330,TE,NYJ,13,89.1,-30.4,-71.04101457574473,3,false,32,177,222.64,130.0,-47.0,market_implied,compromised,16.0,true,,,,,,,,,false,,0.0,,,""
Khalil Shakir,8134,WR,BUF,7,115.3,-31.7,-44.88670489058431,1,false,50,178,123.36,130.8,-47.2,blend,compromised,14.7,false,,,,0.377,0.269,2.03,6,true,false,,0.65,DJ Moore,0.32,low
Makai Lemon,13294,WR,PHI,10,114.8,-32.2,-45.40919689529673,1,false,51,179,109.7,115.8,-63.2,market_implied,,16.0,true,,,,,,,,,true,rookie w/ market-backed capital,0.0,DeVonta Smith,0.31,low
Tre Tucker,10213,WR,LVR,13,114.6,-32.3,-45.55598415743789,1,false,52,180,162.97,129.7,-50.3,blend,,14.7,false,,,,0.469,0.153,1.16,5,true,false,,0.65,,,""
David Njoku,4033,TE,LAC,7,86.7,-32.8,-73.52027322788229,3,false,34,181,250.34,123.2,-57.8,blend,,12.0,false,,,,0.251,0.15,0.91,3,true,false,,0.4,Oronde Gadsden II,0.36,low
Tyrone Tracy Jr.,11655,RB,NYG,8,127.2,-33.0,-32.96782311207737,5,false,37,182,162.2,130.7,-51.3,blend,,15.0,false,Cam Skattebo,12.0,,0.163,0.151,0.9,7,true,true,contingent volume,0.65,Cam Skattebo,0.66,moderate
Jake Elliott,4195,K,PHI,10,103.5,-33.0,-33.0,5,false,32,183,289.14,127.7,-55.3,market_implied,,16.0,false,,,,,,,,,false,,0.0,,,""
Carson Wentz,3161,QB,MIN,,221.3,-34.5,-34.47057104259616,4,false,29,184,,,,no_market,,12.0,false,,,,0.0,0.0,0.0,1,true,false,,1.0,Kyler Murray,0.26,low
Josh Downs,9500,WR,IND,13,112.4,-34.6,-47.82864974746062,1,false,53,185,87.25,107.5,-77.5,blend,,14.7,false,,,,0.379,0.248,1.59,5,true,false,,0.65,Alec Pierce,0.31,low
KC Concepcion,13298,WR,CLE,11,112.1,-34.8,-48.08111111079202,1,false,54,186,118.1,124.8,-61.2,market_implied,,16.0,true,,,,,,,,,false,,0.0,,,""
Jacory Croskey-Merritt,12533,RB,WAS,7,125.1,-35.1,-35.131572442242344,5,false,38,187,113.67,107.6,-79.4,blend,,16.0,false,,,,0.041,0.055,0.29,21,true,false,,0.65,,,""
Chuba Hubbard,7594,RB,CAR,5,124.7,-35.5,-35.470323964111685,5,false,39,188,98.94,90.2,-97.8,blend,compromised,14.7,false,Jonathon Brooks,16.0,,0.108,0.154,0.88,12,true,true,contingent volume,0.65,Jonathon Brooks,0.55,moderate
Luther Burden III,12519,WR,CHI,10,111.2,-35.8,-48.99572229418993,1,false,55,189,46.99,58.7,-130.3,blend,compromised,14.0,false,,,,0.271,0.254,2.76,0,true,false,,0.65,Rome Odunze,0.32,low
Kimani Vidal,11647,RB,LAC,7,123.3,-36.9,-36.890402246999315,5,false,40,190,201.17,,,blend,,12.0,false,Omarion Hampton,12.0,,0.083,0.073,0.45,14,true,true,contingent volume,0.65,Omarion Hampton,0.67,moderate
Matthew Golden,12501,WR,GBP,11,110.0,-37.0,-50.1909428676737,1,false,56,191,128.79,126.5,-64.5,override,,13.0,false,,,,0.322,0.174,1.43,0,true,false,,0.65,Christian Watson,0.31,low
James Conner,4137,RB,ARI,14,123.1,-37.1,-37.10967178553986,5,false,41,192,211.4,125.1,-66.9,blend,compromised,12.0,false,Jeremiyah Love,16.0,compromised,0.135,0.139,0.59,4,true,true,contingent volume,0.55,Jeremiyah Love,0.55,moderate
Chris Rodriguez Jr.,10219,RB,JAC,7,122.8,-37.4,-37.37928474501717,5,false,42,193,140.02,131.0,-62.0,blend,,12.0,false,Bhayshul Tuten,14.0,,0.022,0.027,0.2,22,true,true,contingent volume,0.4,Bhayshul Tuten,0.62,moderate
Rachaad White,8136,RB,WAS,7,122.6,-37.5,-37.54437214878365,5,false,43,194,111.88,123.8,-70.2,blend,,15.3,false,Jacory Croskey-Merritt,16.0,,0.105,0.13,0.63,11,true,true,contingent volume,0.4,Jacory Croskey-Merritt,0.71,moderate
Tyreek Hill,3321,WR,FA,,109.1,-37.9,-51.10436165201547,1,false,57,195,282.61,129.2,-65.8,blend,,12.0,false,,,,0.688,0.331,3.02,2,true,false,,0.4,,,""
Fernando Mendoza,13269,QB,LVR,13,217.6,-38.1,-38.112095684937685,4,true,30,196,259.46,118.0,-78.0,market_implied,,16.0,true,,,,,,,,,true,rookie w/ market-backed capital,0.0,,,""
Keenan Allen,1479,WR,IND,13,108.7,-38.3,-51.529276133105625,1,false,58,197,193.66,125.5,-71.5,blend,,14.0,false,,,,0.49,0.307,1.96,7,true,false,,0.4,Alec Pierce,0.31,low
Alvin Kamara,4035,RB,NOS,8,121.1,-39.1,-39.122964029063894,5,false,44,198,166.12,125.8,-72.2,blend,compromised,12.0,false,Travis Etienne Jr.,15.333333333333334,,0.18,0.135,0.65,8,true,true,contingent volume,0.55,Travis Etienne Jr.,0.79,high
De'Zhaun Stribling,13417,WR,SFO,8,107.8,-39.1,-52.37300726228804,1,false,59,199,132.96,109.5,-89.5,market_implied,,16.0,true,,,,,,,,,true,rookie w/ market-backed capital,0.0,Mike Evans,0.31,low
Jalen Coker,11646,WR,CAR,5,107.4,-39.5,-52.77503928240742,1,false,60,200,124.68,133.1,-66.9,blend,,12.0,false,,,,0.371,0.167,1.53,4,true,false,,0.55,Tetairoa McMillan,0.32,low
Jerry Jeudy,6783,WR,CLE,11,106.4,-40.6,-53.82727768681548,1,false,61,201,167.97,124.2,-76.8,blend,,15.7,false,,,,0.555,0.185,1.05,3,true,false,,0.65,KC Concepcion,0.3,low
Rashid Shaheed,8676,WR,SEA,11,105.9,-41.1,-54.317222850871815,1,false,62,202,148.75,128.2,-73.8,blend,,12.0,false,,,,0.4,0.25,1.87,2,true,false,,0.65,Jaxon Smith-Njigba,0.32,low
Terrance Ferguson,12487,TE,LAR,11,78.4,-41.1,-81.7992827852091,4,false,40,203,212.67,127.0,-76.0,blend,,12.0,false,,,,0.179,0.119,1.1,3,true,false,,0.55,Colby Parkinson,0.38,low
Xavier Worthy,11624,WR,KCC,5,105.7,-41.2,-54.45573703644051,1,false,64,204,129.35,129.0,-75.0,blend,,14.0,false,,,,0.428,0.172,1.25,2,true,false,,0.65,Rashee Rice,0.34,low
Travis Hunter,12530,WR,JAC,7,105.3,-41.6,-54.862997894869295,1,false,65,205,189.75,125.4,-79.6,blend,,12.0,false,,,,0.387,0.231,1.53,2,true,false,,0.55,Parker Washington,0.32,low
Tyjae Spears,9508,RB,TEN,9,117.6,-42.6,-42.552528317176325,5,false,45,206,139.37,133.0,-73.0,blend,,13.0,false,Tony Pollard,15.666666666666666,,0.15,0.206,1.09,8,true,true,contingent volume,0.65,Tony Pollard,0.64,moderate
Denzel Boston,13346,WR,CLE,11,103.3,-43.7,-56.88684755489999,1,false,66,207,150.61,131.5,-75.5,market_implied,,16.0,true,,,,,,,,,false,,0.0,KC Concepcion,0.3,low
Bam Knight,8122,RB,ARI,14,114.9,-45.3,-45.33759271604015,5,false,46,208,291.97,,,blend,,12.0,false,Jeremiyah Love,16.0,compromised,0.122,0.157,0.81,15,true,true,contingent volume,0.55,Jeremiyah Love,0.55,moderate
Blake Corum,11586,RB,LAR,11,114.1,-46.1,-46.05859048246222,5,false,47,209,112.07,99.8,-109.2,blend,,14.5,false,Kyren Williams,14.0,,0.035,0.071,0.18,16,true,true,contingent volume,0.65,Kyren Williams,0.8,high
Jordan Mason,8408,RB,MIN,6,111.4,-48.8,-48.82506070400571,5,false,48,210,115.68,113.5,-96.5,blend,,12.0,false,Aaron Jones Sr.,12.333333333333334,,0.042,0.064,0.2,9,true,true,contingent volume,0.65,Aaron Jones Sr.,0.6,moderate
Jonah Coleman,13345,RB,DEN,10,110.7,-49.5,-49.45516202008599,5,false,49,211,156.36,129.0,-82.0,market_implied,,16.0,true,RJ Harvey,16.0,,,,,,,true,contingent volume,0.0,RJ Harvey,0.71,moderate
Cam Ward,12522,QB,TEN,9,205.2,-50.5,-50.51671886882997,5,false,41,212,156.55,124.1,-87.9,blend,,16.0,false,,,,0.0,0.0,0.0,8,true,false,,0.65,,,""
Spencer Rattler,11562,QB,NO,,205.0,-50.7,-50.69991722034098,5,true,42,213,,,,no_market,,12.0,false,,,,0.016,0.006,0.0,2,true,false,,1.0,,,""
Calvin Ridley,4981,WR,TEN,9,95.6,-51.3,-64.54299854199134,2,false,73,214,202.32,140.6,-73.4,blend,,12.7,false,,,,0.423,0.222,1.87,1,true,false,,0.55,Wan'Dale Robinson,0.32,low
Mike Washington Jr.,13305,RB,LVR,13,107.7,-52.5,-52.46597756047504,5,false,50,215,165.41,123.0,-92.0,market_implied,,16.0,true,Ashton Jeanty,16.0,compromised,,,,,,true,contingent volume,0.0,Ashton Jeanty,0.7,moderate
Braelon Allen,11576,RB,NYJ,13,106.7,-53.5,-53.48186601649192,5,false,51,216,175.43,128.3,-87.7,blend,,12.0,false,Breece Hall,15.333333333333334,compromised,0.048,,,6,true,true,contingent volume,0.55,Breece Hall,0.65,moderate
Isiah Pacheco,8205,RB,DET,6,106.5,-53.7,-53.66939837162218,5,false,52,217,163.96,125.2,-91.8,blend,compromised,12.0,false,Jahmyr Gibbs,15.333333333333334,,0.098,0.093,0.36,9,true,true,contingent volume,0.4,Jahmyr Gibbs,0.75,high
Cooper Kupp,4039,WR,SEA,11,93.3,-53.7,-66.91092243393378,2,false,76,218,222.96,120.2,-97.8,blend,,12.3,false,,,,0.341,0.175,1.48,5,true,false,,0.65,Jaxon Smith-Njigba,0.32,low
Malik Washington,11610,WR,MIA,6,92.2,-54.7,-67.96950440992252,2,false,78,219,190.64,144.3,-74.7,blend,,13.5,false,,,,0.29,0.204,1.0,8,true,false,,0.65,,,""
Jalen Nailor,8180,WR,LVR,13,91.6,-55.4,-68.58890457625111,2,false,81,220,190.27,128.9,-91.1,blend,,12.0,false,,,,0.295,0.133,1.12,7,true,false,,0.4,Tre Tucker,0.31,low
Jalen McMillan,11618,WR,TBB,10,90.6,-56.4,-69.60619302243285,2,false,85,221,172.6,135.9,-85.1,blend,compromised,12.0,false,,,,0.262,0.18,2.13,0,true,false,,0.55,Emeka Egbuka,0.32,low
MarShawn Lloyd,11581,RB,GBP,11,103.5,-56.7,-56.700033580435445,5,false,54,222,179.03,120.8,-101.2,market_implied,,16.0,true,,,,,,,,,false,,0.0,,,""
Cyrus Allen,13413,WR,KCC,5,89.2,-57.8,-70.99901164855561,2,false,89,223,222.38,148.1,-74.9,market_implied,,16.0,true,,,,,,,,,false,,0.0,Rashee Rice,0.34,low
Ja'Kobi Lane,13293,WR,BAL,13,89.2,-57.8,-71.03807335938316,2,false,90,224,222.62,126.2,-97.8,market_implied,,16.0,true,,,,,,,,,false,,0.0,Zay Flowers,0.32,low
Calvin Austin III,8125,WR,PIT,,88.2,-58.7,-71.96617357756114,2,false,92,225,,,,no_market,,14.0,false,,,,0.375,0.203,1.37,1,true,false,,1.0,DK Metcalf,0.32,low
Jordyn Tyson,13281,WR,NOS,8,88.0,-59.0,-72.1909428676737,2,false,93,226,135.15,98.7,-127.3,override,compromised,16.0,true,,,,,,,,,true,rookie w/ market-backed capital,0.0,Chris Olave,0.31,low
Emmett Johnson,13337,RB,KCC,5,100.4,-59.8,-59.80622676939038,5,false,57,227,189.73,126.1,-100.9,market_implied,,16.0,true,Kenneth Walker III,13.333333333333334,compromised,,,,,,true,contingent volume,0.0,Kenneth Walker III,0.63,moderate
Davis Mills,7585,QB,HOU,,192.8,-62.9,-62.93425287019264,6,true,50,228,,,,no_market,,12.0,false,,,,0.0,0.0,0.0,2,true,false,,1.0,C.J. Stroud,0.26,low
Keaton Mitchell,9511,RB,LAC,7,95.6,-64.6,-64.62906260165883,5,false,61,229,151.49,131.6,-97.4,blend,,12.0,false,Omarion Hampton,12.0,,0.057,0.173,0.91,2,true,true,contingent volume,0.4,Omarion Hampton,0.67,moderate
Tank Bigsby,9225,RB,PHI,10,94.6,-65.6,-65.6222332944847,5,false,64,230,171.53,129.6,-100.4,blend,,12.0,false,Saquon Barkley,14.333333333333334,,0.023,0.05,0.4,9,true,true,contingent volume,0.55,Saquon Barkley,0.77,high
Sterling Shepard,3200,WR,TB,,81.2,-65.7,-78.94190491002311,2,false,105,231,,,,no_market,,12.0,false,,,,0.284,0.177,1.24,3,true,false,,1.0,,,""
Rashod Bateman,7571,WR,BAL,13,79.4,-67.5,-80.76334825045535,2,false,111,232,226.05,138.0,-94.0,blend,,13.7,false,,,,0.301,0.131,0.77,4,true,false,,0.65,Zay Flowers,0.32,low
Isaac TeSlaa,12535,WR,DET,6,77.7,-69.2,-82.48071349298782,2,true,116,233,217.77,124.1,-108.9,blend,,13.0,false,,,,0.17,0.104,0.92,3,true,false,,0.65,Amon-Ra St. Brown,0.35,low
Kaelon Black,13414,RB,SFO,8,88.3,-71.9,-71.88132510954682,5,false,70,234,237.76,130.0,-104.0,market_implied,,16.0,true,Christian McCaffrey,12.0,compromised,,,,,,true,contingent volume,0.0,Christian McCaffrey,0.85,high
Brian Robinson Jr.,8154,RB,ATL,11,87.8,-72.4,-72.35124047312621,5,false,72,235,177.08,118.1,-116.9,blend,,14.0,false,Bijan Robinson,16.0,,0.033,0.107,0.22,5,true,true,contingent volume,0.4,Bijan Robinson,0.72,moderate
Nick Chubb,4988,RB,HOU,,85.5,-74.7,-74.72753452422478,5,false,75,236,,,,no_market,,12.0,false,David Montgomery,14.0,,0.062,0.102,0.34,6,true,true,contingent volume,1.0,David Montgomery,0.74,moderate
Dillon Gabriel,12486,QB,CLE,,180.0,-75.7,-75.69398772652298,7,false,53,237,,,,no_market,,12.0,false,,,,0.0,0.0,0.0,0,true,false,,1.0,,,""
Jaydon Blue,12457,RB,DAL,14,80.6,-79.6,-79.60275008079864,5,false,87,238,226.47,148.7,-89.3,blend,,12.0,false,Javonte Williams,15.333333333333334,,0.007,,,2,true,true,contingent volume,0.55,Javonte Williams,0.8,high
Tyler Allgeier,8132,RB,ARI,14,80.0,-80.2,-80.1909428676737,5,false,88,239,138.72,130.0,-109.0,override,,16.0,false,Jeremiyah Love,16.0,compromised,0.043,0.086,0.52,19,true,true,contingent volume,0.4,Jeremiyah Love,0.55,moderate
Ollie Gordon II,12495,RB,MIA,6,75.1,-85.1,-85.07771076128996,5,true,99,240,248.68,52.0,-188.0,blend,,15.0,false,De'Von Achane,13.666666666666666,,0.023,0.072,0.25,12,true,true,contingent volume,0.65,De'Von Achane,0.67,moderate
Jayden Higgins,12484,WR,HOU,,0.0,-147.0,-160.1909428676737,3,false,176,241,,,,no_market,out,16.0,false,,,,0.309,0.169,1.3,4,true,false,,1.0,Nico Collins,0.33,low
Josh Jacobs,5850,RB,GBP,11,0.0,-160.2,-160.1909428676737,6,false,143,242,46.94,37.2,-204.8,blend,out,14.0,false,,,,0.124,0.142,0.91,32,true,false,,0.65,MarShawn Lloyd,0.55,moderate
Zach Charbonnet,9753,RB,SEA,11,0.0,-160.2,-160.1909428676737,6,false,144,243,154.18,130.3,-112.7,blend,out,15.3,false,,,,0.087,0.094,0.56,33,true,false,,0.65,Jadarian Price,0.55,moderate
