name,pos,adp
Jahmyr Gibbs,RB,1.3
Bijan Robinson,RB,2.0
Ja'Marr Chase,WR,3.5
Puka Nacua,WR,4.9
Christian McCaffrey,RB,5.8
Jonathan Taylor,RB,6.4
Jaxon Smith-Njigba,WR,7.2
Amon-Ra St. Brown,WR,7.9
James Cook III,RB,9.5
CeeDee Lamb,WR,10.9
Saquon Barkley,RB,11.5
Justin Jefferson,WR,13.2
De'Von Achane,RB,15.3
Kenneth Walker III,RB,15.6
Chase Brown,RB,15.9
Ashton Jeanty,RB,17.1
Derrick Henry,RB,17.3
Omarion Hampton,RB,18.3
Drake London,WR,19.9
Josh Allen,QB,20.3
Brock Bowers,TE,21.0
Nico Collins,WR,21.8
George Pickens,WR,22.5
A.J. Brown,WR,24.1
Trey McBride,TE,26.8
Kyren Williams,RB,28.2
DeVonta Smith,WR,29.5
Jeremiyah Love,RB,29.7
Malik Nabers,WR,30.7
Chris Olave,WR,31.6
Tee Higgins,WR,33.5
Javonte Williams,RB,34.1
Breece Hall,RB,34.7
Rashee Rice,WR,35.4
Zay Flowers,WR,35.7
Lamar Jackson,QB,38.5
Colston Loveland,TE,39.3
Jaylen Waddle,WR,40.3
Tetairoa McMillan,WR,41.8
Travis Etienne Jr.,RB,42.3
Cam Skattebo,RB,42.4
Josh Jacobs,RB,43.0
Ladd McConkey,WR,44.8
Emeka Egbuka,WR,45.2
D'Andre Swift,RB,46.0
Tyler Warren,TE,47.2
Drake Maye,QB,47.5
Garrett Wilson,WR,48.4
Joe Burrow,QB,50.1
David Montgomery,RB,53.2
Terry McLaurin,WR,54.1
Quinshon Judkins,RB,54.2
Bucky Irving,RB,54.7
Jayden Daniels,QB,54.9
Davante Adams,WR,56.2
Jalen Hurts,QB,56.8
Luther Burden III,WR,58.2
DJ Moore,WR,59.7
Tucker Kraft,TE,60.5
Bhayshul Tuten,RB,61.6
Sam LaPorta,TE,63.2
Jadarian Price,RB,64.4
Jameson Williams,WR,65.8
TreVeyon Henderson,RB,66.1
Rome Odunze,WR,66.5
Caleb Williams,QB,67.0
Christian Watson,WR,67.8
Mike Evans,WR,69.0
Justin Herbert,QB,70.3
Harold Fannin Jr.,TE,71.0
Kyle Pitts Sr.,TE,72.3
Dak Prescott,QB,73.5
Jaylen Warren,RB,76.4
Rhamondre Stevenson,RB,78.1
Parker Washington,WR,78.2
Marvin Harrison Jr.,WR,78.3
Carnell Tate,WR,81.2
George Kittle,TE,83.6
Trevor Lawrence,QB,83.9
Brian Thomas Jr.,WR,84.2
Tony Pollard,RB,85.8
DK Metcalf,WR,85.9
Brandon Aubrey,K,86.5
Rico Dowdle,RB,86.6
Rams,DEF,87.8
Chuba Hubbard,RB,89.8
Jaxson Dart,QB,91.4
Jonathon Brooks,RB,92.3
Texans,DEF,93.7
Travis Kelce,TE,94.6
J.K. Dobbins,RB,95.0
Alec Pierce,WR,95.6
Chris Godwin Jr.,WR,96.1
Dalton Kincaid,TE,97.9
Brock Purdy,QB,98.4
Bo Nix,QB,99.0
Blake Corum,RB,99.5
Jordyn Tyson,WR,99.5
Matthew Stafford,QB,99.8
Michael Wilson,WR,101.0
Broncos,DEF,101.7
Patrick Mahomes,QB,102.7
Stefon Diggs,WR,104.5
MarShawn Lloyd,RB,104.6
Courtland Sutton,WR,105.4
Dallas Goedert,TE,105.5
Josh Downs,WR,107.1
Jacory Croskey-Merritt,RB,107.3
RJ Harvey,RB,107.8
Kyle Monangai,RB,108.3
Seahawks,DEF,108.3
De'Zhaun Stribling,WR,109.2
Isaiah Likely,TE,109.5
Quentin Johnston,WR,110.1
Kyler Murray,QB,112.5
Jordan Mason,RB,113.1
Mark Andrews,TE,113.2
Jared Goff,QB,113.9
Ricky Pearsall,WR,114.8
Jordan Addison,WR,115.8
Makai Lemon,WR,116.2
Aaron Rodgers,QB,116.5
Jake Ferguson,TE,117.0
Jayden Reed,WR,117.3
Ka'imi Fairbairn,K,118.5
Fernando Mendoza,QB,118.8
Brian Robinson,RB,119.4
Kenny Gainwell,RB,119.6
Cooper Kupp,WR,120.4
Michael Pittman Jr.,WR,120.7
Bryce Young,QB,121.6
Jason Myers,K,122.0
Sam Darnold,QB,122.5
Jordan Love,QB,123.1
Mike Washington Jr.,RB,123.1
Ray Davis,RB,123.3
Cameron Dicker,K,123.4
Eagles,DEF,123.6
Rachaad White,RB,123.8
Aaron Jones Sr.,RB,124.0
KC Concepcion,WR,124.2
David Njoku,TE,124.3
Cam Ward,QB,124.4
Isaac TeSlaa,WR,124.4
Juwan Johnson,TE,124.5
Pat Freiermuth,TE,124.5
Malik Willis,QB,125.1
C.J. Stroud,QB,125.3
AJ Barner,TE,125.4
Isiah Pacheco,RB,125.6
James Conner,RB,125.7
Travis Hunter,WR,125.7
Keenan Allen,WR,125.8
Alvin Kamara,RB,125.9
Baker Mayfield,QB,125.9
Jauan Jennings,WR,126.1
Matthew Golden,WR,126.3
Chig Okonkwo,TE,126.5
Emmett Johnson,RB,126.5
Dalton Schultz,TE,126.6
Oronde Gadsden,TE,126.6
49ers,DEF,126.8
Ja'Kobi Lane,WR,126.8
Bears,DEF,126.9
Daniel Jones,QB,127.1
Terrance Ferguson,TE,127.2
Deebo Samuel Sr.,WR,127.3
Hunter Henry,TE,127.6
Tre Tucker,WR,127.6
Braelon Allen,RB,128.0
Nick Folk,K,128.3
Jake Elliott,K,128.4
Rashid Shaheed,WR,128.4
T.J. Hockenson,TE,128.5
Patriots,DEF,128.7
Giants,DEF,128.8
Xavier Worthy,WR,129.1
Jalen Nailor,WR,129.2
Brenton Strange,TE,129.3
Jonah Coleman,RB,129.3
Tyreek Hill,WR,129.4
Bills,DEF,129.7
Tank Bigsby,RB,129.7
Harrison Butker,K,130.0
Kenyon Sadiq,TE,130.0
Tyler Allgeier,RB,130.0
Tyler Shough,QB,130.0
Cam Little,K,130.1
Jakobi Meyers,WR,130.1
Trey Smack,K,130.1
Zach Charbonnet,RB,130.4
Kaelon Black,RB,130.5
Wan'Dale Robinson,WR,130.7
Woody Marks,RB,130.7
Tyrone Tracy Jr.,RB,130.8
Chris Rodriguez Jr.,RB,130.9
Khalil Shakir,WR,130.9
Vikings,DEF,131.2
Denzel Boston,WR,131.4
Greg Dulcich,TE,131.5
Keaton Mitchell,RB,131.7
Cowboys,DEF,132.0
Romeo Doubs,WR,132.0
Browns,DEF,132.6
Chiefs,DEF,132.6
Harrison Mevis,K,132.6
Tyjae Spears,RB,132.9
Jayden Higgins,WR,133.0
Jalen Coker,WR,133.3
Tyler Bass,K,133.9
Chris Boswell,K,134.2
Steelers,DEF,136.3
Wil Lutz,K,136.3
Packers,DEF,136.6
Lions,DEF,136.7
Jaguars,DEF,137.7
Jake Bates,K,138.0
Ravens,DEF,138.7
Chargers,DEF,139.4
Tyler Loop,K,139.5
Chase McLaughlin,K,139.9
Evan McPherson,K,142.2
Will Reichard,K,142.5
Eddy Pineiro,K,142.7
Andy Borregales,K,143.4
Cairo Santos,K,144.1
