name,pos,yahoo_rank
Jahmyr Gibbs,RB,1
Bijan Robinson,RB,2
Ja'Marr Chase,WR,3
Puka Nacua,WR,4
Jonathan Taylor,RB,5
Christian McCaffrey,RB,6
Amon-Ra St. Brown,WR,7
Jaxon Smith-Njigba,WR,8
James Cook III,RB,9
Saquon Barkley,RB,10
CeeDee Lamb,WR,11
Kenneth Walker III,RB,12
Justin Jefferson,WR,13
Chase Brown,RB,14
De'Von Achane,RB,15
Omarion Hampton,RB,16
Derrick Henry,RB,17
Nico Collins,WR,18
Brock Bowers,TE,19
Drake London,WR,20
Ashton Jeanty,RB,21
George Pickens,WR,22
A.J. Brown,WR,23
Malik Nabers,WR,24
Chris Olave,WR,25
DeVonta Smith,WR,26
Kyren Williams,RB,27
Jeremiyah Love,RB,28
Tee Higgins,WR,29
Breece Hall,RB,30
Trey McBride,TE,31
Josh Allen,QB,32
Zay Flowers,WR,33
Javonte Williams,RB,34
Jaylen Waddle,WR,35
Rashee Rice,WR,36
Colston Loveland,TE,37
Garrett Wilson,WR,38
Tetairoa McMillan,WR,39
Ladd McConkey,WR,40
Travis Etienne Jr.,RB,41
D'Andre Swift,RB,42
Emeka Egbuka,WR,43
Luther Burden III,WR,44
Terry McLaurin,WR,45
Cam Skattebo,RB,46
DJ Moore,WR,47
Tyler Warren,TE,48
Rome Odunze,WR,49
Lamar Jackson,QB,50
Bucky Irving,RB,51
Jameson Williams,WR,52
Christian Watson,WR,53
Bhayshul Tuten,RB,54
Parker Washington,WR,55
Davante Adams,WR,56
David Montgomery,RB,57
Quinshon Judkins,RB,58
Jadarian Price,RB,59
Mike Evans,WR,60
Drake Maye,QB,61
Rhamondre Stevenson,RB,62
Joe Burrow,QB,63
TreVeyon Henderson,RB,64
Jayden Daniels,QB,65
Jalen Hurts,QB,66
Tucker Kraft,TE,67
Marvin Harrison Jr.,WR,68
Jaylen Warren,RB,69
Sam LaPorta,TE,70
Caleb Williams,QB,71
Brian Thomas Jr.,WR,72
Carnell Tate,WR,73
Justin Herbert,QB,74
Jonathon Brooks,RB,75
DK Metcalf,WR,76
Harold Fannin Jr.,TE,77
Dak Prescott,QB,78
Kyle Pitts Sr.,TE,79
Trevor Lawrence,QB,80
Rico Dowdle,RB,81
Tony Pollard,RB,82
Chris Godwin Jr.,WR,83
MarShawn Lloyd,RB,84
J.K. Dobbins,RB,85
Michael Wilson,WR,86
Josh Downs,WR,87
George Kittle,TE,88
Chuba Hubbard,RB,89
Jacory Croskey-Merritt,RB,90
Quentin Johnston,WR,91
Stefon Diggs,WR,92
Blake Corum,RB,93
De'Zhaun Stribling,WR,94
Jordan Addison,WR,95
Jayden Reed,WR,96
Brock Purdy,QB,97
Alec Pierce,WR,98
KC Concepcion,WR,99
Courtland Sutton,WR,100
Matthew Golden,WR,101
Bo Nix,QB,102
Jordan Mason,RB,103
Michael Pittman Jr.,WR,104
Makai Lemon,WR,105
Jaxson Dart,QB,106
Dalton Kincaid,TE,107
Josh Jacobs,RB,108
Kyle Monangai,RB,109
RJ Harvey,RB,110
Chris Rodriguez Jr.,RB,111
Wan'Dale Robinson,WR,112
Matthew Stafford,QB,113
Kenny Gainwell,RB,114
Kyler Murray,QB,115
Rachaad White,RB,116
Jalen Coker,WR,117
Jared Goff,QB,118
Dallas Goedert,TE,119
Patrick Mahomes,QB,120
Travis Kelce,TE,121
Jordan Love,QB,122
Isaiah Likely,TE,123
Romeo Doubs,WR,124
Aaron Jones Sr.,RB,125
Jakobi Meyers,WR,126
Keaton Mitchell,RB,127
Mike Washington Jr.,RB,128
Jordyn Tyson,WR,129
Xavier Worthy,WR,130
Woody Marks,RB,131
Malik Willis,QB,132
Rashid Shaheed,WR,133
Mark Andrews,TE,134
Baker Mayfield,QB,135
Tyler Allgeier,RB,136
Tank Bigsby,RB,137
Tyler Shough,QB,138
Tyjae Spears,RB,139
Khalil Shakir,WR,140
Juwan Johnson,TE,141
Jonah Coleman,RB,142
Denzel Boston,WR,143
Zach Charbonnet,RB,144
Keenan Allen,WR,145
Jake Ferguson,TE,146
Adonai Mitchell,WR,147
Tre Tucker,WR,148
Dalton Schultz,TE,149
Deebo Samuel Sr.,WR,150
Sam Darnold,QB,151
Ray Davis,RB,152
Jalen McMillan,WR,153
Dontayvion Wicks,WR,154
Texans,DEF,155
Chig Okonkwo,TE,156
Terrance Ferguson,TE,157
Pat Bryant,WR,158
Kaelon Black,RB,159
Brian Robinson,RB,160
Braelon Allen,RB,161
Ryan Flournoy,WR,162
Daniel Jones,QB,163
Hunter Henry,TE,164
C.J. Stroud,QB,165
Brenton Strange,TE,166
Emmett Johnson,RB,167
Brandon Aubrey,K,168
Rams,DEF,169
Caleb Douglas,WR,170
Kayshon Boutte,WR,171
Ja'Kobi Lane,WR,172
Cyrus Allen,WR,173
Travis Hunter,WR,174
Broncos,DEF,175
Seahawks,DEF,176
Jalen Nailor,WR,177
Isiah Pacheco,RB,178
Cam Ward,QB,179
Dylan Sampson,RB,180
Ka'imi Fairbairn,K,181
AJ Barner,TE,182
Bryce Young,QB,183
Alvin Kamara,RB,184
Eagles,DEF,185
Tre' Harris,WR,186
Cameron Dicker,K,187
Jason Myers,K,188
Vikings,DEF,189
Jaylin Noel,WR,190
Greg Dulcich,TE,191
Devaughn Vele,WR,192
Cam Little,K,193
Jerry Jeudy,WR,194
Kenyon Sadiq,TE,195
Jaguars,DEF,196
Patriots,DEF,197
Najee Harris,RB,198
Steelers,DEF,199
Omar Cooper Jr.,WR,200
Tyler Loop,K,201
Demond Claiborne,RB,202
Ravens,DEF,203
Kaytron Allen,RB,204
Nicholas Singleton,RB,205
Chris Bell,WR,206
Will Reichard,K,207
Jacoby Brissett,QB,208
Malik Washington,WR,209
Kaleb Johnson,RB,210
Malik Davis,RB,211
T.J. Hockenson,TE,212
Zachariah Branch,WR,213
Jauan Jennings,WR,214
Cairo Santos,K,215
Oronde Gadsden,TE,216
Eddy Pineiro,K,217
Gunnar Helm,TE,218
Evan McPherson,K,219
George Holani,RB,220
Tyrone Tracy Jr.,RB,221
Rashod Bateman,WR,222
Cowboys,DEF,223
Malachi Fields,WR,224
Wil Lutz,K,225
Kendre Miller,RB,226
Kimani Vidal,RB,227
Chargers,DEF,228
James Conner,RB,229
Tyquan Thornton,WR,230
Jake Bates,K,231
Jahan Dotson,WR,232
Lions,DEF,233
Jack Bech,WR,234
Cooper Kupp,WR,235
Antonio Williams,WR,236
Packers,DEF,237
Chiefs,DEF,238
Seth McGowan,RB,239
Fernando Mendoza,QB,240
Ted Hurst III,WR,241
Bills,DEF,242
Sean Tucker,RB,243
Jordan James,RB,244
Colby Parkinson,TE,245
Samaje Perine,RB,246
Darren Waller,TE,247
Geno Smith,QB,248
Aaron Rodgers,QB,249
Jaydon Blue,RB,250
Michael Penix Jr.,QB,251
Tank Dell,WR,252
Harrison Mevis,K,253
Calvin Ridley,WR,254
Justice Hill,RB,255
Adam Randall,RB,256
Bengals,DEF,257
Charlie Kolar,TE,258
49ers,DEF,259
Isaac TeSlaa,WR,260
Darnell Mooney,WR,261
Cade Otton,TE,262
Trey Smack,K,263
Germie Bernard,WR,264
Chase McLaughlin,K,265
Giants,DEF,266
Xavier Legette,WR,267
Chris Boswell,K,268
Buccaneers,DEF,269
Keon Coleman,WR,270
Jaylen Wright,RB,271
Colts,DEF,272
Eli Raridon,TE,273
Darius Slayton,WR,274
Harrison Butker,K,275
Devin Singletary,RB,276
Emanuel Wilson,RB,277
Treylon Burks,WR,278
Chris Brooks,RB,279
Ollie Gordon II,RB,280
Isaiah Davis,RB,281
Pat Freiermuth,TE,282
Tahj Brooks,RB,283
DJ Giddens,RB,284
Charlie Smyth,K,285
Andy Borregales,K,286
Evan Engram,TE,287
Bryce Lance,WR,288
Saints,DEF,289
Bears,DEF,290
Falcons,DEF,291
Joshua Palmer,WR,292
DeMario Douglas,WR,293
Xavier Hutchinson,WR,294
Tua Tagovailoa,QB,295
Malik Benson,WR,296
Jarquez Hunter,RB,297
Troy Franklin,WR,298
Tory Horton,WR,299
Browns,DEF,300
Jake Tonges,TE,301
Michael Mayer,TE,302
Elijah Sarratt,WR,303
Titans,DEF,304
Shedeur Sanders,QB,305
Deshaun Watson,QB,306
David Njoku,TE,307
Marlin Klein,TE,308
Kirk Cousins,QB,309
Skyler Bell,WR,310
Brenen Thompson,WR,311
Darnell Washington,TE,312
Eli Stowers,TE,313
Elijah Arroyo,TE,314
Mason Taylor,TE,315
Mike Gesicki,TE,316
Erick All Jr.,TE,317
Ashton Dulin,WR,318
Carson Beck,QB,319
Andrei Iosivas,WR,320
Devin Neal,RB,321
Oscar Delp,TE,322
Chimere Dike,WR,323
Luke McCaffrey,WR,324
Elic Ayomanor,WR,325
Roschon Johnson,RB,326
Trey Benson,RB,327
Trevor Etienne,RB,328
Raheim Sanders,RB,329
LeQuint Allen Jr.,RB,330
Theo Johnson,TE,331
Christian Kirk,WR,332
Sione Vaki,RB,333
Phil Mafah,RB,334
Jawhar Jordan,RB,335
Emari Demercado,RB,336
Marvin Mims Jr.,WR,337
Isaiah Bond,WR,338
Ty Johnson,RB,339
Colbie Young,WR,340
Brandon Aiyuk,WR,341
CJ Daniels,WR,342
Kyle Williams,WR,343
Kendrick Bourne,WR,344
Savion Williams,WR,345
Zavion Thomas,WR,346
Jake Elliott,K,347
Roman Wilson,WR,348
Hollywood Brown,WR,349
Brashard Smith,RB,350
Mack Hollins,WR,351
Tyler Goodson,RB,352
Tyreek Hill,WR,354
Zach Ertz,TE,355
Spencer Shrader,K,356
Kareem Hunt,RB,357
Justin Fields,QB,358
Zane Gonzalez,K,359
Ricky Pearsall,WR,360
Tyler Higbee,TE,361
Jake Moody,K,362
Jonnu Smith,TE,363
Dawson Knox,TE,364
Jayden Higgins,WR,366
Carson Wentz,QB,367
Brandon McManus,K,368
Noah Fant,TE,369
Michael Carter,RB,370
Joey Slye,K,371
Taysom Hill,TE,374
Chad Ryland,K,375
Blake Grupe,K,376
Cole Kmet,TE,377
Audric Estime,RB,379
Nick Folk,K,380
Matt Gay,K,385
Calvin Austin III,WR,389
Bam Knight,RB,2056
Josh Oliver,TE,2071
Dolphins,DEF,2073
Austin Hooper,TE,2074
Brock Wright,TE,2075
Joe Mixon,RB,2076
Panthers,DEF,2077
Greg Dortch,WR,2078
Nick Chubb,RB,2079
KaVontae Turpin,WR,2080
Riley Patterson,K,2081
Matt Prater,K,2082
Joe Flacco,QB,2083
Sterling Shepard,WR,2084
Joshua Karty,K,2085
Olamide Zaccheaus,WR,2086
Kevin Austin Jr.,WR,2087
Cedric Tillman,WR,2088
Miles Sanders,RB,2089
Tanner Hudson,TE,2090
J.J. McCarthy,QB,2091
Ja'Tavion Sanders,TE,2092
Devontez Walker,WR,2093
Tez Johnson,WR,2094
Daniel Bellinger,TE,2095
Hunter Renfrow,WR,2096
Tommy Tremble,TE,2097
Gabe Davis,WR,2098
John Metchie III,WR,2099
Cardinals,DEF,2100
Hunter Long,TE,2101
Jalen Tolbert,WR,2102
Jackson Hawes,TE,2103
Commanders,DEF,2104
Mac Jones,QB,2105
Adam Trautman,TE,2106
DeAndre Hopkins,WR,2107
Tyler Conklin,TE,2108
Daniel Carlson,K,2109
Demarcus Robinson,WR,2110
Raiders,DEF,2111
Lil'Jordan Humphrey,WR,2112
Noah Gray,TE,2113
Van Jefferson,WR,2114
Mitchell Evans,TE,2115
Jahdae Walker,WR,2116
Davis Allen,TE,2117
Ben Sinnott,TE,2118
Kalif Raymond,WR,2119
Tyler Johnson,WR,2120
Tim Patrick,WR,2121
Elijah Higgins,TE,2122
JuJu Smith-Schuster,WR,2123
Austin Ekeler,RB,2124
Will Dissly,TE,2125
Antonio Gibson,RB,2126
Josh Reynolds,WR,2127
Andre Szmyt,K,2128
Younghoe Koo,K,2129
Tutu Atwell,WR,2130
Tyler Lockett,WR,2131
Ryan Fitzgerald,K,2132
Luke Musgrave,TE,2133
Nick Vannett,TE,2134
Spencer Rattler,QB,2135
Alexander Mattison,RB,2136
Tyrell Shavers,WR,2137
Brandin Cooks,WR,2138
Mitch Tinsley,WR,2139
Noah Brown,WR,2140
Marquez Valdes-Scantling,WR,2141
Bub Means,WR,2142
Dyami Brown,WR,2143
CJ Dippre,TE,2144
Carsen Ryan,TE,2145
RJ Maryland,TE,2146
Carson Towt,TE,2147
Evan Svoboda,TE,2148
Thomas Fidone II,TE,2149
Chris Myarick,TE,2150
Albert Okwuegbunam Jr.,TE,2151
Bauer Sharp,TE,2152
Lance Mason,TE,2153
Marcedes Lewis,TE,2154
DJ Rogers,TE,2155
Josh Cuevas,TE,2156
Messiah Swinson,TE,2157
Tanner Arkin,TE,2158
Johnny Pascuzzi,TE,2159
Connor Hulstein,TE,2160
Chamon Metayer,TE,2161
Devin Culp,TE,2162
Sal Cannella,TE,2163
Ademola Faleye,TE,2164
Justin Joly,TE,2165
Treyton Welch,TE,2166
Mitch Van Vooren,TE,2167
Jared Wiley,TE,2168
Tre Watson,TE,2169
Robert Tonyan,TE,2170
Nikola Kalinic,TE,2171
Sam Roush,TE,2172
Eni Falayi,TE,2173
Patrick Gurd,TE,2174
E.J. Jenkins,TE,2175
Matt Hibner,TE,2176
Bryson Nesbit,TE,2177
Tanner Koziol,TE,2178
Rivaldo Fairweather,TE,2179
Travis Vokolek,TE,2180
Dallen Bentley,TE,2181
James Mitchell,TE,2182
Nate Boerkircher,TE,2183
Matt Lauter,TE,2184
Tyree Jackson,TE,2185
Michael Trigg,TE,2186
Caden Prieskorn,TE,2187
Khalil Dinkins,TE,2188
Joshua Simon,TE,2189
DeShawn Hanika,TE,2190
Zaire Mitchell-Paden,TE,2191
Joel Wilson,TE,2192
Stone Eby,TE,2193
Brandon Frazier,TE,2194
Baylor Cupp,TE,2195
Hayden Rucci,TE,2196
Luke Lachey,TE,2197
McCallan Castles,TE,2198
Keleki Latu,TE,2199
Nick Kallerup,TE,2200
Tre' McKitty,TE,2201
Nick Muse,TE,2202
Brett Weaver,TE,2203
Max Klare,TE,2204
Kenny Fletcher Jr.,TE,2205
Zack Kuntz,TE,2206
Jaren Kanak,TE,2207
Chase Curtis,TE,2208
Jerand Bradley,TE,2209
Hayden Large,TE,2210
Jake Briningstool,TE,2211
Louis Hansen,TE,2212
Ty Pezza,TE,2213
Miles Kitselman,TE,2214
Marshall Lang,TE,2215
Thomas Gordon,TE,2216
Dan Villari,TE,2217
Drake Dabney,TE,2218
Drew Biber,TE,2219
Josh Kattus,TE,2220
Lake McRee,TE,2221
Patrick Herbert,TE,2222
Jameson Geers,TE,2223
Jack Endries,TE,2224
Shawn Bowman,TE,2225
Zach Horton,TE,2226
Heinrich Haarberg,TE,2227
Layne Pryor,TE,2228
Teagan Quitoriano,TE,2229
Princeton Fant,TE,2230
JJ Galbreath,TE,2231
Quentin Moore,TE,2232
Jeremiah Franklin,TE,2233
John Michael Gyllenborg,TE,2234
Moliki Matavao,TE,2235
Jermaine Terry,TE,2236
Sean McKeon,TE,2237
Jelani Woods,TE,2238
Tanner McLachlan,TE,2239
Rohan Jones,TE,2240
Cody Hardy,TE,2241
Cole Turner,TE,2242
Jack Velling,TE,2243
Lawrence Cager,TE,2244
Gavin Bartholomew,TE,2245
Mark Redman,TE,2246
Ethan Conner,TE,2247
Stephen Carlson,TE,2248
Caleb Lohner,TE,2249
Dae'Quan Wright,TE,2250
Jalin Conyers,TE,2251
Mason Pline,TE,2252
Joe Royer,TE,2253
Will Kacmarek,TE,2254
Seydou Traore,TE,2255
Brevin Jordan,TE,2256
Thomas Yassmin,TE,2257
Bryce Pierre,TE,2258
Ko Kieft,TE,2259
Tyler Moore,TE,2260
Donald Parham Jr.,TE,2261
Shane Zylstra,TE,2262
Qadir Ismail,TE,2263
David Sills V,WR,2264
Marcus Mariota,QB,2265
Jeremy Ruckert,TE,2266
Grant Calcaterra,TE,2267
Kenny Yeboah,TE,2268
Ian Thomas,TE,2269
Isaiah Hodgins,WR,2270
Josh Whyle,TE,2271
Chris Manhertz,TE,2272
Elijah Moore,WR,2273
Mo Alie-Cox,TE,2274
Ben Sims,TE,2275
David Moore,WR,2276
Foster Moreau,TE,2277
Cam Grandy,TE,2278
Jackson Meeks,WR,2279
Justin Shorter,WR,2280
Drew Sample,TE,2281
Zay Jones,WR,2282
Chris Moore,WR,2283
Nate Adkins,TE,2284
Pharaoh Brown,TE,2285
Curtis Samuel,WR,2286
Jaheim Bell,TE,2287
Jaleel McLaughlin,RB,2288
Will Mallory,TE,2289
Cade Stover,TE,2290
Ainias Smith,WR,2291
Jaret Patterson,RB,2292
Ray-Ray McCloud III,WR,2293
Anthony Firkser,TE,2294
Sincere McCormick,RB,2295
Malik Heath,WR,2296
John Bates,TE,2297
Xavier Restrepo,WR,2298
Jeremiah Webb,WR,2299
Vinny Anthony II,WR,2300
Trayvon Rudolph,WR,2301
Courtney Jackson,WR,2302
Montrell Washington,WR,2303
A.T. Perry,WR,2304
Juwann Winfree,WR,2305
Cortez Braham Jr.,WR,2306
Wesley Grimes,WR,2307
Dohnte Meyers,WR,2308
Kevin Coleman Jr.,WR,2309
Shaleak Knotts,WR,2310
Josh Kelly,WR,2311
Squirrel White,WR,2312
Jacob De Jesus,WR,2313
Kendrick Law,WR,2314
Tyren Montgomery,WR,2315
Luke Wysong,WR,2316
Jakobie Keeney-James,WR,2317
Hank Beatty,WR,2318
Trebor Pena,WR,2319
Junior Bergen,WR,2320
Jalen Virgil,WR,2321
Tay Martin,WR,2322
Corey Rucker,WR,2323
Stephen Gosnell,WR,2324
Camden Brown,WR,2325
Kyron Hudson,WR,2326
JP Richardson,WR,2327
Tommy Thomas,WR,2328
Dane Key,WR,2329
Cole Burgess,WR,2330
Tejhaun Palmer,WR,2331
Liam Clifford,WR,2332
Nick DeGennaro,WR,2333
Xavier Guillory,WR,2334
Xavier Johnson,WR,2335
Mekhi Mews,WR,2336
Gary Jennings,WR,2337
Andrew Armstrong,WR,2338
Elijah Cooks,WR,2339
Mac Dalena,WR,2340
Jimmy Holiday,WR,2341
Ja'seem Reed,WR,2342
Brandon Hayes,WR,2343
Trent Taylor,WR,2344
Cornell Powell,WR,2345
Samori Toure,WR,2346
Maurice Alexander,WR,2347
E.J. Williams Jr.,WR,2348
John Rhys Plumlee,WR,2349
Raylen Sharpe,WR,2350
Jeff Caldwell,WR,2351
Jonathan Brady,WR,2352
Nick Nash,WR,2353
Jacoby Jones,WR,2354
Colton Dowell,WR,2355
Jared Wayne,WR,2356
Jalen Moreno-Cropper,WR,2357
Michael Briscoe,WR,2358
Gabriel Benyard,WR,2359
Kolbe Katsis,WR,2360
Mario Williams,WR,2361
Jimmy Kibble,WR,2362
Jaden Bradley,WR,2363
Kyre Duplessis,WR,2364
Michael Wortham,WR,2365
Hal Presley III,WR,2366
Quentin Skinner,WR,2367
Lewis Bond,WR,2368
DT Sheffield,WR,2369
Jalen Royals,WR,2370
Brady Boyd,WR,2371
Malik Turner,WR,2372
Quez Watkins,WR,2373
Max Tomczak,WR,2374
Terrill Davis,WR,2375
Devonte Ross,WR,2376
Caullin Lacy,WR,2377
Dontae Fleming,WR,2378
Chandler Brayboy,WR,2379
Malik Rutherford,WR,2380
Roc Taylor,WR,2381
Daniel Sobkowicz,WR,2382
Mante Morrow,WR,2383
Cameron Dorner,WR,2384
Brennan Presley,WR,2385
Will Sheppard,WR,2386
Sincere Brown,WR,2387
Brandon Johnson,WR,2388
Kisean Johnson,WR,2389
Jeshaun Jones,WR,2390
Joseph Manjack,WR,2391
Aaron Anderson,WR,2392
Kyrese Rowan,WR,2393
Marcus Burke,WR,2394
Tyrone Broden,WR,2395
Octavian Smith Jr.,WR,2396
Eli Pancol,WR,2397
Luke Floriea,WR,2398
Omari Kelly,WR,2399
Coleman Owen,WR,2400
Levi Wentz,WR,2401
Jamaal Pritchett,WR,2402
Barion Brown,WR,2403
Jeff Weimer,WR,2404
Jaden Smith,WR,2405
Kobe Prentice,WR,2406
AJ Henning,WR,2407
D.J. Montgomery,WR,2408
Romello Brinson,WR,2409
Marcus Sanders Jr.,WR,2410
Sahmir Hagans,WR,2411
Isaiah Winstead,WR,2412
Harrison Wallace III,WR,2413
Phillip Dorsett II,WR,2414
Rashad Rochelle,WR,2415
Montorie Foster Jr.,WR,2416
Joshua Cephus,WR,2417
Jalen Walthall,WR,2418
Chris Hilton Jr.,WR,2419
Reggie Virgil,WR,2420
Bryson Green,WR,2421
Damien Alford,WR,2422
Kaden Wetjen,WR,2423
Noah Short,WR,2424
JaQuae Jackson,WR,2425
Treyvhon Saunders,WR,2426
Kendric Pryor,WR,2427
Lawrence Keys,WR,2428
John Jiles,WR,2429
Ricky White III,WR,2430
Matthew Henry,WR,2431
Danny Gray,WR,2432
Malik Cunningham,WR,2433
Joaquin Davis,WR,2434
Juice Wells Jr.,WR,2435
Dalevon Campbell,WR,2436
Tru Edwards,WR,2437
Le'Meke Brockington,WR,2438
Brandon Smith,WR,2439
Jason Brownlee,WR,2440
Isaiah Neyor,WR,2441
Cameron Ross,WR,2442
Dalen Cambre,WR,2443
Donaven McCulley,WR,2444
Cornelius Johnson,WR,2445
Erik Ezukanma,WR,2446
Kyle Dixon,WR,2447
Kole Wilson,WR,2448
J. Michael Sturdivant,WR,2449
Dominic Lovett,WR,2450
Denzel Mims,WR,2451
Deion Burks,WR,2452
Noah Thomas,WR,2453
Chase Roberts,WR,2454
Chris Blair,WR,2455
Kristian Wilkerson,WR,2456
Emmanuel Henderson Jr.,WR,2457
Ja'Mori Maclin,WR,2458
Garrett Greene,WR,2459
Dillon Bell,WR,2460
Quincy Skinner Jr.,WR,2461
Tarik Black,WR,2462
Sean Brown,WR,2463
Eric Rivers Jr.,WR,2464
Brock Rechsteiner,WR,2465
Xavier Loyd,WR,2466
Tahj Washington,WR,2467
Lance McCutcheon,WR,2468
Gee Scott,WR,2469
Dean Patterson IV,WR,2470
Dennis Houston,WR,2471
Omari Evans,WR,2472
E.J. Horton,WR,2473
Shedrick Jackson,WR,2474
Dayton Wade,WR,2475
Traeshon Holden,WR,2476
Malik McClain,WR,2477
Julian Hicks,WR,2478
Keelan Marion,WR,2479
Jordan Watkins,WR,2480
Hakeem Butler,WR,2481
Isaiah Wooden,WR,2482
Anthony Smith,WR,2483
Malick Meiga,WR,2484
Kaden Davis,WR,2485
Luke Grimm,WR,2486
Ben Patterson,WR,2487
Ja'Corey Brooks,WR,2488
Cam Camper,WR,2489
CJ Williams,WR,2490
Jordan Moore,WR,2491
Da'Quan Felton,WR,2492
Brenden Rice,WR,2493
Alex Bullock,WR,2494
Josh Cameron,WR,2495
Jordan Hudson,WR,2496
Kaden Prather,WR,2497
Theo Wease Jr.,WR,2498
Lucky Jackson,WR,2499
Will Pauling,WR,2500
Chris Brazzell II,WR,2501
Justin Watson,WR,2502
Riley Nowakowski,RB,2503
Robbie Ouzts,RB,2504
Jets,DEF,2505
Luke Schoonmaker,TE,2506
Michael Bandy,WR,2507
Jaylin Lane,WR,2508
John FitzPatrick,TE,2509
DJ Turner,WR,2510
Parris Campbell,WR,2511
Jason Sanders,K,2512
Cam Akers,RB,2513
Jeremy McNichols,RB,2514
Julian Hill,TE,2515
Jake Browning,QB,2516
K.J. Osborn,WR,2517
Stone Smartt,TE,2518
Mecole Hardman Jr.,WR,2519
Luke Farrell,TE,2520
Max Hurleman,WR,2521
Nick Westbrook-Ikhine,WR,2522
Johnny Mundt,TE,2523
Ja'Lynn Polk,WR,2524
River Cracraft,WR,2525
Michael Woods II,WR,2526
Casey Washington,WR,2527
Trey Palmer,WR,2528
Tyler Bass,K,2529
Jalen Reagor,WR,2530
Bryce Oliver,WR,2531
Brenden Bates,TE,2532
Patrick Taylor Jr.,RB,2533
Jerome Ford,RB,2534
Jimmy Horn Jr.,WR,2535
Dan Chisena,WR,2536
Tanner Conner,TE,2537
Odell Beckham Jr.,WR,2538
Johnny Wilson,WR,2539
Darius Cooper,WR,2540
Isaiah Williams,WR,2541
Terrace Marshall Jr.,WR,2542
Lucas Scott,RB,2543
Myles Montgomery,RB,2544
Damien Martinez,RB,2545
Dominic Richardson,RB,2546
Desmond Reid,RB,2547
Anthony Tyus III,RB,2548
Alex Tecza,RB,2549
Elijah Tau-Tolliver,RB,2550
Jabari Small,RB,2551
Julius Davis,RB,2552
Damon Bankston,RB,2553
Kadarius Calloway,RB,2554
Al-Jay Henderson,RB,2555
Jacardia Wright,RB,2556
Justin Jones,RB,2557
Cash Jones,RB,2558
Le'Veon Moss,RB,2559
Dean Connors,RB,2560
Brittain Brown,RB,2561
Amar Johnson,RB,2562
Kye Robichaux,RB,2563
Frank Gore Jr.,RB,2564
Eli Heidenreich,RB,2565
Sam Scott,RB,2566
Deion Hankins,RB,2567
Trent Battle,RB,2568
Brock Lampe,RB,2569
Deneric Prince,RB,2570
Salvon Ahmed,RB,2571
Kendall Milton,RB,2572
ShunDerrick Powell,RB,2573
Gary Brightwell,RB,2574
Jaden Nixon,RB,2575
Jaydn Ott,RB,2576
Ian Wheeler,RB,2577
Keaontay Ingram,RB,2578
Trent Howland,RB,2579
Michael Wiley,RB,2580
Gregory Desrosiers,RB,2581
Roydell Williams,RB,2582
Ja'Quinden Jackson,RB,2583
Coleman Bennett,RB,2584
Chip Trayanum,RB,2585
Jordan Nubin,RB,2586
Owen Wright,RB,2587
Ulysses Bentley IV,RB,2588
Jordan Waters,RB,2589
Kalel Mullings,RB,2590
Jordon Vaughn,RB,2591
Lew Nichols,RB,2592
Kentrel Bullock,RB,2593
Tre Stewart,RB,2594
Cody Schrader,RB,2595
TJ Harden,RB,2596
Chase Edmonds,RB,2597
Kevorian Barnes,RB,2598
Ben VanSumeren,RB,2599
Jamal Haynes,RB,2600
Donovan Edwards,RB,2601
Montrell Johnson Jr.,RB,2602
Blake Watson,RB,2603
Davon Booth,RB,2604
Josh Williams,RB,2605
Roman Hemby,RB,2606
Jackson Acker,RB,2607
Grant Finley,RB,2608
Miles Davis,RB,2609
Jermar Jefferson,RB,2610
Max Bredeson,RB,2611
Joshua Pitsenberger,RB,2612
Dontae McMillan,RB,2613
Kejon Owens,RB,2614
Barika Kpeenu,RB,2615
Isaiah Jacobs,RB,2616
Lincoln Pare,RB,2617
Israel Abanikanda,RB,2618
Jashaun Corbin,RB,2619
Dante Miller,RB,2620
Nathan Carter,RB,2621
Robert Henry Jr.,RB,2622
J'Mari Taylor,RB,2623
Jam Miller,RB,2624
Rodney Hammond Jr.,RB,2625
Lan Larison,RB,2626
Terion Stewart,RB,2627
Noah Whittington,RB,2628
Elijah Mitchell,RB,2629
EJ Smith,RB,2630
Anderson Castle,RB,2631
Carlos Washington Jr.,RB,2632
Ahmani Marshall,RB,2633
Anthony Hankerson,RB,2634
CJ Donaldson,RB,2635
Russell Wilson,QB,2636
Tim Jones,WR,2637
Cade York,K,2638
Ronnie Bell,WR,2639
Quintin Morris,TE,2640
Josiah Deguara,TE,2641
Jacob Cowing,WR,2642
Trenton Irwin,WR,2643
Trey Sermon,RB,2644
Ihmir Smith-Marsette,WR,2645
Cody White,WR,2646
Tyler Scott,WR,2647
Tyrod Taylor,QB,2648
Brevyn Spann-Ford,TE,2649
Bryce Ford-Wheaton,WR,2650
Irv Charles,WR,2651
Jordan Mims,RB,2652
Pierre Strong Jr.,RB,2653
Jha'Quan Jackson,WR,2654
Jack Stoll,TE,2655
Dante Pettis,WR,2656
Drew Ogletree,TE,2657
JaMycal Hasty,RB,2658
Efton Chism III,WR,2659
Michael Burton,RB,2660
Charlie Woerner,TE,2661
Ameer Abdullah,RB,2662
Kenny McIntosh,RB,2663
Gunner Olszewski,WR,2664
Ty Chandler,RB,2665
Scotty Miller,WR,2666
Deuce Vaughn,RB,2667
Zavier Scott,RB,2668
Jordan Whittington,WR,2669
Carson Steele,RB,2670
Xavier Smith,WR,2671
Konata Mumpfield,WR,2672
Dont'e Thornton Jr.,WR,2673
Payne Durham,TE,2674
Lucas Krull,TE,2675
Eric Saubert,TE,2676
Brycen Tremayne,WR,2677
Kyle Juszczyk,RB,2678
Davis Mills,QB,2679
David Martin-Robinson,TE,2680
Tip Reiman,TE,2681
Eric Gray,RB,2682
Malachi Corley,WR,2683
Mason Tipton,WR,2684
KeAndre Lambert-Smith,WR,2685
Durham Smythe,TE,2686
Jonathan Ward,RB,2687
Ben Yurosek,TE,2688
Raheem Blackshear,RB,2689
Xavier Weaver,WR,2690
Kylen Granson,TE,2691
Bo Melton,WR,2692
Tucker Fisk,TE,2693
Chris Collier,RB,2694
Kansei Matsuzawa,K,2695
Lenny Krieg,K,2696
Mason Shipley,K,2697
Maddux Trujillo,K,2698
Lucas Havrisik,K,2699
Laith Marjan,K,2700
Will Ferrin,K,2701
Ethan Sanchez,K,2702
Ben Sauls,K,2703
Paul Geelen,K,2704
Dominic Zvada,K,2705
Chris Freeman,K,2706
Drew Stevens,K,2707
Luke Drzewiecki,K,2708
Gabriel Plascencia,K,2709
Tanner Brown,K,2710
B.T. Potter,K,2711
Jamari Thrash,WR,2712
Harrison Bryant,TE,2713
Terrell Jennings,RB,2714
Dylan Drummond,WR,2715
Carter Runyon,TE,2716
Ryan Miller,WR,2717
Blake Whiteheart,TE,2718
Raheem Mostert,RB,2719
Tylan Wallace,WR,2720
Austin Trammell,WR,2721
Cameron Latu,TE,2722
Cedrick Wilson Jr.,WR,2723
Tom Kennedy,WR,2724
Corey Kiner,RB,2725
Beaux Collins,WR,2726
Braxton Berrios,WR,2727
James Proche II,WR,2728
Arian Smith,WR,2729
Skyy Moore,WR,2730
Colson Yankoff,TE,2731
Gage Larvadain,WR,2732
Jalen Brooks,WR,2733
Andrew Beck,RB,2734
Tyler Huntley,QB,2735
Anthony Richardson Sr.,QB,2736
Feleipe Franks,TE,2737
Hunter Luepke,RB,2738
Tyler Badie,RB,2739
Andre Baccellia,WR,2740
Jake Bobo,WR,2741
Jalin Hyatt,WR,2742
Brayden Willis,TE,2743
Tai Felton,WR,2744
Ben Skowronek,WR,2745
Scott Matlock,RB,2746
Mason Kinsey,WR,2747
Zamir White,RB,2748
Connor Heyward,RB,2749
Trent Sherfield,WR,2750
KhaDarel Hodge,WR,2751
Jonathan Mingo,WR,2752
Quinn Ewers,QB,2753
Kameron Johnson,WR,2754
AJ Dillon,RB,2755
Deven Thompkins,WR,2756
Velus Jones Jr.,WR,2757
Jack Westover,RB,2758
Dee Eskridge,WR,2759
Britain Covey,WR,2760
Dare Ogunbowale,RB,2761
Laquon Treadwell,WR,2762
Ke'Shawn Williams,WR,2763
Kene Nwangwu,RB,2764
Dareke Young,WR,2765
LaJohntay Wester,WR,2766
Jameis Winston,QB,2767
Evan Hull,RB,2768
British Brooks,RB,2769
Trayveon Williams,RB,2770
Charlie Jones,WR,2771
Derius Davis,WR,2772
Simi Fehoko,WR,2773
Nikko Remigio,WR,2774
Dameon Pierce,RB,2775
Khalil Herbert,RB,2776
Devin Duvernay,WR,2777
Alec Ingold,RB,2778
Myles Price,WR,2779
Alex Bachman,WR,2780
Drew Lock,QB,2781
Anthony Gould,WR,2782
Rasheen Ali,RB,2783
DeAndre Carter,WR,2784
Will Levis,QB,2785
Isaac Guerendo,RB,2786
Aidan O'Connell,QB,2787
Ronnie Rivers,RB,2788
Hassan Haskins,RB,2789
Brady Russell,RB,2790
Will Shipley,RB,2791
D'Ernest Johnson,RB,2792
Xavier Gipson,WR,2793
Jacob Saylors,RB,2794
Adam Prentice,RB,2795
Patrick Ricard,RB,2796
DeeJay Dallas,RB,2797
Craig Reynolds,RB,2798
Dillon Gabriel,QB,2799
Hunter Dekkers,QB,2800
Brett Rypien,QB,2801
Sam Hartman,QB,2802
Taylen Green,QB,2803
Matthew Caldwell,QB,2804
Austin Reed,QB,2805
Adrian Martinez,QB,2806
Kedon Slovis,QB,2807
Jeff Driskel,QB,2808
Jake Retzlaff,QB,2809
Kyle McCord,QB,2810
Will Howard,QB,2811
Athan Kaliakmanis,QB,2812
Cole Payton,QB,2813
Stetson Bennett IV,QB,2814
Kyle Allen,QB,2815
John Wolford,QB,2816
Drew Allar,QB,2817
Miller Moss,QB,2818
Carter Bradley,QB,2819
Mark Gronowski,QB,2820
Chandler Morris,QB,2821
Garrett Nussmeier,QB,2822
Tommy DeVito,QB,2823
Shane Buechele,QB,2824
Joe Fagnano,QB,2825
Ken Seals,QB,2826
Ty Simpson,QB,2827
Jacob Clark,QB,2828
Kurtis Rourke,QB,2829
Case Keenum,QB,2830
Cade Klubnik,QB,2831
Sam Howell,QB,2832
Joey Aguilar,QB,2833
Haynes King,QB,2834
DJ Uiagalelei,QB,2835
Jack Strand,QB,2836
Trevor Siemian,QB,2837
Bailey Zappe,QB,2838
Will Grier,QB,2839
Hendon Hooker,QB,2840
Easton Stick,QB,2841
Graham Mertz,QB,2842
Luke Altmyer,QB,2843
Teddy Bridgewater,QB,2844
Chris Oladokun,QB,2845
Sam Ehlinger,QB,2846
Sean Clifford,QB,2847
Brandon Allen,QB,2848
Kyle Trask,QB,2849
Diego Pavia,QB,2850
Behren Morton,QB,2851
Sawyer Robertson,QB,2852
E.J. Warner,QB,2853
Jarrett Stidham,QB,2854
Skylar Thompson,QB,2855
Cam Miller,QB,2856
Jalon Daniels,QB,2857
Kyron Drones,QB,2858
Nathan Peterman,QB,2859
Seth Henigan,QB,2860
Kaidon Salter,QB,2861
Connor Bazelak,QB,2862
Julius Chestnut,RB,2863
Brady Cook,QB,2864
Reggie Gilliam,RB,2865
Travis Homer,RB,2866
Dylan Laube,RB,2867
Desmond Ridder,QB,2868
Riley Leonard,QB,2869
Mitchell Trubisky,QB,2870
Jake Haener,QB,2871
Josh Johnson,QB,2872
Tyson Bagent,QB,2873
Clayton Tune,QB,2874
Mason Rudolph,QB,2875
Tanner McKee,QB,2876
Andy Dalton,QB,2877
Joe Milton III,QB,2878
Trey Lance,QB,2879
Cooper Rush,QB,2880
Max Brosmer,QB,2881
Kenny Pickett,QB,2882
Gardner Minshew II,QB,2883
Joshua Dobbs,QB,2884
Zach Wilson,QB,2885
Jimmy Garoppolo,QB,2886
Jalen Milroe,QB,2887
Nick Mullens,QB,2888
